unitid,institution_name,sector,state,target_universe_member,complete_institution_years,old_collected_policy_institution,never_collected_policy_institution,old_public_411_diagnostic_member,accepted_before_repair_years,repair_source_ledger_years,newly_accepted_by_repair_years,accepted_after_repair_years,remaining_unresolved_after_repair_years,historical_lead_only_years,true_no_upstream_evidence_years,retrieval_failure_years,source_review_failure_years,provenance_taxonomy_conflict_years,no_materializable_years,candidate_materialization_failure_years,closure_class_counts,institution_closure_class,old_public_411_closure_disposition,accepted_provenance_buckets
100706,UNIVERSITY OF ALABAMA IN HUNTSVILLE,public,AL,True,15,True,False,True,15,0,0,15,0,0,0,0,0,0,0,0,"{""accepted_source_row"": 15}",accepted_source_row,accepted_after_repair,historical_lead; validated_human_legacy
100830,AUBURN UNIVERSITY-MONTGOMERY,public,AL,True,13,True,False,True,13,0,0,13,0,0,0,0,0,0,0,0,"{""accepted_source_row"": 13}",accepted_source_row,accepted_after_repair,prior_programmatic; validated_human_legacy
100937,BIRMINGHAM SOUTHERN COLLEGE,private,AL,True,15,False,True,False,15,0,0,15,0,0,0,0,0,0,0,0,"{""accepted_source_row"": 15}",accepted_source_row,not_old_public_411_member,unknown_or_current_only
101435,HUNTINGDON COLLEGE,private,AL,True,15,True,False,False,15,0,0,15,0,0,0,0,0,0,0,0,"{""accepted_source_row"": 15}",accepted_source_row,not_old_public_411_member,validated_human_legacy
101453,HERITAGE CHRISTIAN UNIVERSITY,private,AL,True,5,False,True,False,5,0,0,5,0,0,0,0,0,0,0,0,"{""accepted_source_row"": 5}",accepted_source_row,not_old_public_411_member,unknown_or_current_only
101541,JUDSON COLLEGE,private,AL,True,13,False,True,False,13,0,0,13,0,0,0,0,0,0,0,0,"{""accepted_source_row"": 13}",accepted_source_row,not_old_public_411_member,unknown_or_current_only
101587,UNIVERSITY OF WEST ALABAMA,public,AL,True,14,True,False,True,14,0,0,14,0,0,0,0,0,0,0,0,"{""accepted_source_row"": 14}",accepted_source_row,accepted_after_repair,historical_lead; validated_human_legacy
101675,MILES COLLEGE,private,AL,True,15,False,True,False,15,0,0,15,0,0,0,0,0,0,0,0,"{""accepted_source_row"": 15}",accepted_source_row,not_old_public_411_member,unknown_or_current_only
101693,UNIVERSITY OF MOBILE,private,AL,True,15,False,True,False,15,0,0,15,0,0,0,0,0,0,0,0,"{""accepted_source_row"": 15}",accepted_source_row,not_old_public_411_member,unknown_or_current_only
101709,UNIVERSITY OF MONTEVALLO,public,AL,True,15,True,False,True,15,0,0,15,0,0,0,0,0,0,0,0,"{""accepted_source_row"": 15}",accepted_source_row,accepted_after_repair,historical_lead; validated_human_legacy
101879,UNIVERSITY OF NORTH ALABAMA,public,AL,True,15,True,False,True,15,0,0,15,0,0,0,0,0,0,0,0,"{""accepted_source_row"": 15}",accepted_source_row,accepted_after_repair,historical_lead; validated_human_legacy
101912,OAKWOOD COLLEGE,private,AL,True,15,True,False,False,15,0,0,15,0,0,0,0,0,0,0,0,"{""accepted_source_row"": 15}",accepted_source_row,not_old_public_411_member,unknown_or_current_only
102058,Selma University,private,AL,True,4,False,True,False,4,0,0,4,0,0,0,0,0,0,0,0,"{""accepted_source_row"": 4}",accepted_source_row,not_old_public_411_member,unknown_or_current_only
102234,SPRING HILL COLLEGE,private,AL,True,15,False,True,False,15,0,0,15,0,0,0,0,0,0,0,0,"{""accepted_source_row"": 15}",accepted_source_row,not_old_public_411_member,historical_lead
102261,SOUTHEASTERN BIBLE COLLEGE,private,AL,True,9,False,True,False,9,0,0,9,0,0,0,0,0,0,0,0,"{""accepted_source_row"": 9}",accepted_source_row,not_old_public_411_member,unknown_or_current_only
102298,TALLADEGA COLLEGE,private,AL,True,14,False,True,False,14,0,0,14,0,0,0,0,0,0,0,0,"{""accepted_source_row"": 14}",accepted_source_row,not_old_public_411_member,unknown_or_current_only
102377,TUSKEGEE UNIVERSITY,private,AL,True,15,False,True,False,15,0,0,15,0,0,0,0,0,0,0,0,"{""accepted_source_row"": 15}",accepted_source_row,not_old_public_411_member,unknown_or_current_only
102553,UNIVERSITY OF ALASKA ANCHORAGE,public,AK,True,14,False,True,False,14,0,0,14,0,0,0,0,0,0,0,0,"{""accepted_source_row"": 14}",accepted_source_row,not_old_public_411_member,historical_lead
102580,Alaska Bible College,private,AK,True,2,False,True,False,2,0,0,2,0,0,0,0,0,0,0,0,"{""accepted_source_row"": 2}",accepted_source_row,not_old_public_411_member,unknown_or_current_only
102614,UNIVERSITY OF ALASKA FAIRBANKS,public,AK,True,14,True,False,True,14,0,0,14,0,0,0,0,0,0,0,0,"{""accepted_source_row"": 14}",accepted_source_row,accepted_after_repair,historical_lead; validated_human_legacy
102632,UNIVERSITY OF ALASKA SOUTHEAST,public,AK,True,14,True,False,True,14,0,0,14,0,0,0,0,0,0,0,0,"{""accepted_source_row"": 14}",accepted_source_row,accepted_after_repair,historical_lead; validated_human_legacy
103787,AMERICAN INDIAN COLL OF THE ASSEMBLIES OF GOD INC,private,AZ,True,4,False,True,False,4,0,0,4,0,0,0,0,0,0,0,0,"{""accepted_source_row"": 4}",accepted_source_row,not_old_public_411_member,unknown_or_current_only
104090,International Institute of the Americas,private,AZ,True,2,False,True,False,2,0,0,2,0,0,0,0,0,0,0,0,"{""accepted_source_row"": 2}",accepted_source_row,not_old_public_411_member,unknown_or_current_only
104179,UNIVERSITY OF ARIZONA,public,AZ,True,15,True,False,True,15,0,0,15,0,0,0,0,0,0,0,0,"{""accepted_source_row"": 15}",accepted_source_row,accepted_after_repair,historical_lead
104586,Embry-Riddle Aeronautical University-Prescott,private,AZ,True,3,False,True,False,3,0,0,3,0,0,0,0,0,0,0,0,"{""accepted_source_row"": 3}",accepted_source_row,not_old_public_411_member,unknown_or_current_only
104717,GRAND CANYON UNIVERSITY,private,AZ,True,2,False,True,False,2,0,0,2,0,0,0,0,0,0,0,0,"{""accepted_source_row"": 2}",accepted_source_row,not_old_public_411_member,unknown_or_current_only
105589,PRESCOTT COLLEGE,private,AZ,True,15,False,True,False,15,0,0,15,0,0,0,0,0,0,0,0,"{""accepted_source_row"": 15}",accepted_source_row,not_old_public_411_member,unknown_or_current_only
106245,UNIVERSITY OF ARKANSAS AT LITTLE ROCK,public,AR,True,15,True,False,True,15,0,0,15,0,0,0,0,0,0,0,0,"{""accepted_source_row"": 15}",accepted_source_row,accepted_after_repair,historical_lead; validated_human_legacy
106342,LYON COLLEGE,private,AR,True,15,False,True,False,15,0,0,15,0,0,0,0,0,0,0,0,"{""accepted_source_row"": 15}",accepted_source_row,not_old_public_411_member,unknown_or_current_only
106397,UNIVERSITY OF ARKANSAS MAIN CAMPUS,public,AR,True,15,True,False,True,15,0,0,15,0,0,0,0,0,0,0,0,"{""accepted_source_row"": 15}",accepted_source_row,accepted_after_repair,historical_lead
106412,UNIVERSITY OF ARKANSAS AT PINE BLUFF,public,AR,True,15,True,False,True,15,0,0,15,0,0,0,0,0,0,0,0,"{""accepted_source_row"": 15}",accepted_source_row,accepted_after_repair,historical_lead
106704,UNIVERSITY OF CENTRAL ARKANSAS,public,AR,True,15,True,False,True,15,0,0,15,0,0,0,0,0,0,0,0,"{""accepted_source_row"": 15}",accepted_source_row,accepted_after_repair,historical_lead
106713,CENTRAL BAPTIST COLLEGE,private,AR,True,15,False,True,False,15,0,0,15,0,0,0,0,0,0,0,0,"{""accepted_source_row"": 15}",accepted_source_row,not_old_public_411_member,unknown_or_current_only
106810,Crowley's Ridge College,private,AR,True,8,False,True,False,8,0,0,8,0,0,0,0,0,0,0,0,"{""accepted_source_row"": 8}",accepted_source_row,not_old_public_411_member,unknown_or_current_only
107044,HARDING UNIVERSITY,private,AR,True,15,False,True,False,15,0,0,15,0,0,0,0,0,0,0,0,"{""accepted_source_row"": 15}",accepted_source_row,not_old_public_411_member,unknown_or_current_only
107080,HENDRIX COLLEGE,private,AR,True,15,False,True,False,15,0,0,15,0,0,0,0,0,0,0,0,"{""accepted_source_row"": 15}",accepted_source_row,not_old_public_411_member,historical_lead
107141,JOHN BROWN UNIVERSITY,private,AR,True,15,False,True,False,15,0,0,15,0,0,0,0,0,0,0,0,"{""accepted_source_row"": 15}",accepted_source_row,not_old_public_411_member,unknown_or_current_only
107600,PHILANDER SMITH COLLEGE,private,AR,True,15,False,True,False,15,0,0,15,0,0,0,0,0,0,0,0,"{""accepted_source_row"": 15}",accepted_source_row,not_old_public_411_member,unknown_or_current_only
107983,SOUTHERN ARKANSAS UNIVERSITY MAIN CAMPUS,public,AR,True,15,True,False,True,15,0,0,15,0,0,0,0,0,0,0,0,"{""accepted_source_row"": 15}",accepted_source_row,accepted_after_repair,historical_lead; validated_human_legacy
108092,UNIVERSITY OF ARKANSAS AT FT SMITH,public,AR,True,15,True,False,True,15,0,0,15,0,0,0,0,0,0,0,0,"{""accepted_source_row"": 15}",accepted_source_row,accepted_after_repair,historical_lead
109651,ART CENTER COLLEGE OF DESIGN,private,CA,True,15,False,True,False,15,0,0,15,0,0,0,0,0,0,0,0,"{""accepted_source_row"": 15}",accepted_source_row,not_old_public_411_member,unknown_or_current_only
109785,AZUSA PACIFIC UNIVERSITY,private,CA,True,15,True,False,False,15,0,0,15,0,0,0,0,0,0,0,0,"{""accepted_source_row"": 15}",accepted_source_row,not_old_public_411_member,validated_human_legacy
110060,BETHESDA CHRISTIAN UNIVERSITY,private,CA,True,11,False,True,False,11,0,0,11,0,0,0,0,0,0,0,0,"{""accepted_source_row"": 11}",accepted_source_row,not_old_public_411_member,unknown_or_current_only
110361,CALIFORNIA BAPTIST UNIVERSITY,private,CA,True,15,True,False,False,15,0,0,15,0,0,0,0,0,0,0,0,"{""accepted_source_row"": 15}",accepted_source_row,not_old_public_411_member,validated_human_legacy
110370,CALIFORNIA COLLEGE OF ARTS AND CRAFTS,private,CA,True,15,False,True,False,15,0,0,15,0,0,0,0,0,0,0,0,"{""accepted_source_row"": 15}",accepted_source_row,not_old_public_411_member,historical_lead
110404,CALIFORNIA INSTITUTE OF TECHNOLOGY,private,CA,True,15,False,True,False,15,0,0,15,0,0,0,0,0,0,0,0,"{""accepted_source_row"": 15}",accepted_source_row,not_old_public_411_member,unknown_or_current_only
110422,CALIFORNIA POLYTECHNIC STATE UNIV-SAN LUIS OBISPO,public,CA,True,15,True,False,True,15,0,0,15,0,0,0,0,0,0,0,0,"{""accepted_source_row"": 15}",accepted_source_row,accepted_after_repair,prior_programmatic; validated_human_legacy
110468,Alliant International University-San Diego,private,CA,True,2,False,True,False,2,0,0,2,0,0,0,0,0,0,0,0,"{""accepted_source_row"": 2}",accepted_source_row,not_old_public_411_member,historical_lead; unknown_or_current_only
110510,CALIFORNIA STATE UNIVERSITY-SAN BERNARDINO,public,CA,True,15,True,False,True,15,0,0,15,0,0,0,0,0,0,0,0,"{""accepted_source_row"": 15}",accepted_source_row,accepted_after_repair,prior_programmatic; validated_human_legacy
110529,CALIFORNIA STATE POLYTECHNIC UNIVERSITY-POMONA,public,CA,True,15,True,False,True,0,15,15,15,0,0,0,0,0,0,0,0,"{""accepted_source_row"": 15}",accepted_source_row,accepted_after_repair,prior_programmatic; validated_human_legacy
110556,CALIFORNIA STATE UNIVERSITY-FRESNO,public,CA,True,15,False,True,False,15,0,0,15,0,0,0,0,0,0,0,0,"{""accepted_source_row"": 15}",accepted_source_row,not_old_public_411_member,historical_lead
110565,CALIFORNIA STATE UNIVERSITY-FULLERTON,public,CA,True,15,True,False,True,15,0,0,15,0,0,0,0,0,0,0,0,"{""accepted_source_row"": 15}",accepted_source_row,accepted_after_repair,prior_programmatic; validated_human_legacy
110583,CALIFORNIA STATE UNIVERSITY-LONG BEACH,public,CA,True,15,True,False,True,15,0,0,15,0,0,0,0,0,0,0,0,"{""accepted_source_row"": 15}",accepted_source_row,accepted_after_repair,prior_programmatic
110592,CALIFORNIA STATE UNIVERSITY-LOS ANGELES,public,CA,True,15,True,False,True,15,0,0,15,0,0,0,0,0,0,0,0,"{""accepted_source_row"": 15}",accepted_source_row,accepted_after_repair,prior_programmatic; validated_human_legacy
110608,CALIFORNIA STATE UNIVERSITY-NORTHRIDGE,public,CA,True,15,True,False,True,15,0,0,15,0,0,0,0,0,0,0,0,"{""accepted_source_row"": 15}",accepted_source_row,accepted_after_repair,prior_programmatic; validated_human_legacy
110644,UNIVERSITY OF CALIFORNIA-DAVIS,public,CA,True,8,True,False,True,8,0,0,8,0,0,0,0,0,0,0,0,"{""accepted_source_row"": 8}",accepted_source_row,accepted_after_repair,historical_lead
110653,UNIVERSITY OF CALIFORNIA-IRVINE,public,CA,True,8,True,False,True,8,0,0,8,0,0,0,0,0,0,0,0,"{""accepted_source_row"": 8}",accepted_source_row,accepted_after_repair,historical_lead
110662,UNIVERSITY OF CALIFORNIA-LOS ANGELES,public,CA,True,8,True,False,True,8,0,0,8,0,0,0,0,0,0,0,0,"{""accepted_source_row"": 8}",accepted_source_row,accepted_after_repair,historical_lead
110671,UNIVERSITY OF CALIFORNIA-RIVERSIDE,public,CA,True,8,True,False,True,8,0,0,8,0,0,0,0,0,0,0,0,"{""accepted_source_row"": 8}",accepted_source_row,accepted_after_repair,historical_lead; validated_human_legacy
110680,UNIVERSITY OF CALIFORNIA-SAN DIEGO,public,CA,True,8,True,False,True,8,0,0,8,0,0,0,0,0,0,0,0,"{""accepted_source_row"": 8}",accepted_source_row,accepted_after_repair,historical_lead
110705,UNIVERSITY OF CALIFORNIA-SANTA BARBARA,public,CA,True,8,True,False,True,8,0,0,8,0,0,0,0,0,0,0,0,"{""accepted_source_row"": 8}",accepted_source_row,accepted_after_repair,historical_lead
110918,CALIFORNIA CHRISTIAN COLLEGE,private,CA,True,2,False,True,False,2,0,0,2,0,0,0,0,0,0,0,0,"{""accepted_source_row"": 2}",accepted_source_row,not_old_public_411_member,unknown_or_current_only
111081,CALIFORNIA INSTITUTE OF THE ARTS,private,CA,True,15,False,True,False,15,0,0,15,0,0,0,0,0,0,0,0,"{""accepted_source_row"": 15}",accepted_source_row,not_old_public_411_member,historical_lead
111188,CALIFORNIA MARITIME ACADEMY,public,CA,True,15,True,False,True,15,0,0,15,0,0,0,0,0,0,0,0,"{""accepted_source_row"": 15}",accepted_source_row,accepted_after_repair,prior_programmatic; validated_human_legacy
111948,CHAPMAN UNIVERSITY,private,CA,True,15,True,False,False,15,0,0,15,0,0,0,0,0,0,0,0,"{""accepted_source_row"": 15}",accepted_source_row,not_old_public_411_member,historical_lead; validated_human_legacy
111966,CHARLES R DREW UNIVERSITY OF MEDICINE AND SCIENCE,private,CA,True,5,False,True,False,5,0,0,5,0,0,0,0,0,0,0,0,"{""accepted_source_row"": 5}",accepted_source_row,not_old_public_411_member,unknown_or_current_only
112084,CHRISTIAN HERITAGE COLLEGE,private,CA,True,15,False,True,False,15,0,0,15,0,0,0,0,0,0,0,0,"{""accepted_source_row"": 15}",accepted_source_row,not_old_public_411_member,unknown_or_current_only
112260,CLAREMONT MCKENNA COLLEGE,private,CA,True,14,False,True,False,14,0,0,14,0,0,0,0,0,0,0,0,"{""accepted_source_row"": 14}",accepted_source_row,not_old_public_411_member,historical_lead
112394,Cogswell Polytechnical College,private,CA,True,4,False,True,False,4,0,0,4,0,0,0,0,0,0,0,0,"{""accepted_source_row"": 4}",accepted_source_row,not_old_public_411_member,unknown_or_current_only
112570,Columbia College Hollywood,private,CA,True,6,False,True,False,6,0,0,6,0,0,0,0,0,0,0,0,"{""accepted_source_row"": 6}",accepted_source_row,not_old_public_411_member,historical_lead; unknown_or_current_only
115409,HARVEY MUDD COLLEGE,private,CA,True,15,False,True,False,15,0,0,15,0,0,0,0,0,0,0,0,"{""accepted_source_row"": 15}",accepted_source_row,not_old_public_411_member,unknown_or_current_only
115755,HUMBOLDT STATE UNIVERSITY,public,CA,True,15,True,False,True,15,0,0,15,0,0,0,0,0,0,0,0,"{""accepted_source_row"": 15}",accepted_source_row,accepted_after_repair,historical_lead; validated_human_legacy
115773,HUMPHREYS COLLEGE-STOCKTON,private,CA,True,14,False,True,False,14,0,0,14,0,0,0,0,0,0,0,0,"{""accepted_source_row"": 14}",accepted_source_row,not_old_public_411_member,unknown_or_current_only
117104,LIFE PACIFIC COLLEGE,private,CA,True,13,False,True,False,13,0,0,13,0,0,0,0,0,0,0,0,"{""accepted_source_row"": 13}",accepted_source_row,not_old_public_411_member,unknown_or_current_only
117168,LAGUNA COLLEGE OF ART AND DESIGN,private,CA,True,15,False,True,False,15,0,0,15,0,0,0,0,0,0,0,0,"{""accepted_source_row"": 15}",accepted_source_row,not_old_public_411_member,unknown_or_current_only
117575,SOUTHERN CALIFORNIA BIBLE COLLEGE AND SEMINARY,private,CA,True,2,False,True,False,2,0,0,2,0,0,0,0,0,0,0,0,"{""accepted_source_row"": 2}",accepted_source_row,not_old_public_411_member,unknown_or_current_only
117946,LOYOLA MARYMOUNT UNIVERSITY,private,CA,True,15,False,True,False,15,0,0,15,0,0,0,0,0,0,0,0,"{""accepted_source_row"": 15}",accepted_source_row,not_old_public_411_member,unknown_or_current_only
118693,MENLO COLLEGE,private,CA,True,15,False,True,False,15,0,0,15,0,0,0,0,0,0,0,0,"{""accepted_source_row"": 15}",accepted_source_row,not_old_public_411_member,unknown_or_current_only
118888,MILLS COLLEGE,private,CA,True,14,False,True,False,14,0,0,14,0,0,0,0,0,0,0,0,"{""accepted_source_row"": 14}",accepted_source_row,not_old_public_411_member,unknown_or_current_only
119544,THE NATIONAL HISPANIC UNIVERSITY,private,CA,True,3,False,True,False,3,0,0,3,0,0,0,0,0,0,0,0,"{""accepted_source_row"": 3}",accepted_source_row,not_old_public_411_member,unknown_or_current_only
119605,NATIONAL UNIVERSITY,private,CA,True,14,False,True,False,14,0,0,14,0,0,0,0,0,0,0,0,"{""accepted_source_row"": 14}",accepted_source_row,not_old_public_411_member,unknown_or_current_only
120166,Northwestern Polytechnic University,private,CA,True,3,False,True,False,3,0,0,3,0,0,0,0,0,0,0,0,"{""accepted_source_row"": 3}",accepted_source_row,not_old_public_411_member,historical_lead; unknown_or_current_only
120184,NOTRE DAME DE NAMUR UNIVERSITY,private,CA,True,15,False,True,False,15,0,0,15,0,0,0,0,0,0,0,0,"{""accepted_source_row"": 15}",accepted_source_row,not_old_public_411_member,prior_programmatic; unknown_or_current_only
120254,OCCIDENTAL COLLEGE,private,CA,True,15,False,True,False,15,0,0,15,0,0,0,0,0,0,0,0,"{""accepted_source_row"": 15}",accepted_source_row,not_old_public_411_member,unknown_or_current_only
120537,HOPE INTERNATIONAL UNIVERSITY,private,CA,True,15,False,True,False,15,0,0,15,0,0,0,0,0,0,0,0,"{""accepted_source_row"": 15}",accepted_source_row,not_old_public_411_member,unknown_or_current_only
120838,Pacific States University,private,CA,True,4,False,True,False,4,0,0,4,0,0,0,0,0,0,0,0,"{""accepted_source_row"": 4}",accepted_source_row,not_old_public_411_member,unknown_or_current_only
120883,UNIVERSITY OF THE PACIFIC,private,CA,True,15,True,False,False,0,15,15,15,0,0,0,0,0,0,0,0,"{""accepted_source_row"": 15}",accepted_source_row,not_old_public_411_member,validated_human_legacy
121071,PATTEN COLLEGE,private,CA,True,2,False,True,False,2,0,0,2,0,0,0,0,0,0,0,0,"{""accepted_source_row"": 2}",accepted_source_row,not_old_public_411_member,unknown_or_current_only
121150,PEPPERDINE UNIVERSITY,private,CA,True,15,False,True,False,15,0,0,15,0,0,0,0,0,0,0,0,"{""accepted_source_row"": 15}",accepted_source_row,not_old_public_411_member,unknown_or_current_only
121309,POINT LOMA NAZARENE UNIVERSITY,private,CA,True,15,True,False,False,15,0,0,15,0,0,0,0,0,0,0,0,"{""accepted_source_row"": 15}",accepted_source_row,not_old_public_411_member,validated_human_legacy
122409,SAN DIEGO STATE UNIVERSITY,public,CA,True,15,True,False,True,15,0,0,15,0,0,0,0,0,0,0,0,"{""accepted_source_row"": 15}",accepted_source_row,accepted_after_repair,historical_lead
122454,SAN FRANCISCO ART INSTITUTE,private,CA,True,14,False,True,False,14,0,0,14,0,0,0,0,0,0,0,0,"{""accepted_source_row"": 14}",accepted_source_row,not_old_public_411_member,unknown_or_current_only
122506,SAN FRANCISCO CONSERVATORY OF MUSIC,private,CA,True,15,False,True,False,15,0,0,15,0,0,0,0,0,0,0,0,"{""accepted_source_row"": 15}",accepted_source_row,not_old_public_411_member,unknown_or_current_only
122612,UNIVERSITY OF SAN FRANCISCO,private,CA,True,15,True,False,False,15,0,0,15,0,0,0,0,0,0,0,0,"{""accepted_source_row"": 15}",accepted_source_row,not_old_public_411_member,historical_lead; validated_human_legacy
122755,SAN JOSE STATE UNIVERSITY,public,CA,True,15,True,False,True,15,0,0,15,0,0,0,0,0,0,0,0,"{""accepted_source_row"": 15}",accepted_source_row,accepted_after_repair,historical_lead; validated_human_legacy
122931,SANTA CLARA UNIVERSITY,private,CA,True,15,True,False,False,15,0,0,15,0,0,0,0,0,0,0,0,"{""accepted_source_row"": 15}",accepted_source_row,not_old_public_411_member,unknown_or_current_only; validated_human_legacy
123165,SCRIPPS COLLEGE,private,CA,True,15,False,True,False,15,0,0,15,0,0,0,0,0,0,0,0,"{""accepted_source_row"": 15}",accepted_source_row,not_old_public_411_member,historical_lead; unknown_or_current_only
123572,SONOMA STATE UNIVERSITY,public,CA,True,15,True,False,True,15,0,0,15,0,0,0,0,0,0,0,0,"{""accepted_source_row"": 15}",accepted_source_row,accepted_after_repair,historical_lead; validated_human_legacy
123952,SOUTHERN CALIFORNIA INSTITUTE OF ARCHITECTURE,private,CA,True,2,False,True,False,2,0,0,2,0,0,0,0,0,0,0,0,"{""accepted_source_row"": 2}",accepted_source_row,not_old_public_411_member,unknown_or_current_only
123961,UNIVERSITY OF SOUTHERN CALIFORNIA,private,CA,True,15,True,False,False,14,1,1,15,0,0,0,0,0,0,0,0,"{""accepted_source_row"": 15}",accepted_source_row,not_old_public_411_member,validated_human_legacy
125727,WESTMONT COLLEGE,private,CA,True,15,False,True,False,15,0,0,15,0,0,0,0,0,0,0,0,"{""accepted_source_row"": 15}",accepted_source_row,not_old_public_411_member,historical_lead
125763,WHITTIER COLLEGE,private,CA,True,15,False,True,False,15,0,0,15,0,0,0,0,0,0,0,0,"{""accepted_source_row"": 15}",accepted_source_row,not_old_public_411_member,historical_lead; unknown_or_current_only
126076,YESHIVA OHR ELCHONON CHABAD WEST COAST TAL SEM,private,CA,True,15,False,True,False,15,0,0,15,0,0,0,0,0,0,0,0,"{""accepted_source_row"": 15}",accepted_source_row,not_old_public_411_member,unknown_or_current_only
126182,ADAMS STATE COLLEGE,public,CO,True,15,True,False,True,15,0,0,15,0,0,0,0,0,0,0,0,"{""accepted_source_row"": 15}",accepted_source_row,accepted_after_repair,historical_lead; prior_programmatic; validated_human_legacy
126580,UNIVERSITY OF COLORADO AT COLORADO SPRINGS,public,CO,True,15,True,False,True,15,0,0,15,0,0,0,0,0,0,0,0,"{""accepted_source_row"": 15}",accepted_source_row,accepted_after_repair,historical_lead; validated_human_legacy
126614,UNIVERSITY OF COLORADO AT BOULDER,public,CO,True,15,True,False,True,15,0,0,15,0,0,0,0,0,0,0,0,"{""accepted_source_row"": 15}",accepted_source_row,accepted_after_repair,historical_lead; validated_human_legacy
126678,COLORADO COLLEGE,private,CO,True,15,False,True,False,15,0,0,15,0,0,0,0,0,0,0,0,"{""accepted_source_row"": 15}",accepted_source_row,not_old_public_411_member,unknown_or_current_only
126775,COLORADO SCHOOL OF MINES,public,CO,True,15,True,False,True,15,0,0,15,0,0,0,0,0,0,0,0,"{""accepted_source_row"": 15}",accepted_source_row,accepted_after_repair,prior_programmatic; validated_human_legacy
127060,UNIVERSITY OF DENVER,private,CO,True,15,False,True,False,15,0,0,15,0,0,0,0,0,0,0,0,"{""accepted_source_row"": 15}",accepted_source_row,not_old_public_411_member,unknown_or_current_only
127653,NAROPA UNIVERSITY,private,CO,True,15,False,True,False,15,0,0,15,0,0,0,0,0,0,0,0,"{""accepted_source_row"": 15}",accepted_source_row,not_old_public_411_member,unknown_or_current_only
127714,NAZARENE BIBLE COLLEGE,private,CO,True,5,False,True,False,5,0,0,5,0,0,0,0,0,0,0,0,"{""accepted_source_row"": 5}",accepted_source_row,not_old_public_411_member,historical_lead
127741,UNIVERSITY OF NORTHERN COLORADO,public,CO,True,15,True,False,True,15,0,0,15,0,0,0,0,0,0,0,0,"{""accepted_source_row"": 15}",accepted_source_row,accepted_after_repair,historical_lead; prior_programmatic; validated_human_legacy
128425,YESHIVA TORAS CHAIM TALMUDICAL SEMINARY,private,CO,True,3,False,True,False,3,0,0,3,0,0,0,0,0,0,0,0,"{""accepted_source_row"": 3}",accepted_source_row,not_old_public_411_member,unknown_or_current_only
128498,ALBERTUS MAGNUS COLLEGE,private,CT,True,14,False,True,False,14,0,0,14,0,0,0,0,0,0,0,0,"{""accepted_source_row"": 14}",accepted_source_row,not_old_public_411_member,unknown_or_current_only
128744,UNIVERSITY OF BRIDGEPORT,private,CT,True,15,False,True,False,15,0,0,15,0,0,0,0,0,0,0,0,"{""accepted_source_row"": 15}",accepted_source_row,not_old_public_411_member,unknown_or_current_only
128771,CENTRAL CONNECTICUT STATE UNIVERSITY,public,CT,True,15,True,False,True,0,15,15,15,0,0,0,0,0,0,0,0,"{""accepted_source_row"": 15}",accepted_source_row,accepted_after_repair,prior_programmatic; validated_human_legacy
128902,Connecticut College,private,CT,True,7,False,True,False,7,0,0,7,0,0,0,0,0,0,0,0,"{""accepted_source_row"": 7}",accepted_source_row,not_old_public_411_member,unknown_or_current_only
129020,UNIVERSITY OF CONNECTICUT,public,CT,True,15,True,False,True,15,0,0,15,0,0,0,0,0,0,0,0,"{""accepted_source_row"": 15}",accepted_source_row,accepted_after_repair,historical_lead; validated_human_legacy
129154,Goodwin College,private,CT,True,6,False,True,False,6,0,0,6,0,0,0,0,0,0,0,0,"{""accepted_source_row"": 6}",accepted_source_row,not_old_public_411_member,historical_lead
129525,UNIVERSITY OF HARTFORD,private,CT,True,15,True,False,False,15,0,0,15,0,0,0,0,0,0,0,0,"{""accepted_source_row"": 15}",accepted_source_row,not_old_public_411_member,validated_human_legacy
129686,LYME ACADEMY COLLEGE OF FINE ARTS,private,CT,True,7,False,True,False,7,0,0,7,0,0,0,0,0,0,0,0,"{""accepted_source_row"": 7}",accepted_source_row,not_old_public_411_member,unknown_or_current_only
129774,MITCHELL COLLEGE,private,CT,True,15,False,True,False,15,0,0,15,0,0,0,0,0,0,0,0,"{""accepted_source_row"": 15}",accepted_source_row,not_old_public_411_member,unknown_or_current_only
129941,UNIVERSITY OF NEW HAVEN,private,CT,True,15,True,False,False,15,0,0,15,0,0,0,0,0,0,0,0,"{""accepted_source_row"": 15}",accepted_source_row,not_old_public_411_member,unknown_or_current_only; validated_human_legacy
130183,TEIKYO POST UNIVERSITY,private,CT,True,3,False,True,False,3,0,0,3,0,0,0,0,0,0,0,0,"{""accepted_source_row"": 3}",accepted_source_row,not_old_public_411_member,unknown_or_current_only
130226,QUINNIPIAC UNIVERSITY,private,CT,True,15,False,True,False,15,0,0,15,0,0,0,0,0,0,0,0,"{""accepted_source_row"": 15}",accepted_source_row,not_old_public_411_member,unknown_or_current_only
130314,SAINT JOSEPH COLLEGE,private,CT,True,15,False,True,False,15,0,0,15,0,0,0,0,0,0,0,0,"{""accepted_source_row"": 15}",accepted_source_row,not_old_public_411_member,unknown_or_current_only
130624,UNITED STATES COAST GUARD ACADEMY,public,CT,True,8,True,False,False,8,0,0,8,0,0,0,0,0,0,0,0,"{""accepted_source_row"": 8}",accepted_source_row,not_old_public_411_member,historical_lead
130943,UNIVERSITY OF DELAWARE,public,DE,True,15,True,False,True,15,0,0,15,0,0,0,0,0,0,0,0,"{""accepted_source_row"": 15}",accepted_source_row,accepted_after_repair,historical_lead
130989,GOLDEY-BEACOM COLLEGE,private,DE,True,15,False,True,False,15,0,0,15,0,0,0,0,0,0,0,0,"{""accepted_source_row"": 15}",accepted_source_row,not_old_public_411_member,unknown_or_current_only
131098,WESLEY COLLEGE,private,DE,True,14,False,True,False,14,0,0,14,0,0,0,0,0,0,0,0,"{""accepted_source_row"": 14}",accepted_source_row,not_old_public_411_member,unknown_or_current_only
131159,AMERICAN UNIVERSITY,private,DC,True,15,False,True,False,15,0,0,15,0,0,0,0,0,0,0,0,"{""accepted_source_row"": 15}",accepted_source_row,not_old_public_411_member,unknown_or_current_only
131283,CATHOLIC UNIVERSITY OF AMERICA,private,DC,True,15,False,True,False,15,0,0,15,0,0,0,0,0,0,0,0,"{""accepted_source_row"": 15}",accepted_source_row,not_old_public_411_member,unknown_or_current_only
131308,CORCORAN COLLEGE OF ART AND DESIGN,private,DC,True,7,False,True,False,7,0,0,7,0,0,0,0,0,0,0,0,"{""accepted_source_row"": 7}",accepted_source_row,not_old_public_411_member,unknown_or_current_only
131399,UNIVERSITY OF THE DISTRICT OF COLUMBIA,public,DC,True,15,True,False,True,15,0,0,15,0,0,0,0,0,0,0,0,"{""accepted_source_row"": 15}",accepted_source_row,accepted_after_repair,historical_lead; validated_human_legacy
131450,GALLAUDET UNIVERSITY,private,DC,True,15,True,False,False,15,0,0,15,0,0,0,0,0,0,0,0,"{""accepted_source_row"": 15}",accepted_source_row,not_old_public_411_member,prior_programmatic; validated_human_legacy
131469,GEORGE WASHINGTON UNIVERSITY,private,DC,True,15,False,True,False,15,0,0,15,0,0,0,0,0,0,0,0,"{""accepted_source_row"": 15}",accepted_source_row,not_old_public_411_member,unknown_or_current_only
131496,GEORGETOWN UNIVERSITY,private,DC,True,15,False,True,False,15,0,0,15,0,0,0,0,0,0,0,0,"{""accepted_source_row"": 15}",accepted_source_row,not_old_public_411_member,unknown_or_current_only
131520,HOWARD UNIVERSITY,private,DC,True,15,False,True,False,15,0,0,15,0,0,0,0,0,0,0,0,"{""accepted_source_row"": 15}",accepted_source_row,not_old_public_411_member,unknown_or_current_only
131876,TRINITY COLLEGE,private,DC,True,14,False,True,False,14,0,0,14,0,0,0,0,0,0,0,0,"{""accepted_source_row"": 14}",accepted_source_row,not_old_public_411_member,unknown_or_current_only
132408,THE BAPTIST COLLEGE OF FLORIDA,private,FL,True,15,False,True,False,15,0,0,15,0,0,0,0,0,0,0,0,"{""accepted_source_row"": 15}",accepted_source_row,not_old_public_411_member,unknown_or_current_only
132471,BARRY UNIVERSITY,private,FL,True,15,True,False,False,15,0,0,15,0,0,0,0,0,0,0,0,"{""accepted_source_row"": 15}",accepted_source_row,not_old_public_411_member,validated_human_legacy
132657,LYNN UNIVERSITY,private,FL,True,15,False,True,False,15,0,0,15,0,0,0,0,0,0,0,0,"{""accepted_source_row"": 15}",accepted_source_row,not_old_public_411_member,unknown_or_current_only
132842,CARLOS ALBIZU UNIVERSITY-MIAMI CAMPUS,private,FL,True,13,False,True,False,13,0,0,13,0,0,0,0,0,0,0,0,"{""accepted_source_row"": 13}",accepted_source_row,not_old_public_411_member,unknown_or_current_only
132903,UNIVERSITY OF CENTRAL FLORIDA,public,FL,True,15,True,False,True,15,0,0,15,0,0,0,0,0,0,0,0,"{""accepted_source_row"": 15}",accepted_source_row,accepted_after_repair,historical_lead
133085,CLEARWATER CHRISTIAN COLLEGE,private,FL,True,7,False,True,False,7,0,0,7,0,0,0,0,0,0,0,0,"{""accepted_source_row"": 7}",accepted_source_row,not_old_public_411_member,historical_lead; prior_programmatic
133526,EDWARD WATERS COLLEGE,private,FL,True,15,False,True,False,15,0,0,15,0,0,0,0,0,0,0,0,"{""accepted_source_row"": 15}",accepted_source_row,not_old_public_411_member,unknown_or_current_only
133872,FLORIDA HOSPITAL COLLEGE OF HEALTH SCIENCES,private,FL,True,13,False,True,False,13,0,0,13,0,0,0,0,0,0,0,0,"{""accepted_source_row"": 13}",accepted_source_row,not_old_public_411_member,unknown_or_current_only
133881,FLORIDA INSTITUTE OF TECHNOLOGY-MELBOURNE,private,FL,True,15,True,False,False,15,0,0,15,0,0,0,0,0,0,0,0,"{""accepted_source_row"": 15}",accepted_source_row,not_old_public_411_member,validated_human_legacy
133951,FLORIDA INTERNATIONAL UNIVERSITY,public,FL,True,15,True,False,True,0,15,15,15,0,0,0,0,0,0,0,0,"{""accepted_source_row"": 15}",accepted_source_row,accepted_after_repair,prior_programmatic; validated_human_legacy
133979,FLORIDA MEMORIAL COLLEGE,private,FL,True,14,False,True,False,14,0,0,14,0,0,0,0,0,0,0,0,"{""accepted_source_row"": 14}",accepted_source_row,not_old_public_411_member,unknown_or_current_only
134079,FLORIDA SOUTHERN COLLEGE,private,FL,True,15,False,True,False,15,0,0,15,0,0,0,0,0,0,0,0,"{""accepted_source_row"": 15}",accepted_source_row,not_old_public_411_member,validated_human_legacy
134097,FLORIDA STATE UNIVERSITY,public,FL,True,15,True,False,True,6,9,9,15,0,0,0,0,0,0,0,0,"{""accepted_source_row"": 15}",accepted_source_row,accepted_after_repair,prior_programmatic; validated_human_legacy
134130,UNIVERSITY OF FLORIDA,public,FL,True,15,True,False,True,15,0,0,15,0,0,0,0,0,0,0,0,"{""accepted_source_row"": 15}",accepted_source_row,accepted_after_repair,historical_lead
134510,HOBE SOUND BIBLE COLLEGE,private,FL,True,14,False,True,False,14,0,0,14,0,0,0,0,0,0,0,0,"{""accepted_source_row"": 14}",accepted_source_row,not_old_public_411_member,unknown_or_current_only
134945,JACKSONVILLE UNIVERSITY,private,FL,True,15,False,True,False,15,0,0,15,0,0,0,0,0,0,0,0,"{""accepted_source_row"": 15}",accepted_source_row,not_old_public_411_member,unknown_or_current_only
135081,Keiser University-Ft Lauderdale,private,FL,True,6,False,True,False,6,0,0,6,0,0,0,0,0,0,0,0,"{""accepted_source_row"": 6}",accepted_source_row,not_old_public_411_member,unknown_or_current_only
135726,UNIVERSITY OF MIAMI,private,FL,True,15,False,True,False,15,0,0,15,0,0,0,0,0,0,0,0,"{""accepted_source_row"": 15}",accepted_source_row,not_old_public_411_member,unknown_or_current_only
136172,UNIVERSITY OF NORTH FLORIDA,public,FL,True,15,True,False,True,15,0,0,15,0,0,0,0,0,0,0,0,"{""accepted_source_row"": 15}",accepted_source_row,accepted_after_repair,historical_lead
136215,NOVA SOUTHEASTERN UNIVERSITY,private,FL,True,15,False,True,False,15,0,0,15,0,0,0,0,0,0,0,0,"{""accepted_source_row"": 15}",accepted_source_row,not_old_public_411_member,unknown_or_current_only
136330,PALM BEACH ATLANTIC UNIVERSITY-WEST PALM BEACH,private,FL,True,15,False,True,False,15,0,0,15,0,0,0,0,0,0,0,0,"{""accepted_source_row"": 15}",accepted_source_row,not_old_public_411_member,unknown_or_current_only
136774,RINGLING SCHOOL OF ART AND DESIGN,private,FL,True,15,False,True,False,15,0,0,15,0,0,0,0,0,0,0,0,"{""accepted_source_row"": 15}",accepted_source_row,not_old_public_411_member,unknown_or_current_only
136950,ROLLINS COLLEGE,private,FL,True,15,False,True,False,15,0,0,15,0,0,0,0,0,0,0,0,"{""accepted_source_row"": 15}",accepted_source_row,not_old_public_411_member,unknown_or_current_only
137032,SAINT LEO UNIVERSITY,private,FL,True,15,False,True,False,15,0,0,15,0,0,0,0,0,0,0,0,"{""accepted_source_row"": 15}",accepted_source_row,not_old_public_411_member,unknown_or_current_only
137351,UNIVERSITY OF SOUTH FLORIDA,public,FL,True,15,True,False,True,15,0,0,15,0,0,0,0,0,0,0,0,"{""accepted_source_row"": 15}",accepted_source_row,accepted_after_repair,historical_lead
137546,STETSON UNIVERSITY,private,FL,True,15,False,True,False,15,0,0,15,0,0,0,0,0,0,0,0,"{""accepted_source_row"": 15}",accepted_source_row,not_old_public_411_member,unknown_or_current_only
137564,SOUTHEASTERN COLLEGE ASSEMBLIES OF GOD,private,FL,True,15,False,True,False,15,0,0,15,0,0,0,0,0,0,0,0,"{""accepted_source_row"": 15}",accepted_source_row,not_old_public_411_member,unknown_or_current_only
137777,TALMUDIC COLLEGE OF FLORIDA,private,FL,True,13,False,True,False,13,0,0,13,0,0,0,0,0,0,0,0,"{""accepted_source_row"": 13}",accepted_source_row,not_old_public_411_member,unknown_or_current_only
137847,UNIVERSITY OF TAMPA,private,FL,True,15,False,True,False,15,0,0,15,0,0,0,0,0,0,0,0,"{""accepted_source_row"": 15}",accepted_source_row,not_old_public_411_member,unknown_or_current_only
137953,TRINITY BAPTIST COLLEGE,private,FL,True,14,False,True,False,14,0,0,14,0,0,0,0,0,0,0,0,"{""accepted_source_row"": 14}",accepted_source_row,not_old_public_411_member,unknown_or_current_only
137962,TRINITY COLLEGE OF FLORIDA,private,FL,True,14,False,True,False,14,0,0,14,0,0,0,0,0,0,0,0,"{""accepted_source_row"": 14}",accepted_source_row,not_old_public_411_member,unknown_or_current_only
138275,WARNER SOUTHERN COLLEGE,private,FL,True,15,False,True,False,15,0,0,15,0,0,0,0,0,0,0,0,"{""accepted_source_row"": 15}",accepted_source_row,not_old_public_411_member,unknown_or_current_only
138354,THE UNIVERSITY OF WEST FLORIDA,public,FL,True,15,False,True,False,15,0,0,15,0,0,0,0,0,0,0,0,"{""accepted_source_row"": 15}",accepted_source_row,not_old_public_411_member,historical_lead
138716,ALBANY STATE UNIVERSITY,public,GA,True,15,True,False,True,0,15,15,15,0,0,0,0,0,0,0,0,"{""accepted_source_row"": 15}",accepted_source_row,accepted_after_repair,prior_programmatic
138789,ARMSTRONG ATLANTIC STATE UNIVERSITY,public,GA,True,10,False,True,False,10,0,0,10,0,0,0,0,0,0,0,0,"{""accepted_source_row"": 10}",accepted_source_row,not_old_public_411_member,historical_lead
138868,ATLANTA CHRISTIAN COLLEGE,private,GA,True,15,False,True,False,15,0,0,15,0,0,0,0,0,0,0,0,"{""accepted_source_row"": 15}",accepted_source_row,not_old_public_411_member,unknown_or_current_only
138983,AUGUSTA STATE UNIVERSITY,public,GA,True,5,False,True,False,5,0,0,5,0,0,0,0,0,0,0,0,"{""accepted_source_row"": 5}",accepted_source_row,not_old_public_411_member,unknown_or_current_only
139144,BERRY COLLEGE,private,GA,True,15,False,True,False,15,0,0,15,0,0,0,0,0,0,0,0,"{""accepted_source_row"": 15}",accepted_source_row,not_old_public_411_member,unknown_or_current_only
139199,BRENAU UNIVERSITY,private,GA,True,15,False,True,False,15,0,0,15,0,0,0,0,0,0,0,0,"{""accepted_source_row"": 15}",accepted_source_row,not_old_public_411_member,unknown_or_current_only
139205,BREWTON-PARKER COLLEGE,private,GA,True,15,False,True,False,15,0,0,15,0,0,0,0,0,0,0,0,"{""accepted_source_row"": 15}",accepted_source_row,not_old_public_411_member,unknown_or_current_only
139630,EMMANUEL COLLEGE,private,GA,True,15,False,True,False,15,0,0,15,0,0,0,0,0,0,0,0,"{""accepted_source_row"": 15}",accepted_source_row,not_old_public_411_member,unknown_or_current_only
139658,EMORY UNIVERSITY,private,GA,True,15,False,True,False,15,0,0,15,0,0,0,0,0,0,0,0,"{""accepted_source_row"": 15}",accepted_source_row,not_old_public_411_member,unknown_or_current_only
139940,GEORGIA STATE UNIVERSITY,public,GA,True,15,True,False,True,15,0,0,15,0,0,0,0,0,0,0,0,"{""accepted_source_row"": 15}",accepted_source_row,accepted_after_repair,historical_lead
139959,UNIVERSITY OF GEORGIA,public,GA,True,15,True,False,True,15,0,0,15,0,0,0,0,0,0,0,0,"{""accepted_source_row"": 15}",accepted_source_row,accepted_after_repair,historical_lead
140252,LIFE UNIVERSITY,private,GA,True,13,False,True,False,13,0,0,13,0,0,0,0,0,0,0,0,"{""accepted_source_row"": 13}",accepted_source_row,not_old_public_411_member,unknown_or_current_only
140447,MERCER UNIVERSITY,private,GA,True,15,True,False,False,15,0,0,15,0,0,0,0,0,0,0,0,"{""accepted_source_row"": 15}",accepted_source_row,not_old_public_411_member,validated_human_legacy
140669,NORTH GEORGIA COLLEGE AND STATE UNIVERSITY,public,GA,True,5,False,True,False,5,0,0,5,0,0,0,0,0,0,0,0,"{""accepted_source_row"": 5}",accepted_source_row,not_old_public_411_member,unknown_or_current_only
140720,PAINE COLLEGE,private,GA,True,15,False,True,False,15,0,0,15,0,0,0,0,0,0,0,0,"{""accepted_source_row"": 15}",accepted_source_row,not_old_public_411_member,unknown_or_current_only
140818,PIEDMONT COLLEGE,private,GA,True,15,False,True,False,15,0,0,15,0,0,0,0,0,0,0,0,"{""accepted_source_row"": 15}",accepted_source_row,not_old_public_411_member,unknown_or_current_only
140951,SAVANNAH COLLEGE OF ART AND DESIGN,private,GA,True,15,False,True,False,15,0,0,15,0,0,0,0,0,0,0,0,"{""accepted_source_row"": 15}",accepted_source_row,not_old_public_411_member,unknown_or_current_only
140960,SAVANNAH STATE UNIVERSITY,public,GA,True,15,True,False,True,15,0,0,15,0,0,0,0,0,0,0,0,"{""accepted_source_row"": 15}",accepted_source_row,accepted_after_repair,historical_lead; validated_human_legacy
141060,SPELMAN COLLEGE,private,GA,True,14,False,True,False,14,0,0,14,0,0,0,0,0,0,0,0,"{""accepted_source_row"": 14}",accepted_source_row,not_old_public_411_member,unknown_or_current_only
141097,SOUTHERN POLYTECHNIC STATE UNIVERSITY,public,GA,True,7,False,True,False,7,0,0,7,0,0,0,0,0,0,0,0,"{""accepted_source_row"": 7}",accepted_source_row,not_old_public_411_member,historical_lead
141167,THOMAS UNIVERSITY,private,GA,True,14,False,True,False,14,0,0,14,0,0,0,0,0,0,0,0,"{""accepted_source_row"": 14}",accepted_source_row,not_old_public_411_member,unknown_or_current_only
141237,TRUETT-MCCONNELL COLLEGE,private,GA,True,14,False,True,False,14,0,0,14,0,0,0,0,0,0,0,0,"{""accepted_source_row"": 14}",accepted_source_row,not_old_public_411_member,unknown_or_current_only
141325,WESLEYAN COLLEGE,private,GA,True,15,False,True,False,15,0,0,15,0,0,0,0,0,0,0,0,"{""accepted_source_row"": 15}",accepted_source_row,not_old_public_411_member,unknown_or_current_only
141361,Young Harris College,private,GA,True,8,False,True,False,8,0,0,8,0,0,0,0,0,0,0,0,"{""accepted_source_row"": 8}",accepted_source_row,not_old_public_411_member,unknown_or_current_only
141486,CHAMINADE UNIVERSITY OF HONOLULU,private,HI,True,15,False,True,False,15,0,0,15,0,0,0,0,0,0,0,0,"{""accepted_source_row"": 15}",accepted_source_row,not_old_public_411_member,unknown_or_current_only
141574,UNIVERSITY OF HAWAII AT MANOA,public,HI,True,15,True,False,True,15,0,0,15,0,0,0,0,0,0,0,0,"{""accepted_source_row"": 15}",accepted_source_row,accepted_after_repair,historical_lead; validated_human_legacy
142294,ALBERTSON COLLEGE OF IDAHO,private,ID,True,15,False,True,False,15,0,0,15,0,0,0,0,0,0,0,0,"{""accepted_source_row"": 15}",accepted_source_row,not_old_public_411_member,unknown_or_current_only
142461,NORTHWEST NAZARENE UNIVERSITY,private,ID,True,15,False,True,False,15,0,0,15,0,0,0,0,0,0,0,0,"{""accepted_source_row"": 15}",accepted_source_row,not_old_public_411_member,unknown_or_current_only
142522,BRIGHAM YOUNG UNIVERSITY-IDAHO,private,ID,True,15,False,True,False,15,0,0,15,0,0,0,0,0,0,0,0,"{""accepted_source_row"": 15}",accepted_source_row,not_old_public_411_member,unknown_or_current_only
142887,American Academy of Art,private,IL,True,2,False,True,False,2,0,0,2,0,0,0,0,0,0,0,0,"{""accepted_source_row"": 2}",accepted_source_row,not_old_public_411_member,unknown_or_current_only
143048,SCHOOL OF ART INSTITUTE OF CHICAGO,private,IL,True,15,False,True,False,15,0,0,15,0,0,0,0,0,0,0,0,"{""accepted_source_row"": 15}",accepted_source_row,not_old_public_411_member,unknown_or_current_only
143297,BLESSING RIEMAN COLLEGE OF NURSING,private,IL,True,5,False,True,False,5,0,0,5,0,0,0,0,0,0,0,0,"{""accepted_source_row"": 5}",accepted_source_row,not_old_public_411_member,unknown_or_current_only
144050,UNIVERSITY OF CHICAGO,private,IL,True,15,True,False,False,15,0,0,15,0,0,0,0,0,0,0,0,"{""accepted_source_row"": 15}",accepted_source_row,not_old_public_411_member,validated_human_legacy
144281,COLUMBIA COLLEGE CHICAGO,private,IL,True,15,False,True,False,15,0,0,15,0,0,0,0,0,0,0,0,"{""accepted_source_row"": 15}",accepted_source_row,not_old_public_411_member,historical_lead
144740,DEPAUL UNIVERSITY,private,IL,True,15,False,True,False,15,0,0,15,0,0,0,0,0,0,0,0,"{""accepted_source_row"": 15}",accepted_source_row,not_old_public_411_member,unknown_or_current_only
144883,EAST-WEST UNIVERSITY,private,IL,True,14,False,True,False,14,0,0,14,0,0,0,0,0,0,0,0,"{""accepted_source_row"": 14}",accepted_source_row,not_old_public_411_member,unknown_or_current_only
144971,EUREKA COLLEGE,private,IL,True,15,False,True,False,15,0,0,15,0,0,0,0,0,0,0,0,"{""accepted_source_row"": 15}",accepted_source_row,not_old_public_411_member,unknown_or_current_only
145336,Governors State University,public,IL,True,2,True,False,False,2,0,0,2,0,0,0,0,0,0,0,0,"{""accepted_source_row"": 2}",accepted_source_row,not_old_public_411_member,prior_programmatic
145372,GREENVILLE COLLEGE,private,IL,True,15,False,True,False,15,0,0,15,0,0,0,0,0,0,0,0,"{""accepted_source_row"": 15}",accepted_source_row,not_old_public_411_member,unknown_or_current_only
145646,ILLINOIS WESLEYAN UNIVERSITY,private,IL,True,15,False,True,False,15,0,0,15,0,0,0,0,0,0,0,0,"{""accepted_source_row"": 15}",accepted_source_row,not_old_public_411_member,unknown_or_current_only
145725,ILLINOIS INSTITUTE OF TECHNOLOGY,private,IL,True,15,False,True,False,15,0,0,15,0,0,0,0,0,0,0,0,"{""accepted_source_row"": 15}",accepted_source_row,not_old_public_411_member,historical_lead; unknown_or_current_only
146339,JUDSON COLLEGE,private,IL,True,15,False,True,False,15,0,0,15,0,0,0,0,0,0,0,0,"{""accepted_source_row"": 15}",accepted_source_row,not_old_public_411_member,unknown_or_current_only
146393,KENDALL COLLEGE,private,IL,True,6,False,True,False,6,0,0,6,0,0,0,0,0,0,0,0,"{""accepted_source_row"": 6}",accepted_source_row,not_old_public_411_member,unknown_or_current_only
146427,KNOX COLLEGE,private,IL,True,15,False,True,False,15,0,0,15,0,0,0,0,0,0,0,0,"{""accepted_source_row"": 15}",accepted_source_row,not_old_public_411_member,unknown_or_current_only
146481,LAKE FOREST COLLEGE,private,IL,True,15,False,True,False,15,0,0,15,0,0,0,0,0,0,0,0,"{""accepted_source_row"": 15}",accepted_source_row,not_old_public_411_member,unknown_or_current_only
146612,LEWIS UNIVERSITY,private,IL,True,15,False,True,False,15,0,0,15,0,0,0,0,0,0,0,0,"{""accepted_source_row"": 15}",accepted_source_row,not_old_public_411_member,unknown_or_current_only
146621,LEXINGTON COLLEGE,private,IL,True,3,False,True,False,3,0,0,3,0,0,0,0,0,0,0,0,"{""accepted_source_row"": 3}",accepted_source_row,not_old_public_411_member,unknown_or_current_only
146676,Lincoln College,private,IL,True,7,False,True,False,7,0,0,7,0,0,0,0,0,0,0,0,"{""accepted_source_row"": 7}",accepted_source_row,not_old_public_411_member,unknown_or_current_only
146719,LOYOLA UNIVERSITY CHICAGO,private,IL,True,15,False,True,False,15,0,0,15,0,0,0,0,0,0,0,0,"{""accepted_source_row"": 15}",accepted_source_row,not_old_public_411_member,unknown_or_current_only
146825,MACMURRAY COLLEGE,private,IL,True,12,False,True,False,12,0,0,12,0,0,0,0,0,0,0,0,"{""accepted_source_row"": 12}",accepted_source_row,not_old_public_411_member,unknown_or_current_only
147129,Methodist College of Nursing,private,IL,True,6,False,True,False,6,0,0,6,0,0,0,0,0,0,0,0,"{""accepted_source_row"": 6}",accepted_source_row,not_old_public_411_member,unknown_or_current_only
147341,MONMOUTH COLLEGE,private,IL,True,15,False,True,False,15,0,0,15,0,0,0,0,0,0,0,0,"{""accepted_source_row"": 15}",accepted_source_row,not_old_public_411_member,unknown_or_current_only
147369,Moody Bible Institute,private,IL,True,7,False,True,False,7,0,0,7,0,0,0,0,0,0,0,0,"{""accepted_source_row"": 7}",accepted_source_row,not_old_public_411_member,historical_lead; unknown_or_current_only
147536,NATIONAL-LOUIS UNIVERSITY,private,IL,True,13,False,True,False,13,0,0,13,0,0,0,0,0,0,0,0,"{""accepted_source_row"": 13}",accepted_source_row,not_old_public_411_member,unknown_or_current_only
147660,NORTH CENTRAL COLLEGE,private,IL,True,15,False,True,False,15,0,0,15,0,0,0,0,0,0,0,0,"{""accepted_source_row"": 15}",accepted_source_row,not_old_public_411_member,unknown_or_current_only
147767,NORTHWESTERN UNIVERSITY,private,IL,True,15,False,True,False,15,0,0,15,0,0,0,0,0,0,0,0,"{""accepted_source_row"": 15}",accepted_source_row,not_old_public_411_member,unknown_or_current_only
147776,NORTHEASTERN ILLINOIS UNIVERSITY,public,IL,True,15,True,False,True,15,0,0,15,0,0,0,0,0,0,0,0,"{""accepted_source_row"": 15}",accepted_source_row,accepted_after_repair,historical_lead; validated_human_legacy
148016,PRINCIPIA COLLEGE,private,IL,True,9,False,True,False,9,0,0,9,0,0,0,0,0,0,0,0,"{""accepted_source_row"": 9}",accepted_source_row,not_old_public_411_member,unknown_or_current_only
148131,QUINCY UNIVERSITY,private,IL,True,15,False,True,False,15,0,0,15,0,0,0,0,0,0,0,0,"{""accepted_source_row"": 15}",accepted_source_row,not_old_public_411_member,unknown_or_current_only
148335,ROBERT MORRIS COLLEGE,private,IL,True,12,False,True,False,12,0,0,12,0,0,0,0,0,0,0,0,"{""accepted_source_row"": 12}",accepted_source_row,not_old_public_411_member,unknown_or_current_only
148496,DOMINICAN UNIVERSITY,private,IL,True,15,False,True,False,15,0,0,15,0,0,0,0,0,0,0,0,"{""accepted_source_row"": 15}",accepted_source_row,not_old_public_411_member,unknown_or_current_only
148627,SAINT XAVIER UNIVERSITY,private,IL,True,15,True,False,False,15,0,0,15,0,0,0,0,0,0,0,0,"{""accepted_source_row"": 15}",accepted_source_row,not_old_public_411_member,unknown_or_current_only; validated_human_legacy
148654,UNIVERSITY OF ILLINOIS AT SPRINGFIELD,public,IL,True,15,False,True,False,15,0,0,15,0,0,0,0,0,0,0,0,"{""accepted_source_row"": 15}",accepted_source_row,not_old_public_411_member,historical_lead
148876,Saint Augustine College,private,IL,True,4,False,True,False,4,0,0,4,0,0,0,0,0,0,0,0,"{""accepted_source_row"": 4}",accepted_source_row,not_old_public_411_member,unknown_or_current_only
149231,SOUTHERN ILLINOIS UNIVERSITY-EDWARDSVILLE,public,IL,True,15,True,False,True,15,0,0,15,0,0,0,0,0,0,0,0,"{""accepted_source_row"": 15}",accepted_source_row,accepted_after_repair,historical_lead
149505,TRINITY CHRISTIAN COLLEGE,private,IL,True,15,False,True,False,15,0,0,15,0,0,0,0,0,0,0,0,"{""accepted_source_row"": 15}",accepted_source_row,not_old_public_411_member,unknown_or_current_only
149772,WESTERN ILLINOIS UNIVERSITY,public,IL,True,15,True,False,True,15,0,0,15,0,0,0,0,0,0,0,0,"{""accepted_source_row"": 15}",accepted_source_row,accepted_after_repair,historical_lead
149781,WHEATON COLLEGE,private,IL,True,15,True,False,False,0,15,15,15,0,0,0,0,0,0,0,0,"{""accepted_source_row"": 15}",accepted_source_row,not_old_public_411_member,validated_human_legacy
150066,ANDERSON UNIVERSITY,private,IN,True,15,False,True,False,15,0,0,15,0,0,0,0,0,0,0,0,"{""accepted_source_row"": 15}",accepted_source_row,not_old_public_411_member,unknown_or_current_only
150145,BETHEL COLLEGE,private,IN,True,15,False,True,False,15,0,0,15,0,0,0,0,0,0,0,0,"{""accepted_source_row"": 15}",accepted_source_row,not_old_public_411_member,unknown_or_current_only
150163,BUTLER UNIVERSITY,private,IN,True,15,False,True,False,15,0,0,15,0,0,0,0,0,0,0,0,"{""accepted_source_row"": 15}",accepted_source_row,not_old_public_411_member,unknown_or_current_only
150400,DEPAUW UNIVERSITY,private,IN,True,15,True,False,False,15,0,0,15,0,0,0,0,0,0,0,0,"{""accepted_source_row"": 15}",accepted_source_row,not_old_public_411_member,historical_lead; prior_programmatic
150455,EARLHAM COLLEGE,private,IN,True,15,False,True,False,15,0,0,15,0,0,0,0,0,0,0,0,"{""accepted_source_row"": 15}",accepted_source_row,not_old_public_411_member,unknown_or_current_only
150604,FRANKLIN COLLEGE,private,IN,True,14,False,True,False,14,0,0,14,0,0,0,0,0,0,0,0,"{""accepted_source_row"": 14}",accepted_source_row,not_old_public_411_member,unknown_or_current_only
150668,GOSHEN COLLEGE,private,IN,True,15,False,True,False,15,0,0,15,0,0,0,0,0,0,0,0,"{""accepted_source_row"": 15}",accepted_source_row,not_old_public_411_member,unknown_or_current_only
150677,GRACE COLLEGE AND THEOLOGICAL SEMINARY,private,IN,True,15,False,True,False,15,0,0,15,0,0,0,0,0,0,0,0,"{""accepted_source_row"": 15}",accepted_source_row,not_old_public_411_member,unknown_or_current_only
150756,HANOVER COLLEGE,private,IN,True,15,False,True,False,15,0,0,15,0,0,0,0,0,0,0,0,"{""accepted_source_row"": 15}",accepted_source_row,not_old_public_411_member,unknown_or_current_only
150774,HOLY CROSS COLLEGE,private,IN,True,12,False,True,False,12,0,0,12,0,0,0,0,0,0,0,0,"{""accepted_source_row"": 12}",accepted_source_row,not_old_public_411_member,unknown_or_current_only
150941,HUNTINGTON COLLEGE,private,IN,True,15,False,True,False,15,0,0,15,0,0,0,0,0,0,0,0,"{""accepted_source_row"": 15}",accepted_source_row,not_old_public_411_member,unknown_or_current_only
151111,INDIANA UNIVERSITY-PURDUE UNIVERSITY-INDIANAPOLIS,public,IN,True,15,True,False,True,15,0,0,15,0,0,0,0,0,0,0,0,"{""accepted_source_row"": 15}",accepted_source_row,accepted_after_repair,historical_lead; validated_human_legacy
151263,UNIVERSITY OF INDIANAPOLIS,private,IN,True,15,False,True,False,15,0,0,15,0,0,0,0,0,0,0,0,"{""accepted_source_row"": 15}",accepted_source_row,not_old_public_411_member,unknown_or_current_only
151306,UNIVERSITY OF SOUTHERN INDIANA,public,IN,True,15,True,False,True,15,0,0,15,0,0,0,0,0,0,0,0,"{""accepted_source_row"": 15}",accepted_source_row,accepted_after_repair,historical_lead; validated_human_legacy
151324,INDIANA STATE UNIVERSITY,public,IN,True,15,True,False,True,9,6,6,15,0,0,0,0,0,0,0,0,"{""accepted_source_row"": 15}",accepted_source_row,accepted_after_repair,prior_programmatic; validated_human_legacy
151333,INDIANA UNIVERSITY-KOKOMO,public,IN,True,15,False,True,False,15,0,0,15,0,0,0,0,0,0,0,0,"{""accepted_source_row"": 15}",accepted_source_row,not_old_public_411_member,historical_lead
151342,INDIANA UNIVERSITY-SOUTH BEND,public,IN,True,15,False,True,False,15,0,0,15,0,0,0,0,0,0,0,0,"{""accepted_source_row"": 15}",accepted_source_row,not_old_public_411_member,historical_lead
151351,INDIANA UNIVERSITY-BLOOMINGTON,public,IN,True,15,False,True,False,15,0,0,15,0,0,0,0,0,0,0,0,"{""accepted_source_row"": 15}",accepted_source_row,not_old_public_411_member,historical_lead
151360,INDIANA UNIVERSITY-NORTHWEST,public,IN,True,15,False,True,False,15,0,0,15,0,0,0,0,0,0,0,0,"{""accepted_source_row"": 15}",accepted_source_row,not_old_public_411_member,historical_lead
151379,INDIANA UNIVERSITY-SOUTHEAST,public,IN,True,15,False,True,False,15,0,0,15,0,0,0,0,0,0,0,0,"{""accepted_source_row"": 15}",accepted_source_row,not_old_public_411_member,historical_lead
151388,INDIANA UNIVERSITY-EAST,public,IN,True,15,False,True,False,15,0,0,15,0,0,0,0,0,0,0,0,"{""accepted_source_row"": 15}",accepted_source_row,not_old_public_411_member,historical_lead
151786,MARIAN COLLEGE,private,IN,True,15,False,True,False,15,0,0,15,0,0,0,0,0,0,0,0,"{""accepted_source_row"": 15}",accepted_source_row,not_old_public_411_member,historical_lead; unknown_or_current_only
151801,INDIANA WESLEYAN UNIVERSITY,private,IN,True,15,False,True,False,15,0,0,15,0,0,0,0,0,0,0,0,"{""accepted_source_row"": 15}",accepted_source_row,not_old_public_411_member,unknown_or_current_only
151810,MARTIN UNIVERSITY,private,IN,True,6,False,True,False,6,0,0,6,0,0,0,0,0,0,0,0,"{""accepted_source_row"": 6}",accepted_source_row,not_old_public_411_member,unknown_or_current_only
151962,Mid-America College of Funeral Service,private,IN,True,5,False,True,False,5,0,0,5,0,0,0,0,0,0,0,0,"{""accepted_source_row"": 5}",accepted_source_row,not_old_public_411_member,unknown_or_current_only
152080,UNIVERSITY OF NOTRE DAME,private,IN,True,15,False,True,False,15,0,0,15,0,0,0,0,0,0,0,0,"{""accepted_source_row"": 15}",accepted_source_row,not_old_public_411_member,unknown_or_current_only
152099,OAKLAND CITY UNIVERSITY,private,IN,True,15,False,True,False,15,0,0,15,0,0,0,0,0,0,0,0,"{""accepted_source_row"": 15}",accepted_source_row,not_old_public_411_member,unknown_or_current_only
152318,ROSE-HULMAN INSTITUTE OF TECHNOLOGY,private,IN,True,15,False,True,False,15,0,0,15,0,0,0,0,0,0,0,0,"{""accepted_source_row"": 15}",accepted_source_row,not_old_public_411_member,unknown_or_current_only
152336,UNIVERSITY OF SAINT FRANCIS-FT WAYNE,private,IN,True,15,False,True,False,15,0,0,15,0,0,0,0,0,0,0,0,"{""accepted_source_row"": 15}",accepted_source_row,not_old_public_411_member,unknown_or_current_only
152363,SAINT JOSEPHS COLLEGE,private,IN,True,9,False,True,False,9,0,0,9,0,0,0,0,0,0,0,0,"{""accepted_source_row"": 9}",accepted_source_row,not_old_public_411_member,unknown_or_current_only
152381,SAINT MARY-OF-THE-WOODS COLLEGE,private,IN,True,15,False,True,False,15,0,0,15,0,0,0,0,0,0,0,0,"{""accepted_source_row"": 15}",accepted_source_row,not_old_public_411_member,unknown_or_current_only
152390,SAINT MARY'S COLLEGE,private,IN,True,15,False,True,False,15,0,0,15,0,0,0,0,0,0,0,0,"{""accepted_source_row"": 15}",accepted_source_row,not_old_public_411_member,unknown_or_current_only
152530,TAYLOR UNIVERSITY-UPLAND,private,IN,True,15,True,False,False,0,15,15,15,0,0,0,0,0,0,0,0,"{""accepted_source_row"": 15}",accepted_source_row,not_old_public_411_member,validated_human_legacy
152600,VALPARAISO UNIVERSITY,private,IN,True,15,False,True,False,15,0,0,15,0,0,0,0,0,0,0,0,"{""accepted_source_row"": 15}",accepted_source_row,not_old_public_411_member,unknown_or_current_only
152673,WABASH COLLEGE,private,IN,True,15,False,True,False,15,0,0,15,0,0,0,0,0,0,0,0,"{""accepted_source_row"": 15}",accepted_source_row,not_old_public_411_member,unknown_or_current_only
152798,ALLEN COLLEGE,private,IA,True,6,False,True,False,6,0,0,6,0,0,0,0,0,0,0,0,"{""accepted_source_row"": 6}",accepted_source_row,not_old_public_411_member,unknown_or_current_only
152992,BRIAR CLIFF UNIVERSITY,private,IA,True,15,False,True,False,15,0,0,15,0,0,0,0,0,0,0,0,"{""accepted_source_row"": 15}",accepted_source_row,not_old_public_411_member,unknown_or_current_only
153001,BUENA VISTA UNIVERSITY,private,IA,True,15,False,True,False,15,0,0,15,0,0,0,0,0,0,0,0,"{""accepted_source_row"": 15}",accepted_source_row,not_old_public_411_member,unknown_or_current_only
153126,CLARKE COLLEGE,private,IA,True,15,False,True,False,15,0,0,15,0,0,0,0,0,0,0,0,"{""accepted_source_row"": 15}",accepted_source_row,not_old_public_411_member,unknown_or_current_only
153144,COE COLLEGE,private,IA,True,15,False,True,False,15,0,0,15,0,0,0,0,0,0,0,0,"{""accepted_source_row"": 15}",accepted_source_row,not_old_public_411_member,unknown_or_current_only
153162,CORNELL COLLEGE,private,IA,True,15,False,True,False,15,0,0,15,0,0,0,0,0,0,0,0,"{""accepted_source_row"": 15}",accepted_source_row,not_old_public_411_member,unknown_or_current_only
153241,DIVINE WORD COLLEGE,private,IA,True,13,False,True,False,13,0,0,13,0,0,0,0,0,0,0,0,"{""accepted_source_row"": 13}",accepted_source_row,not_old_public_411_member,unknown_or_current_only
153250,DORDT COLLEGE,private,IA,True,15,False,True,False,15,0,0,15,0,0,0,0,0,0,0,0,"{""accepted_source_row"": 15}",accepted_source_row,not_old_public_411_member,unknown_or_current_only
153320,FAITH BAPTIST BIBLE COLLEGE AND THEOLOGICAL SEM,private,IA,True,13,False,True,False,13,0,0,13,0,0,0,0,0,0,0,0,"{""accepted_source_row"": 13}",accepted_source_row,not_old_public_411_member,unknown_or_current_only
153366,GRACELAND UNIVERSITY-LAMONI,private,IA,True,15,False,True,False,15,0,0,15,0,0,0,0,0,0,0,0,"{""accepted_source_row"": 15}",accepted_source_row,not_old_public_411_member,unknown_or_current_only
153375,GRAND VIEW COLLEGE,private,IA,True,15,False,True,False,15,0,0,15,0,0,0,0,0,0,0,0,"{""accepted_source_row"": 15}",accepted_source_row,not_old_public_411_member,unknown_or_current_only
153384,GRINNELL COLLEGE,private,IA,True,15,False,True,False,15,0,0,15,0,0,0,0,0,0,0,0,"{""accepted_source_row"": 15}",accepted_source_row,not_old_public_411_member,unknown_or_current_only
153603,IOWA STATE UNIVERSITY,public,IA,True,15,True,False,True,15,0,0,15,0,0,0,0,0,0,0,0,"{""accepted_source_row"": 15}",accepted_source_row,accepted_after_repair,prior_programmatic; validated_human_legacy
153621,IOWA WESLEYAN COLLEGE,private,IA,True,15,False,True,False,15,0,0,15,0,0,0,0,0,0,0,0,"{""accepted_source_row"": 15}",accepted_source_row,not_old_public_411_member,unknown_or_current_only
153825,LORAS COLLEGE,private,IA,True,15,False,True,False,15,0,0,15,0,0,0,0,0,0,0,0,"{""accepted_source_row"": 15}",accepted_source_row,not_old_public_411_member,unknown_or_current_only
153977,Mercy College of Health Sciences,private,IA,True,5,False,True,False,5,0,0,5,0,0,0,0,0,0,0,0,"{""accepted_source_row"": 5}",accepted_source_row,not_old_public_411_member,unknown_or_current_only
154013,MOUNT MERCY COLLEGE,private,IA,True,15,False,True,False,15,0,0,15,0,0,0,0,0,0,0,0,"{""accepted_source_row"": 15}",accepted_source_row,not_old_public_411_member,unknown_or_current_only
154022,THE FRANCISCAN UNIVERSITY,private,IA,True,3,False,True,False,3,0,0,3,0,0,0,0,0,0,0,0,"{""accepted_source_row"": 3}",accepted_source_row,not_old_public_411_member,unknown_or_current_only
154095,UNIVERSITY OF NORTHERN IOWA,public,IA,True,15,True,False,True,15,0,0,15,0,0,0,0,0,0,0,0,"{""accepted_source_row"": 15}",accepted_source_row,accepted_after_repair,historical_lead
154101,NORTHWESTERN COLLEGE,private,IA,True,15,False,True,False,15,0,0,15,0,0,0,0,0,0,0,0,"{""accepted_source_row"": 15}",accepted_source_row,not_old_public_411_member,unknown_or_current_only
154174,PALMER COLLEGE OF CHIROPRACTIC,private,IA,True,4,False,True,False,4,0,0,4,0,0,0,0,0,0,0,0,"{""accepted_source_row"": 4}",accepted_source_row,not_old_public_411_member,unknown_or_current_only
154518,WALDORF COLLEGE,private,IA,True,7,False,True,False,7,0,0,7,0,0,0,0,0,0,0,0,"{""accepted_source_row"": 7}",accepted_source_row,not_old_public_411_member,unknown_or_current_only
154527,WARTBURG COLLEGE,private,IA,True,15,False,True,False,15,0,0,15,0,0,0,0,0,0,0,0,"{""accepted_source_row"": 15}",accepted_source_row,not_old_public_411_member,unknown_or_current_only
154590,WILLIAM PENN UNIVERSITY,private,IA,True,15,False,True,False,15,0,0,15,0,0,0,0,0,0,0,0,"{""accepted_source_row"": 15}",accepted_source_row,not_old_public_411_member,unknown_or_current_only
154688,BAKER UNIVERSITY COLLEGE OF ARTS AND SCIENCES,private,KS,True,15,False,True,False,15,0,0,15,0,0,0,0,0,0,0,0,"{""accepted_source_row"": 15}",accepted_source_row,not_old_public_411_member,unknown_or_current_only
154749,BETHEL COLLEGE,private,KS,True,15,False,True,False,15,0,0,15,0,0,0,0,0,0,0,0,"{""accepted_source_row"": 15}",accepted_source_row,not_old_public_411_member,unknown_or_current_only
155070,BARCLAY COLLEGE,private,KS,True,15,False,True,False,15,0,0,15,0,0,0,0,0,0,0,0,"{""accepted_source_row"": 15}",accepted_source_row,not_old_public_411_member,unknown_or_current_only
155177,Hesston College,private,KS,True,2,False,True,False,2,0,0,2,0,0,0,0,0,0,0,0,"{""accepted_source_row"": 2}",accepted_source_row,not_old_public_411_member,unknown_or_current_only
155511,MCPHERSON COLLEGE,private,KS,True,15,False,True,False,15,0,0,15,0,0,0,0,0,0,0,0,"{""accepted_source_row"": 15}",accepted_source_row,not_old_public_411_member,unknown_or_current_only
155520,MIDAMERICA NAZARENE UNIVERSITY,private,KS,True,15,False,True,False,15,0,0,15,0,0,0,0,0,0,0,0,"{""accepted_source_row"": 15}",accepted_source_row,not_old_public_411_member,unknown_or_current_only
155900,SOUTHWESTERN COLLEGE,private,KS,True,15,False,True,False,15,0,0,15,0,0,0,0,0,0,0,0,"{""accepted_source_row"": 15}",accepted_source_row,not_old_public_411_member,unknown_or_current_only
155973,TABOR COLLEGE,private,KS,True,15,False,True,False,15,0,0,15,0,0,0,0,0,0,0,0,"{""accepted_source_row"": 15}",accepted_source_row,not_old_public_411_member,unknown_or_current_only
156125,WICHITA STATE UNIVERSITY,public,KS,True,13,True,False,True,13,0,0,13,0,0,0,0,0,0,0,0,"{""accepted_source_row"": 13}",accepted_source_row,accepted_after_repair,historical_lead
156286,BELLARMINE UNIVERSITY,private,KY,True,15,False,True,False,15,0,0,15,0,0,0,0,0,0,0,0,"{""accepted_source_row"": 15}",accepted_source_row,not_old_public_411_member,unknown_or_current_only
156295,BEREA COLLEGE,private,KY,True,15,False,True,False,15,0,0,15,0,0,0,0,0,0,0,0,"{""accepted_source_row"": 15}",accepted_source_row,not_old_public_411_member,unknown_or_current_only
156408,CENTRE COLLEGE,private,KY,True,15,False,True,False,15,0,0,15,0,0,0,0,0,0,0,0,"{""accepted_source_row"": 15}",accepted_source_row,not_old_public_411_member,unknown_or_current_only
156541,CUMBERLAND COLLEGE,private,KY,True,15,False,True,False,15,0,0,15,0,0,0,0,0,0,0,0,"{""accepted_source_row"": 15}",accepted_source_row,not_old_public_411_member,unknown_or_current_only
156620,EASTERN KENTUCKY UNIVERSITY,public,KY,True,15,True,False,True,0,15,15,15,0,0,0,0,0,0,0,0,"{""accepted_source_row"": 15}",accepted_source_row,accepted_after_repair,prior_programmatic; validated_human_legacy
156745,GEORGETOWN COLLEGE,private,KY,True,15,False,True,False,15,0,0,15,0,0,0,0,0,0,0,0,"{""accepted_source_row"": 15}",accepted_source_row,not_old_public_411_member,unknown_or_current_only
157030,KENTUCKY MOUNTAIN BIBLE COLLEGE,private,KY,True,5,False,True,False,5,0,0,5,0,0,0,0,0,0,0,0,"{""accepted_source_row"": 5}",accepted_source_row,not_old_public_411_member,unknown_or_current_only
157076,KENTUCKY WESLEYAN COLLEGE,private,KY,True,15,False,True,False,15,0,0,15,0,0,0,0,0,0,0,0,"{""accepted_source_row"": 15}",accepted_source_row,not_old_public_411_member,unknown_or_current_only
157085,UNIVERSITY OF KENTUCKY,public,KY,True,15,False,True,False,15,0,0,15,0,0,0,0,0,0,0,0,"{""accepted_source_row"": 15}",accepted_source_row,not_old_public_411_member,historical_lead
157100,KENTUCKY CHRISTIAN COLLEGE,private,KY,True,15,False,True,False,15,0,0,15,0,0,0,0,0,0,0,0,"{""accepted_source_row"": 15}",accepted_source_row,not_old_public_411_member,unknown_or_current_only
157216,LINDSEY WILSON COLLEGE,private,KY,True,15,False,True,False,15,0,0,15,0,0,0,0,0,0,0,0,"{""accepted_source_row"": 15}",accepted_source_row,not_old_public_411_member,historical_lead; unknown_or_current_only
157289,UNIVERSITY OF LOUISVILLE,public,KY,True,15,True,False,True,15,0,0,15,0,0,0,0,0,0,0,0,"{""accepted_source_row"": 15}",accepted_source_row,accepted_after_repair,historical_lead; validated_human_legacy
157359,MID-CONTINENT COLLEGE,private,KY,True,6,False,True,False,6,0,0,6,0,0,0,0,0,0,0,0,"{""accepted_source_row"": 6}",accepted_source_row,not_old_public_411_member,unknown_or_current_only
157377,MIDWAY COLLEGE,private,KY,True,14,False,True,False,14,0,0,14,0,0,0,0,0,0,0,0,"{""accepted_source_row"": 14}",accepted_source_row,not_old_public_411_member,unknown_or_current_only
157447,NORTHERN KENTUCKY UNIVERSITY,public,KY,True,15,True,False,True,15,0,0,15,0,0,0,0,0,0,0,0,"{""accepted_source_row"": 15}",accepted_source_row,accepted_after_repair,historical_lead; validated_human_legacy
157535,PIKEVILLE COLLEGE,private,KY,True,15,False,True,False,15,0,0,15,0,0,0,0,0,0,0,0,"{""accepted_source_row"": 15}",accepted_source_row,not_old_public_411_member,unknown_or_current_only
157632,SAINT CATHARINE COLLEGE,private,KY,True,5,False,True,False,5,0,0,5,0,0,0,0,0,0,0,0,"{""accepted_source_row"": 5}",accepted_source_row,not_old_public_411_member,unknown_or_current_only
157757,SPALDING UNIVERSITY,private,KY,True,13,False,True,False,13,0,0,13,0,0,0,0,0,0,0,0,"{""accepted_source_row"": 13}",accepted_source_row,not_old_public_411_member,unknown_or_current_only
157863,UNION COLLEGE,private,KY,True,15,False,True,False,15,0,0,15,0,0,0,0,0,0,0,0,"{""accepted_source_row"": 15}",accepted_source_row,not_old_public_411_member,historical_lead; unknown_or_current_only
157951,WESTERN KENTUCKY UNIVERSITY,public,KY,True,15,True,False,True,15,0,0,15,0,0,0,0,0,0,0,0,"{""accepted_source_row"": 15}",accepted_source_row,accepted_after_repair,historical_lead
158477,CENTENARY COLLEGE OF LOUISIANA,private,LA,True,15,False,True,False,15,0,0,15,0,0,0,0,0,0,0,0,"{""accepted_source_row"": 15}",accepted_source_row,not_old_public_411_member,unknown_or_current_only
158802,DILLARD UNIVERSITY,private,LA,True,14,False,True,False,14,0,0,14,0,0,0,0,0,0,0,0,"{""accepted_source_row"": 14}",accepted_source_row,not_old_public_411_member,unknown_or_current_only
159382,LOUISIANA STATE UNIVERSITY AT ALEXANDRIA,public,LA,True,14,True,False,False,14,0,0,14,0,0,0,0,0,0,0,0,"{""accepted_source_row"": 14}",accepted_source_row,not_old_public_411_member,historical_lead; validated_human_legacy
159416,LOUISIANA STATE UNIVERSITY-SHREVEPORT,public,LA,True,14,True,False,False,14,0,0,14,0,0,0,0,0,0,0,0,"{""accepted_source_row"": 14}",accepted_source_row,not_old_public_411_member,historical_lead; validated_human_legacy
159568,LOUISIANA COLLEGE,private,LA,True,15,False,True,False,15,0,0,15,0,0,0,0,0,0,0,0,"{""accepted_source_row"": 15}",accepted_source_row,not_old_public_411_member,unknown_or_current_only
159939,UNIVERSITY OF NEW ORLEANS,public,LA,True,13,True,False,True,13,0,0,13,0,0,0,0,0,0,0,0,"{""accepted_source_row"": 13}",accepted_source_row,accepted_after_repair,historical_lead
159993,UNIVERSITY OF LOUISIANA AT MONROE,public,LA,True,15,True,False,True,15,0,0,15,0,0,0,0,0,0,0,0,"{""accepted_source_row"": 15}",accepted_source_row,accepted_after_repair,historical_lead; validated_human_legacy
160038,NORTHWESTERN STATE UNIVERSITY OF LOUISIANA,public,LA,True,15,False,True,False,15,0,0,15,0,0,0,0,0,0,0,0,"{""accepted_source_row"": 15}",accepted_source_row,not_old_public_411_member,historical_lead
160065,OUR LADY OF HOLY CROSS COLLEGE,private,LA,True,13,False,True,False,13,0,0,13,0,0,0,0,0,0,0,0,"{""accepted_source_row"": 13}",accepted_source_row,not_old_public_411_member,unknown_or_current_only
160074,OUR LADY OF THE LAKE COLLEGE,private,LA,True,13,False,True,False,13,0,0,13,0,0,0,0,0,0,0,0,"{""accepted_source_row"": 13}",accepted_source_row,not_old_public_411_member,unknown_or_current_only
160409,SAINT JOSEPH SEMINARY COLLEGE,private,LA,True,14,False,True,False,14,0,0,14,0,0,0,0,0,0,0,0,"{""accepted_source_row"": 14}",accepted_source_row,not_old_public_411_member,unknown_or_current_only
160621,SOUTHERN UNIVERSITY AND A & M COLLEGE,public,LA,True,15,True,False,True,15,0,0,15,0,0,0,0,0,0,0,0,"{""accepted_source_row"": 15}",accepted_source_row,accepted_after_repair,historical_lead; validated_human_legacy
160630,SOUTHERN UNIVERSITY AT NEW ORLEANS,public,LA,True,12,True,False,True,12,0,0,12,0,0,0,0,0,0,0,0,"{""accepted_source_row"": 12}",accepted_source_row,accepted_after_repair,historical_lead; validated_human_legacy
160658,UNIVERSITY OF LOUISIANA AT LAFAYETTE,public,LA,True,15,True,False,True,15,0,0,15,0,0,0,0,0,0,0,0,"{""accepted_source_row"": 15}",accepted_source_row,accepted_after_repair,historical_lead; validated_human_legacy
160755,TULANE UNIVERSITY OF LOUISIANA,private,LA,True,13,False,True,False,13,0,0,13,0,0,0,0,0,0,0,0,"{""accepted_source_row"": 13}",accepted_source_row,not_old_public_411_member,unknown_or_current_only
160904,XAVIER UNIVERSITY OF LOUISIANA,private,LA,True,14,False,True,False,14,0,0,14,0,0,0,0,0,0,0,0,"{""accepted_source_row"": 14}",accepted_source_row,not_old_public_411_member,unknown_or_current_only
160959,COLLEGE OF THE ATLANTIC,private,ME,True,15,False,True,False,15,0,0,15,0,0,0,0,0,0,0,0,"{""accepted_source_row"": 15}",accepted_source_row,not_old_public_411_member,unknown_or_current_only
160977,Bates College,private,ME,True,7,False,True,False,7,0,0,7,0,0,0,0,0,0,0,0,"{""accepted_source_row"": 7}",accepted_source_row,not_old_public_411_member,unknown_or_current_only
161004,BOWDOIN COLLEGE,private,ME,True,15,False,True,False,15,0,0,15,0,0,0,0,0,0,0,0,"{""accepted_source_row"": 15}",accepted_source_row,not_old_public_411_member,unknown_or_current_only
161086,Colby College,private,ME,True,7,False,True,False,7,0,0,7,0,0,0,0,0,0,0,0,"{""accepted_source_row"": 7}",accepted_source_row,not_old_public_411_member,unknown_or_current_only
161226,UNIVERSITY OF MAINE AT FARMINGTON,public,ME,True,15,True,False,True,15,0,0,15,0,0,0,0,0,0,0,0,"{""accepted_source_row"": 15}",accepted_source_row,accepted_after_repair,historical_lead; validated_human_legacy
161235,UNIVERSITY OF MAINE AT FORT KENT,public,ME,True,15,True,False,True,15,0,0,15,0,0,0,0,0,0,0,0,"{""accepted_source_row"": 15}",accepted_source_row,accepted_after_repair,historical_lead; validated_human_legacy
161253,UNIVERSITY OF MAINE,public,ME,True,15,True,False,True,15,0,0,15,0,0,0,0,0,0,0,0,"{""accepted_source_row"": 15}",accepted_source_row,accepted_after_repair,historical_lead; validated_human_legacy
161457,UNIVERSITY OF NEW ENGLAND,private,ME,True,15,False,True,False,15,0,0,15,0,0,0,0,0,0,0,0,"{""accepted_source_row"": 15}",accepted_source_row,not_old_public_411_member,unknown_or_current_only
161509,MAINE COLLEGE OF ART,private,ME,True,15,False,True,False,15,0,0,15,0,0,0,0,0,0,0,0,"{""accepted_source_row"": 15}",accepted_source_row,not_old_public_411_member,unknown_or_current_only
161554,UNIVERSITY OF SOUTHERN MAINE,public,ME,True,15,True,False,True,15,0,0,15,0,0,0,0,0,0,0,0,"{""accepted_source_row"": 15}",accepted_source_row,accepted_after_repair,historical_lead
161563,THOMAS COLLEGE,private,ME,True,15,False,True,False,15,0,0,15,0,0,0,0,0,0,0,0,"{""accepted_source_row"": 15}",accepted_source_row,not_old_public_411_member,unknown_or_current_only
161572,UNITY COLLEGE,private,ME,True,15,False,True,False,15,0,0,15,0,0,0,0,0,0,0,0,"{""accepted_source_row"": 15}",accepted_source_row,not_old_public_411_member,unknown_or_current_only
161873,University of Baltimore,public,MD,True,9,True,False,False,9,0,0,9,0,0,0,0,0,0,0,0,"{""accepted_source_row"": 9}",accepted_source_row,not_old_public_411_member,historical_lead
162061,CAPITOL COLLEGE,private,MD,True,15,False,True,False,15,0,0,15,0,0,0,0,0,0,0,0,"{""accepted_source_row"": 15}",accepted_source_row,not_old_public_411_member,unknown_or_current_only
162654,GOUCHER COLLEGE,private,MD,True,15,False,True,False,15,0,0,15,0,0,0,0,0,0,0,0,"{""accepted_source_row"": 15}",accepted_source_row,not_old_public_411_member,unknown_or_current_only
162760,HOOD COLLEGE,private,MD,True,15,False,True,False,15,0,0,15,0,0,0,0,0,0,0,0,"{""accepted_source_row"": 15}",accepted_source_row,not_old_public_411_member,unknown_or_current_only
162928,JOHNS HOPKINS UNIVERSITY,private,MD,True,15,False,True,False,15,0,0,15,0,0,0,0,0,0,0,0,"{""accepted_source_row"": 15}",accepted_source_row,not_old_public_411_member,unknown_or_current_only
163046,LOYOLA COLLEGE,private,MD,True,15,True,False,False,13,2,2,15,0,0,0,0,0,0,0,0,"{""accepted_source_row"": 15}",accepted_source_row,not_old_public_411_member,validated_human_legacy
163268,UNIVERSITY OF MARYLAND-BALTIMORE COUNTY,public,MD,True,15,True,False,True,15,0,0,15,0,0,0,0,0,0,0,0,"{""accepted_source_row"": 15}",accepted_source_row,accepted_after_repair,historical_lead; validated_human_legacy
163295,MARYLAND INSTITUTE COLLEGE OF ART,private,MD,True,15,False,True,False,15,0,0,15,0,0,0,0,0,0,0,0,"{""accepted_source_row"": 15}",accepted_source_row,not_old_public_411_member,unknown_or_current_only
163338,UNIVERSITY OF MARYLAND-EASTERN SHORE,public,MD,True,15,True,False,True,15,0,0,15,0,0,0,0,0,0,0,0,"{""accepted_source_row"": 15}",accepted_source_row,accepted_after_repair,historical_lead
163532,NER ISRAEL RABBINICAL COLLEGE,private,MD,True,14,False,True,False,14,0,0,14,0,0,0,0,0,0,0,0,"{""accepted_source_row"": 14}",accepted_source_row,not_old_public_411_member,unknown_or_current_only
163578,COLLEGE OF NOTRE DAME OF MARYLAND,private,MD,True,15,False,True,False,15,0,0,15,0,0,0,0,0,0,0,0,"{""accepted_source_row"": 15}",accepted_source_row,not_old_public_411_member,unknown_or_current_only
163851,SALISBURY UNIVERSITY,public,MD,True,15,True,False,True,15,0,0,15,0,0,0,0,0,0,0,0,"{""accepted_source_row"": 15}",accepted_source_row,accepted_after_repair,historical_lead; validated_human_legacy
163912,ST MARY'S COLLEGE OF MARYLAND,public,MD,True,15,True,False,True,15,0,0,15,0,0,0,0,0,0,0,0,"{""accepted_source_row"": 15}",accepted_source_row,accepted_after_repair,historical_lead; validated_human_legacy
163921,SOJOURNER-DOUGLAS COLLEGE,private,MD,True,6,False,True,False,6,0,0,6,0,0,0,0,0,0,0,0,"{""accepted_source_row"": 6}",accepted_source_row,not_old_public_411_member,unknown_or_current_only
163976,ST JOHN'S COLLEGE,private,MD,True,14,False,True,False,14,0,0,14,0,0,0,0,0,0,0,0,"{""accepted_source_row"": 14}",accepted_source_row,not_old_public_411_member,unknown_or_current_only
164076,TOWSON UNIVERSITY,public,MD,True,15,True,False,True,15,0,0,15,0,0,0,0,0,0,0,0,"{""accepted_source_row"": 15}",accepted_source_row,accepted_after_repair,historical_lead
164155,UNITED STATES NAVAL ACADEMY,public,MD,True,6,False,True,False,6,0,0,6,0,0,0,0,0,0,0,0,"{""accepted_source_row"": 6}",accepted_source_row,not_old_public_411_member,historical_lead
164207,WASHINGTON BIBLE COLLEGE-CAPITAL BIBLE SEMINARY,private,MD,True,5,False,True,False,5,0,0,5,0,0,0,0,0,0,0,0,"{""accepted_source_row"": 5}",accepted_source_row,not_old_public_411_member,unknown_or_current_only
164216,WASHINGTON COLLEGE,private,MD,True,15,False,True,False,15,0,0,15,0,0,0,0,0,0,0,0,"{""accepted_source_row"": 15}",accepted_source_row,not_old_public_411_member,unknown_or_current_only
164270,MCDANIEL COLLEGE,private,MD,True,15,False,True,False,15,0,0,15,0,0,0,0,0,0,0,0,"{""accepted_source_row"": 15}",accepted_source_row,not_old_public_411_member,prior_programmatic; unknown_or_current_only
164447,AMERICAN INTERNATIONAL COLLEGE,private,MA,True,15,False,True,False,15,0,0,15,0,0,0,0,0,0,0,0,"{""accepted_source_row"": 15}",accepted_source_row,not_old_public_411_member,unknown_or_current_only
164465,AMHERST COLLEGE,private,MA,True,15,False,True,False,15,0,0,15,0,0,0,0,0,0,0,0,"{""accepted_source_row"": 15}",accepted_source_row,not_old_public_411_member,unknown_or_current_only
164562,ASSUMPTION COLLEGE,private,MA,True,15,False,True,False,15,0,0,15,0,0,0,0,0,0,0,0,"{""accepted_source_row"": 15}",accepted_source_row,not_old_public_411_member,unknown_or_current_only
164580,BABSON COLLEGE,private,MA,True,15,False,True,False,15,0,0,15,0,0,0,0,0,0,0,0,"{""accepted_source_row"": 15}",accepted_source_row,not_old_public_411_member,unknown_or_current_only
164614,BOSTON BAPTIST COLLEGE,private,MA,True,13,False,True,False,13,0,0,13,0,0,0,0,0,0,0,0,"{""accepted_source_row"": 13}",accepted_source_row,not_old_public_411_member,unknown_or_current_only
164720,BECKER COLLEGE,private,MA,True,13,False,True,False,13,0,0,13,0,0,0,0,0,0,0,0,"{""accepted_source_row"": 13}",accepted_source_row,not_old_public_411_member,unknown_or_current_only
164748,BERKLEE COLLEGE OF MUSIC,private,MA,True,15,False,True,False,15,0,0,15,0,0,0,0,0,0,0,0,"{""accepted_source_row"": 15}",accepted_source_row,not_old_public_411_member,unknown_or_current_only
164872,Boston Architectural Center,private,MA,True,5,False,True,False,5,0,0,5,0,0,0,0,0,0,0,0,"{""accepted_source_row"": 5}",accepted_source_row,not_old_public_411_member,unknown_or_current_only
164924,BOSTON COLLEGE,private,MA,True,15,False,True,False,15,0,0,15,0,0,0,0,0,0,0,0,"{""accepted_source_row"": 15}",accepted_source_row,not_old_public_411_member,unknown_or_current_only
164933,THE BOSTON CONSERVATORY,private,MA,True,6,False,True,False,6,0,0,6,0,0,0,0,0,0,0,0,"{""accepted_source_row"": 6}",accepted_source_row,not_old_public_411_member,unknown_or_current_only
164988,BOSTON UNIVERSITY,private,MA,True,15,False,True,False,15,0,0,15,0,0,0,0,0,0,0,0,"{""accepted_source_row"": 15}",accepted_source_row,not_old_public_411_member,unknown_or_current_only
165015,BRANDEIS UNIVERSITY,private,MA,True,15,True,False,False,15,0,0,15,0,0,0,0,0,0,0,0,"{""accepted_source_row"": 15}",accepted_source_row,not_old_public_411_member,validated_human_legacy
165167,Cambridge College,private,MA,True,5,False,True,False,5,0,0,5,0,0,0,0,0,0,0,0,"{""accepted_source_row"": 5}",accepted_source_row,not_old_public_411_member,unknown_or_current_only
165529,CURRY COLLEGE,private,MA,True,15,False,True,False,15,0,0,15,0,0,0,0,0,0,0,0,"{""accepted_source_row"": 15}",accepted_source_row,not_old_public_411_member,unknown_or_current_only
165574,DEAN COLLEGE,private,MA,True,15,False,True,False,15,0,0,15,0,0,0,0,0,0,0,0,"{""accepted_source_row"": 15}",accepted_source_row,not_old_public_411_member,unknown_or_current_only
165644,EASTERN NAZARENE COLLEGE,private,MA,True,15,False,True,False,15,0,0,15,0,0,0,0,0,0,0,0,"{""accepted_source_row"": 15}",accepted_source_row,not_old_public_411_member,unknown_or_current_only
165662,EMERSON COLLEGE,private,MA,True,15,True,False,False,0,15,15,15,0,0,0,0,0,0,0,0,"{""accepted_source_row"": 15}",accepted_source_row,not_old_public_411_member,validated_human_legacy
165671,EMMANUEL COLLEGE,private,MA,True,15,False,True,False,15,0,0,15,0,0,0,0,0,0,0,0,"{""accepted_source_row"": 15}",accepted_source_row,not_old_public_411_member,unknown_or_current_only
165802,FISHER COLLEGE,private,MA,True,14,False,True,False,14,0,0,14,0,0,0,0,0,0,0,0,"{""accepted_source_row"": 14}",accepted_source_row,not_old_public_411_member,unknown_or_current_only
166027,HARVARD UNIVERSITY,private,MA,True,15,False,True,False,15,0,0,15,0,0,0,0,0,0,0,0,"{""accepted_source_row"": 15}",accepted_source_row,not_old_public_411_member,unknown_or_current_only
166054,HELLENIC COLLEGE-HOLY CROSS GRK ORTH SCH OF THEOL,private,MA,True,14,False,True,False,14,0,0,14,0,0,0,0,0,0,0,0,"{""accepted_source_row"": 14}",accepted_source_row,not_old_public_411_member,unknown_or_current_only
166124,COLLEGE OF THE HOLY CROSS,private,MA,True,15,False,True,False,15,0,0,15,0,0,0,0,0,0,0,0,"{""accepted_source_row"": 15}",accepted_source_row,not_old_public_411_member,unknown_or_current_only
166452,LESLEY UNIVERSITY,private,MA,True,15,False,True,False,15,0,0,15,0,0,0,0,0,0,0,0,"{""accepted_source_row"": 15}",accepted_source_row,not_old_public_411_member,unknown_or_current_only
166638,UNIVERSITY OF MASSACHUSETTS-BOSTON,public,MA,True,15,True,False,True,15,0,0,15,0,0,0,0,0,0,0,0,"{""accepted_source_row"": 15}",accepted_source_row,accepted_after_repair,historical_lead
166850,MERRIMACK COLLEGE,private,MA,True,15,False,True,False,15,0,0,15,0,0,0,0,0,0,0,0,"{""accepted_source_row"": 15}",accepted_source_row,not_old_public_411_member,unknown_or_current_only
166948,MOUNT IDA COLLEGE,private,MA,True,10,False,True,False,10,0,0,10,0,0,0,0,0,0,0,0,"{""accepted_source_row"": 10}",accepted_source_row,not_old_public_411_member,unknown_or_current_only
166984,SCHOOL OF THE MUSEUM OF FINE ARTS,private,MA,True,9,False,True,False,9,0,0,9,0,0,0,0,0,0,0,0,"{""accepted_source_row"": 9}",accepted_source_row,not_old_public_411_member,unknown_or_current_only
167057,NEW ENGLAND CONSERVATORY OF MUSIC,private,MA,True,15,False,True,False,15,0,0,15,0,0,0,0,0,0,0,0,"{""accepted_source_row"": 15}",accepted_source_row,not_old_public_411_member,unknown_or_current_only
167251,NEWBURY COLLEGE-BROOKLINE,private,MA,True,11,False,True,False,11,0,0,11,0,0,0,0,0,0,0,0,"{""accepted_source_row"": 11}",accepted_source_row,not_old_public_411_member,unknown_or_current_only
167260,NICHOLS COLLEGE,private,MA,True,15,False,True,False,15,0,0,15,0,0,0,0,0,0,0,0,"{""accepted_source_row"": 15}",accepted_source_row,not_old_public_411_member,unknown_or_current_only
167288,MASSACHUSETTS COLLEGE OF LIBERAL ARTS,public,MA,True,15,False,True,False,15,0,0,15,0,0,0,0,0,0,0,0,"{""accepted_source_row"": 15}",accepted_source_row,not_old_public_411_member,historical_lead
167394,COLLEGE OF OUR LADY OF THE ELMS,private,MA,True,15,False,True,False,15,0,0,15,0,0,0,0,0,0,0,0,"{""accepted_source_row"": 15}",accepted_source_row,not_old_public_411_member,unknown_or_current_only
167455,PINE MANOR COLLEGE,private,MA,True,12,False,True,False,12,0,0,12,0,0,0,0,0,0,0,0,"{""accepted_source_row"": 12}",accepted_source_row,not_old_public_411_member,unknown_or_current_only
167783,SIMMONS COLLEGE,private,MA,True,15,False,True,False,15,0,0,15,0,0,0,0,0,0,0,0,"{""accepted_source_row"": 15}",accepted_source_row,not_old_public_411_member,unknown_or_current_only
167987,UNIVERSITY OF MASSACHUSETTS-DARTMOUTH,public,MA,True,15,True,False,True,15,0,0,15,0,0,0,0,0,0,0,0,"{""accepted_source_row"": 15}",accepted_source_row,accepted_after_repair,historical_lead; validated_human_legacy
167996,STONEHILL COLLEGE,private,MA,True,15,False,True,False,15,0,0,15,0,0,0,0,0,0,0,0,"{""accepted_source_row"": 15}",accepted_source_row,not_old_public_411_member,unknown_or_current_only
168005,SUFFOLK UNIVERSITY,private,MA,True,15,False,True,False,15,0,0,15,0,0,0,0,0,0,0,0,"{""accepted_source_row"": 15}",accepted_source_row,not_old_public_411_member,unknown_or_current_only
168218,WELLESLEY COLLEGE,private,MA,True,14,False,True,False,14,0,0,14,0,0,0,0,0,0,0,0,"{""accepted_source_row"": 14}",accepted_source_row,not_old_public_411_member,unknown_or_current_only
168254,WESTERN NEW ENGLAND COLLEGE,private,MA,True,15,False,True,False,15,0,0,15,0,0,0,0,0,0,0,0,"{""accepted_source_row"": 15}",accepted_source_row,not_old_public_411_member,prior_programmatic; unknown_or_current_only
168281,WHEATON COLLEGE,private,MA,True,15,False,True,False,15,0,0,15,0,0,0,0,0,0,0,0,"{""accepted_source_row"": 15}",accepted_source_row,not_old_public_411_member,unknown_or_current_only
168290,WHEELOCK COLLEGE,private,MA,True,11,False,True,False,11,0,0,11,0,0,0,0,0,0,0,0,"{""accepted_source_row"": 11}",accepted_source_row,not_old_public_411_member,unknown_or_current_only
168342,WILLIAMS COLLEGE,private,MA,True,15,False,True,False,15,0,0,15,0,0,0,0,0,0,0,0,"{""accepted_source_row"": 15}",accepted_source_row,not_old_public_411_member,unknown_or_current_only
168421,WORCESTER POLYTECHNIC INSTITUTE,private,MA,True,15,False,True,False,15,0,0,15,0,0,0,0,0,0,0,0,"{""accepted_source_row"": 15}",accepted_source_row,not_old_public_411_member,unknown_or_current_only
168430,WORCESTER STATE COLLEGE,public,MA,True,15,True,False,True,15,0,0,15,0,0,0,0,0,0,0,0,"{""accepted_source_row"": 15}",accepted_source_row,accepted_after_repair,historical_lead
168528,ADRIAN COLLEGE,private,MI,True,14,False,True,False,14,0,0,14,0,0,0,0,0,0,0,0,"{""accepted_source_row"": 14}",accepted_source_row,not_old_public_411_member,unknown_or_current_only
168591,ALMA COLLEGE,private,MI,True,15,False,True,False,15,0,0,15,0,0,0,0,0,0,0,0,"{""accepted_source_row"": 15}",accepted_source_row,not_old_public_411_member,unknown_or_current_only
168740,ANDREWS UNIVERSITY,private,MI,True,15,False,True,False,15,0,0,15,0,0,0,0,0,0,0,0,"{""accepted_source_row"": 15}",accepted_source_row,not_old_public_411_member,unknown_or_current_only
168847,BAKER COLLEGE OF FLINT,private,MI,True,14,False,True,False,14,0,0,14,0,0,0,0,0,0,0,0,"{""accepted_source_row"": 14}",accepted_source_row,not_old_public_411_member,unknown_or_current_only
169080,CALVIN COLLEGE,private,MI,True,15,True,False,False,1,14,14,15,0,0,0,0,0,0,0,0,"{""accepted_source_row"": 15}",accepted_source_row,not_old_public_411_member,validated_human_legacy
169248,CENTRAL MICHIGAN UNIVERSITY,public,MI,True,15,True,False,True,0,15,15,15,0,0,0,0,0,0,0,0,"{""accepted_source_row"": 15}",accepted_source_row,accepted_after_repair,prior_programmatic
169442,COLLEGE FOR CREATIVE STUDIES,private,MI,True,15,False,True,False,15,0,0,15,0,0,0,0,0,0,0,0,"{""accepted_source_row"": 15}",accepted_source_row,not_old_public_411_member,unknown_or_current_only
169716,UNIVERSITY OF DETROIT MERCY,private,MI,True,15,False,True,False,15,0,0,15,0,0,0,0,0,0,0,0,"{""accepted_source_row"": 15}",accepted_source_row,not_old_public_411_member,historical_lead
170000,GRACE BIBLE COLLEGE,private,MI,True,13,False,True,False,13,0,0,13,0,0,0,0,0,0,0,0,"{""accepted_source_row"": 13}",accepted_source_row,not_old_public_411_member,unknown_or_current_only
170091,GREAT LAKES CHRISTIAN COLLEGE,private,MI,True,12,False,True,False,12,0,0,12,0,0,0,0,0,0,0,0,"{""accepted_source_row"": 12}",accepted_source_row,not_old_public_411_member,unknown_or_current_only
170286,Hillsdale College,private,MI,True,2,False,True,False,2,0,0,2,0,0,0,0,0,0,0,0,"{""accepted_source_row"": 2}",accepted_source_row,not_old_public_411_member,unknown_or_current_only
170301,HOPE COLLEGE,private,MI,True,15,True,False,False,15,0,0,15,0,0,0,0,0,0,0,0,"{""accepted_source_row"": 15}",accepted_source_row,not_old_public_411_member,prior_programmatic; validated_human_legacy
170532,KALAMAZOO COLLEGE,private,MI,True,15,False,True,False,15,0,0,15,0,0,0,0,0,0,0,0,"{""accepted_source_row"": 15}",accepted_source_row,not_old_public_411_member,unknown_or_current_only
170967,ROCHESTER COLLEGE,private,MI,True,14,False,True,False,14,0,0,14,0,0,0,0,0,0,0,0,"{""accepted_source_row"": 14}",accepted_source_row,not_old_public_411_member,unknown_or_current_only
171100,MICHIGAN STATE UNIVERSITY,public,MI,True,15,False,True,False,15,0,0,15,0,0,0,0,0,0,0,0,"{""accepted_source_row"": 15}",accepted_source_row,not_old_public_411_member,historical_lead
171571,OAKLAND UNIVERSITY,public,MI,True,15,True,False,True,15,0,0,15,0,0,0,0,0,0,0,0,"{""accepted_source_row"": 15}",accepted_source_row,accepted_after_repair,historical_lead; validated_human_legacy
171881,REFORMED BIBLE COLLEGE,private,MI,True,15,False,True,False,15,0,0,15,0,0,0,0,0,0,0,0,"{""accepted_source_row"": 15}",accepted_source_row,not_old_public_411_member,unknown_or_current_only
172051,SAGINAW VALLEY STATE UNIVERSITY,public,MI,True,15,True,False,True,15,0,0,15,0,0,0,0,0,0,0,0,"{""accepted_source_row"": 15}",accepted_source_row,accepted_after_repair,historical_lead; validated_human_legacy
172264,SIENA HEIGHTS UNIVERSITY,private,MI,True,15,False,True,False,15,0,0,15,0,0,0,0,0,0,0,0,"{""accepted_source_row"": 15}",accepted_source_row,not_old_public_411_member,unknown_or_current_only
172334,SPRING ARBOR UNIVERSITY,private,MI,True,15,True,False,False,15,0,0,15,0,0,0,0,0,0,0,0,"{""accepted_source_row"": 15}",accepted_source_row,not_old_public_411_member,unknown_or_current_only; validated_human_legacy
172440,FINLANDIA UNIVERSITY,private,MI,True,15,False,True,False,15,0,0,15,0,0,0,0,0,0,0,0,"{""accepted_source_row"": 15}",accepted_source_row,not_old_public_411_member,unknown_or_current_only
172644,WAYNE STATE UNIVERSITY,public,MI,True,15,True,False,True,15,0,0,15,0,0,0,0,0,0,0,0,"{""accepted_source_row"": 15}",accepted_source_row,accepted_after_repair,historical_lead
172699,WESTERN MICHIGAN UNIVERSITY,public,MI,True,15,True,False,True,15,0,0,15,0,0,0,0,0,0,0,0,"{""accepted_source_row"": 15}",accepted_source_row,accepted_after_repair,historical_lead; validated_human_legacy
172972,APOSTOLIC BIBLE INSTITUTE INC,private,MN,True,5,False,True,False,5,0,0,5,0,0,0,0,0,0,0,0,"{""accepted_source_row"": 5}",accepted_source_row,not_old_public_411_member,unknown_or_current_only
173045,AUGSBURG COLLEGE,private,MN,True,15,True,False,False,15,0,0,15,0,0,0,0,0,0,0,0,"{""accepted_source_row"": 15}",accepted_source_row,not_old_public_411_member,historical_lead; prior_programmatic; validated_human_legacy
173124,BEMIDJI STATE UNIVERSITY,public,MN,True,14,True,False,True,14,0,0,14,0,0,0,0,0,0,0,0,"{""accepted_source_row"": 14}",accepted_source_row,accepted_after_repair,prior_programmatic; validated_human_legacy
173160,BETHEL COLLEGE,private,MN,True,15,True,False,False,10,5,5,15,0,0,0,0,0,0,0,0,"{""accepted_source_row"": 15}",accepted_source_row,not_old_public_411_member,prior_programmatic; validated_human_legacy
173328,CONCORDIA UNIVERSITY,private,MN,True,15,False,True,False,15,0,0,15,0,0,0,0,0,0,0,0,"{""accepted_source_row"": 15}",accepted_source_row,not_old_public_411_member,unknown_or_current_only
173647,GUSTAVUS ADOLPHUS COLLEGE,private,MN,True,15,False,True,False,15,0,0,15,0,0,0,0,0,0,0,0,"{""accepted_source_row"": 15}",accepted_source_row,not_old_public_411_member,unknown_or_current_only
173665,HAMLINE UNIVERSITY,private,MN,True,15,False,True,False,15,0,0,15,0,0,0,0,0,0,0,0,"{""accepted_source_row"": 15}",accepted_source_row,not_old_public_411_member,unknown_or_current_only
173920,MINNESOTA STATE UNIVERSITY-MANKATO,public,MN,True,14,False,True,False,14,0,0,14,0,0,0,0,0,0,0,0,"{""accepted_source_row"": 14}",accepted_source_row,not_old_public_411_member,historical_lead
174075,UNIVERSITY OF MINNESOTA-CROOKSTON,public,MN,True,15,False,True,False,15,0,0,15,0,0,0,0,0,0,0,0,"{""accepted_source_row"": 15}",accepted_source_row,not_old_public_411_member,historical_lead
174127,MINNEAPOLIS COLLEGE OF ART AND DESIGN,private,MN,True,14,False,True,False,14,0,0,14,0,0,0,0,0,0,0,0,"{""accepted_source_row"": 14}",accepted_source_row,not_old_public_411_member,unknown_or_current_only
174233,UNIVERSITY OF MINNESOTA-DULUTH,public,MN,True,15,False,True,False,15,0,0,15,0,0,0,0,0,0,0,0,"{""accepted_source_row"": 15}",accepted_source_row,not_old_public_411_member,historical_lead
174437,NORTH CENTRAL UNIVERSITY,private,MN,True,15,False,True,False,15,0,0,15,0,0,0,0,0,0,0,0,"{""accepted_source_row"": 15}",accepted_source_row,not_old_public_411_member,unknown_or_current_only
174525,OAK HILLS CHRISTIAN COLLEGE,private,MN,True,11,False,True,False,11,0,0,11,0,0,0,0,0,0,0,0,"{""accepted_source_row"": 11}",accepted_source_row,not_old_public_411_member,historical_lead; unknown_or_current_only
174783,SAINT CLOUD STATE UNIVERSITY,public,MN,True,14,True,False,True,14,0,0,14,0,0,0,0,0,0,0,0,"{""accepted_source_row"": 14}",accepted_source_row,accepted_after_repair,historical_lead
174792,SAINT JOHNS UNIVERSITY,private,MN,True,15,False,True,False,15,0,0,15,0,0,0,0,0,0,0,0,"{""accepted_source_row"": 15}",accepted_source_row,not_old_public_411_member,unknown_or_current_only
174817,SAINT MARY'S UNIVERSITY OF MINNESOTA,private,MN,True,15,False,True,False,15,0,0,15,0,0,0,0,0,0,0,0,"{""accepted_source_row"": 15}",accepted_source_row,not_old_public_411_member,unknown_or_current_only
174862,CROWN COLLEGE,private,MN,True,15,False,True,False,15,0,0,15,0,0,0,0,0,0,0,0,"{""accepted_source_row"": 15}",accepted_source_row,not_old_public_411_member,unknown_or_current_only
174899,THE COLLEGE OF SAINT SCHOLASTICA,private,MN,True,15,False,True,False,15,0,0,15,0,0,0,0,0,0,0,0,"{""accepted_source_row"": 15}",accepted_source_row,not_old_public_411_member,historical_lead; unknown_or_current_only
174914,UNIVERSITY OF ST THOMAS,private,MN,True,15,False,True,False,15,0,0,15,0,0,0,0,0,0,0,0,"{""accepted_source_row"": 15}",accepted_source_row,not_old_public_411_member,unknown_or_current_only
175227,Dunwoody College of Technology,private,MN,True,6,False,True,False,6,0,0,6,0,0,0,0,0,0,0,0,"{""accepted_source_row"": 6}",accepted_source_row,not_old_public_411_member,unknown_or_current_only
175272,WINONA STATE UNIVERSITY,public,MN,True,14,True,False,True,14,0,0,14,0,0,0,0,0,0,0,0,"{""accepted_source_row"": 14}",accepted_source_row,accepted_after_repair,historical_lead; validated_human_legacy
175421,BELHAVEN COLLEGE,private,MS,True,15,False,True,False,15,0,0,15,0,0,0,0,0,0,0,0,"{""accepted_source_row"": 15}",accepted_source_row,not_old_public_411_member,validated_human_legacy
175980,MILLSAPS COLLEGE,private,MS,True,15,False,True,False,15,0,0,15,0,0,0,0,0,0,0,0,"{""accepted_source_row"": 15}",accepted_source_row,not_old_public_411_member,unknown_or_current_only
176053,MISSISSIPPI COLLEGE,private,MS,True,15,True,False,False,15,0,0,15,0,0,0,0,0,0,0,0,"{""accepted_source_row"": 15}",accepted_source_row,not_old_public_411_member,prior_programmatic; validated_human_legacy
176318,RUST COLLEGE,private,MS,True,14,False,True,False,14,0,0,14,0,0,0,0,0,0,0,0,"{""accepted_source_row"": 14}",accepted_source_row,not_old_public_411_member,unknown_or_current_only
176336,Southeastern Baptist College,private,MS,True,3,False,True,False,3,0,0,3,0,0,0,0,0,0,0,0,"{""accepted_source_row"": 3}",accepted_source_row,not_old_public_411_member,unknown_or_current_only
176372,UNIVERSITY OF SOUTHERN MISSISSIPPI,public,MS,True,15,True,False,True,15,0,0,15,0,0,0,0,0,0,0,0,"{""accepted_source_row"": 15}",accepted_source_row,accepted_after_repair,historical_lead; validated_human_legacy
176789,CALVARY BIBLE COLLEGE AND THEOLOGICAL SEMINARY,private,MO,True,15,False,True,False,15,0,0,15,0,0,0,0,0,0,0,0,"{""accepted_source_row"": 15}",accepted_source_row,not_old_public_411_member,unknown_or_current_only
176910,CENTRAL CHRISTIAN COLLEGE OF THE BIBLE,private,MO,True,15,False,True,False,15,0,0,15,0,0,0,0,0,0,0,0,"{""accepted_source_row"": 15}",accepted_source_row,not_old_public_411_member,unknown_or_current_only
176938,CENTRAL BIBLE COLLEGE,private,MO,True,5,False,True,False,5,0,0,5,0,0,0,0,0,0,0,0,"{""accepted_source_row"": 5}",accepted_source_row,not_old_public_411_member,unknown_or_current_only
176947,CENTRAL METHODIST COLLEGE,private,MO,True,15,False,True,False,15,0,0,15,0,0,0,0,0,0,0,0,"{""accepted_source_row"": 15}",accepted_source_row,not_old_public_411_member,unknown_or_current_only
177117,Cottey College,private,MO,True,6,False,True,False,6,0,0,6,0,0,0,0,0,0,0,0,"{""accepted_source_row"": 6}",accepted_source_row,not_old_public_411_member,unknown_or_current_only
177214,DRURY UNIVERSITY,private,MO,True,14,False,True,False,14,0,0,14,0,0,0,0,0,0,0,0,"{""accepted_source_row"": 14}",accepted_source_row,not_old_public_411_member,unknown_or_current_only
177418,FONTBONNE UNIVERSITY,private,MO,True,15,False,True,False,15,0,0,15,0,0,0,0,0,0,0,0,"{""accepted_source_row"": 15}",accepted_source_row,not_old_public_411_member,unknown_or_current_only
177542,HANNIBAL-LAGRANGE COLLEGE,private,MO,True,15,False,True,False,15,0,0,15,0,0,0,0,0,0,0,0,"{""accepted_source_row"": 15}",accepted_source_row,not_old_public_411_member,unknown_or_current_only
177746,KANSAS CITY ART INSTITUTE,private,MO,True,14,False,True,False,14,0,0,14,0,0,0,0,0,0,0,0,"{""accepted_source_row"": 14}",accepted_source_row,not_old_public_411_member,unknown_or_current_only
177816,Kenrick Glennon Seminary,private,MO,True,9,False,True,False,9,0,0,9,0,0,0,0,0,0,0,0,"{""accepted_source_row"": 9}",accepted_source_row,not_old_public_411_member,unknown_or_current_only
177968,LINDENWOOD UNIVERSITY,private,MO,True,15,False,True,False,15,0,0,15,0,0,0,0,0,0,0,0,"{""accepted_source_row"": 15}",accepted_source_row,not_old_public_411_member,unknown_or_current_only
178208,Midwestern Baptist Theological Seminary,private,MO,True,7,False,True,False,7,0,0,7,0,0,0,0,0,0,0,0,"{""accepted_source_row"": 7}",accepted_source_row,not_old_public_411_member,unknown_or_current_only
178396,UNIVERSITY OF MISSOURI-COLUMBIA,public,MO,True,15,True,False,True,15,0,0,15,0,0,0,0,0,0,0,0,"{""accepted_source_row"": 15}",accepted_source_row,accepted_after_repair,historical_lead; validated_human_legacy
178402,UNIVERSITY OF MISSOURI-KANSAS CITY,public,MO,True,15,False,True,False,15,0,0,15,0,0,0,0,0,0,0,0,"{""accepted_source_row"": 15}",accepted_source_row,not_old_public_411_member,historical_lead
178411,UNIVERSITY OF MISSOURI-ROLLA,public,MO,True,15,False,True,False,15,0,0,15,0,0,0,0,0,0,0,0,"{""accepted_source_row"": 15}",accepted_source_row,not_old_public_411_member,historical_lead
178615,TRUMAN STATE UNIVERSITY,public,MO,True,15,False,True,False,15,0,0,15,0,0,0,0,0,0,0,0,"{""accepted_source_row"": 15}",accepted_source_row,not_old_public_411_member,historical_lead
178679,OZARK CHRISTIAN COLLEGE,private,MO,True,15,False,True,False,15,0,0,15,0,0,0,0,0,0,0,0,"{""accepted_source_row"": 15}",accepted_source_row,not_old_public_411_member,unknown_or_current_only
178697,COLLEGE OF THE OZARKS,private,MO,True,15,False,True,False,15,0,0,15,0,0,0,0,0,0,0,0,"{""accepted_source_row"": 15}",accepted_source_row,not_old_public_411_member,unknown_or_current_only
178721,PARK UNIVERSITY,private,MO,True,15,True,False,False,15,0,0,15,0,0,0,0,0,0,0,0,"{""accepted_source_row"": 15}",accepted_source_row,not_old_public_411_member,validated_human_legacy
178891,RANKEN TECHNICAL COLLEGE,private,MO,True,13,False,True,False,13,0,0,13,0,0,0,0,0,0,0,0,"{""accepted_source_row"": 13}",accepted_source_row,not_old_public_411_member,unknown_or_current_only
179043,ROCKHURST UNIVERSITY,private,MO,True,15,False,True,False,15,0,0,15,0,0,0,0,0,0,0,0,"{""accepted_source_row"": 15}",accepted_source_row,not_old_public_411_member,unknown_or_current_only
179159,SAINT LOUIS UNIVERSITY-MAIN CAMPUS,private,MO,True,15,False,True,False,15,0,0,15,0,0,0,0,0,0,0,0,"{""accepted_source_row"": 15}",accepted_source_row,not_old_public_411_member,unknown_or_current_only
179566,SOUTHWEST MISSOURI STATE UNIVERSITY,public,MO,True,15,True,False,True,15,0,0,15,0,0,0,0,0,0,0,0,"{""accepted_source_row"": 15}",accepted_source_row,accepted_after_repair,historical_lead
179867,WASHINGTON UNIVERSITY IN ST LOUIS,private,MO,True,15,False,True,False,15,0,0,15,0,0,0,0,0,0,0,0,"{""accepted_source_row"": 15}",accepted_source_row,not_old_public_411_member,unknown_or_current_only
179946,WESTMINSTER COLLEGE,private,MO,True,15,False,True,False,15,0,0,15,0,0,0,0,0,0,0,0,"{""accepted_source_row"": 15}",accepted_source_row,not_old_public_411_member,unknown_or_current_only
180258,UNIVERSITY OF GREAT FALLS,private,MT,True,15,False,True,False,15,0,0,15,0,0,0,0,0,0,0,0,"{""accepted_source_row"": 15}",accepted_source_row,not_old_public_411_member,unknown_or_current_only
180489,THE UNIVERSITY OF MONTANA-MISSOULA,public,MT,True,14,True,False,True,14,0,0,14,0,0,0,0,0,0,0,0,"{""accepted_source_row"": 14}",accepted_source_row,accepted_after_repair,historical_lead
180692,THE UNIVERSITY OF MONTANA-WESTERN,public,MT,True,14,False,True,False,14,0,0,14,0,0,0,0,0,0,0,0,"{""accepted_source_row"": 14}",accepted_source_row,not_old_public_411_member,historical_lead
180814,BELLEVUE UNIVERSITY,private,NE,True,11,False,True,False,11,0,0,11,0,0,0,0,0,0,0,0,"{""accepted_source_row"": 11}",accepted_source_row,not_old_public_411_member,unknown_or_current_only
180832,CLARKSON COLLEGE,private,NE,True,11,False,True,False,11,0,0,11,0,0,0,0,0,0,0,0,"{""accepted_source_row"": 11}",accepted_source_row,not_old_public_411_member,unknown_or_current_only
180984,CONCORDIA UNIVERSITY,private,NE,True,15,False,True,False,15,0,0,15,0,0,0,0,0,0,0,0,"{""accepted_source_row"": 15}",accepted_source_row,not_old_public_411_member,unknown_or_current_only
181002,CREIGHTON UNIVERSITY,private,NE,True,15,True,False,False,15,0,0,15,0,0,0,0,0,0,0,0,"{""accepted_source_row"": 15}",accepted_source_row,not_old_public_411_member,validated_human_legacy
181011,DANA COLLEGE,private,NE,True,2,False,True,False,2,0,0,2,0,0,0,0,0,0,0,0,"{""accepted_source_row"": 2}",accepted_source_row,not_old_public_411_member,unknown_or_current_only
181020,DOANE COLLEGE,private,NE,True,15,False,True,False,15,0,0,15,0,0,0,0,0,0,0,0,"{""accepted_source_row"": 15}",accepted_source_row,not_old_public_411_member,unknown_or_current_only
181093,GRACE UNIVERSITY,private,NE,True,10,False,True,False,10,0,0,10,0,0,0,0,0,0,0,0,"{""accepted_source_row"": 10}",accepted_source_row,not_old_public_411_member,historical_lead; unknown_or_current_only
181215,UNIVERSITY OF NEBRASKA AT KEARNEY,public,NE,True,15,True,False,True,15,0,0,15,0,0,0,0,0,0,0,0,"{""accepted_source_row"": 15}",accepted_source_row,accepted_after_repair,historical_lead; validated_human_legacy
181376,NEBRASKA CHRISTIAN COLLEGE,private,NE,True,11,False,True,False,11,0,0,11,0,0,0,0,0,0,0,0,"{""accepted_source_row"": 11}",accepted_source_row,not_old_public_411_member,unknown_or_current_only
181446,NEBRASKA WESLEYAN UNIVERSITY,private,NE,True,15,False,True,False,15,0,0,15,0,0,0,0,0,0,0,0,"{""accepted_source_row"": 15}",accepted_source_row,not_old_public_411_member,unknown_or_current_only
181534,PERU STATE COLLEGE,public,NE,True,15,True,False,True,15,0,0,15,0,0,0,0,0,0,0,0,"{""accepted_source_row"": 15}",accepted_source_row,accepted_after_repair,historical_lead
181543,PLATTE VALLEY BIBLE COLLEGE,private,NE,True,10,False,True,False,10,0,0,10,0,0,0,0,0,0,0,0,"{""accepted_source_row"": 10}",accepted_source_row,not_old_public_411_member,unknown_or_current_only
181738,UNION COLLEGE,private,NE,True,15,False,True,False,15,0,0,15,0,0,0,0,0,0,0,0,"{""accepted_source_row"": 15}",accepted_source_row,not_old_public_411_member,historical_lead; unknown_or_current_only
181783,WAYNE STATE COLLEGE,public,NE,True,15,True,False,True,15,0,0,15,0,0,0,0,0,0,0,0,"{""accepted_source_row"": 15}",accepted_source_row,accepted_after_repair,historical_lead; validated_human_legacy
181853,YORK COLLEGE,private,NE,True,15,False,True,False,15,0,0,15,0,0,0,0,0,0,0,0,"{""accepted_source_row"": 15}",accepted_source_row,not_old_public_411_member,unknown_or_current_only
182281,UNIVERSITY OF NEVADA-LAS VEGAS,public,NV,True,15,True,False,True,15,0,0,15,0,0,0,0,0,0,0,0,"{""accepted_source_row"": 15}",accepted_source_row,accepted_after_repair,historical_lead; validated_human_legacy
182290,UNIVERSITY OF NEVADA-RENO,public,NV,True,15,True,False,True,15,0,0,15,0,0,0,0,0,0,0,0,"{""accepted_source_row"": 15}",accepted_source_row,accepted_after_repair,historical_lead; validated_human_legacy
182306,GREAT BASIN COLLEGE,public,NV,True,11,True,False,False,0,11,11,11,0,0,0,0,0,0,0,0,"{""accepted_source_row"": 11}",accepted_source_row,not_old_public_411_member,prior_programmatic
182458,SIERRA NEVADA COLLEGE,private,NV,True,14,False,True,False,14,0,0,14,0,0,0,0,0,0,0,0,"{""accepted_source_row"": 14}",accepted_source_row,not_old_public_411_member,unknown_or_current_only
182634,COLBY-SAWYER COLLEGE,private,NH,True,15,False,True,False,15,0,0,15,0,0,0,0,0,0,0,0,"{""accepted_source_row"": 15}",accepted_source_row,not_old_public_411_member,unknown_or_current_only
182661,DANIEL WEBSTER COLLEGE,private,NH,True,7,False,True,False,7,0,0,7,0,0,0,0,0,0,0,0,"{""accepted_source_row"": 7}",accepted_source_row,not_old_public_411_member,unknown_or_current_only
182670,DARTMOUTH COLLEGE,private,NH,True,15,False,True,False,15,0,0,15,0,0,0,0,0,0,0,0,"{""accepted_source_row"": 15}",accepted_source_row,not_old_public_411_member,unknown_or_current_only
182795,FRANKLIN PIERCE COLLEGE,private,NH,True,15,False,True,False,15,0,0,15,0,0,0,0,0,0,0,0,"{""accepted_source_row"": 15}",accepted_source_row,not_old_public_411_member,unknown_or_current_only
182980,NEW ENGLAND COLLEGE,private,NH,True,15,False,True,False,15,0,0,15,0,0,0,0,0,0,0,0,"{""accepted_source_row"": 15}",accepted_source_row,not_old_public_411_member,unknown_or_current_only
183026,SOUTHERN NEW HAMPSHIRE UNIVERSITY,private,NH,True,15,True,False,False,0,15,15,15,0,0,0,0,0,0,0,0,"{""accepted_source_row"": 15}",accepted_source_row,not_old_public_411_member,validated_human_legacy
183080,PLYMOUTH STATE COLLEGE,public,NH,True,15,True,False,True,15,0,0,15,0,0,0,0,0,0,0,0,"{""accepted_source_row"": 15}",accepted_source_row,accepted_after_repair,historical_lead
183211,RIVIER COLLEGE,private,NH,True,14,False,True,False,14,0,0,14,0,0,0,0,0,0,0,0,"{""accepted_source_row"": 14}",accepted_source_row,not_old_public_411_member,unknown_or_current_only
183239,SAINT ANSELM COLLEGE,private,NH,True,15,True,False,False,15,0,0,15,0,0,0,0,0,0,0,0,"{""accepted_source_row"": 15}",accepted_source_row,not_old_public_411_member,unknown_or_current_only; validated_human_legacy
183257,Granite State College,public,NH,True,4,True,False,True,0,4,4,4,0,0,0,0,0,0,0,0,"{""accepted_source_row"": 4}",accepted_source_row,accepted_after_repair,prior_programmatic
183345,CHESTER COLLEGE OF NEW ENGLAND,private,NH,True,3,False,True,False,3,0,0,3,0,0,0,0,0,0,0,0,"{""accepted_source_row"": 3}",accepted_source_row,not_old_public_411_member,unknown_or_current_only
183910,CALDWELL COLLEGE,private,NJ,True,15,False,True,False,15,0,0,15,0,0,0,0,0,0,0,0,"{""accepted_source_row"": 15}",accepted_source_row,not_old_public_411_member,unknown_or_current_only
184348,DREW UNIVERSITY,private,NJ,True,15,False,True,False,15,0,0,15,0,0,0,0,0,0,0,0,"{""accepted_source_row"": 15}",accepted_source_row,not_old_public_411_member,unknown_or_current_only
184603,FAIRLEIGH DICKINSON UNIVERSITY-ALL CAMPUSES,private,NJ,True,15,False,True,False,15,0,0,15,0,0,0,0,0,0,0,0,"{""accepted_source_row"": 15}",accepted_source_row,not_old_public_411_member,unknown_or_current_only
184612,FELICIAN COLLEGE,private,NJ,True,15,False,True,False,15,0,0,15,0,0,0,0,0,0,0,0,"{""accepted_source_row"": 15}",accepted_source_row,not_old_public_411_member,unknown_or_current_only
184773,GEORGIAN COURT COLLEGE,private,NJ,True,15,False,True,False,15,0,0,15,0,0,0,0,0,0,0,0,"{""accepted_source_row"": 15}",accepted_source_row,not_old_public_411_member,unknown_or_current_only
184782,ROWAN UNIVERSITY,public,NJ,True,15,True,False,True,15,0,0,15,0,0,0,0,0,0,0,0,"{""accepted_source_row"": 15}",accepted_source_row,accepted_after_repair,historical_lead; validated_human_legacy
185129,NEW JERSEY CITY UNIVERSITY,public,NJ,True,15,True,False,True,15,0,0,15,0,0,0,0,0,0,0,0,"{""accepted_source_row"": 15}",accepted_source_row,accepted_after_repair,historical_lead; validated_human_legacy
186131,PRINCETON UNIVERSITY,private,NJ,True,15,False,True,False,15,0,0,15,0,0,0,0,0,0,0,0,"{""accepted_source_row"": 15}",accepted_source_row,not_old_public_411_member,unknown_or_current_only
186186,Rabbinical College of America,private,NJ,True,4,False,True,False,4,0,0,4,0,0,0,0,0,0,0,0,"{""accepted_source_row"": 4}",accepted_source_row,not_old_public_411_member,unknown_or_current_only
186201,RAMAPO COLLEGE OF NEW JERSEY,public,NJ,True,15,True,False,True,15,0,0,15,0,0,0,0,0,0,0,0,"{""accepted_source_row"": 15}",accepted_source_row,accepted_after_repair,historical_lead; validated_human_legacy
186371,Rutgers University-Camden,public,NJ,True,3,False,True,False,3,0,0,3,0,0,0,0,0,0,0,0,"{""accepted_source_row"": 3}",accepted_source_row,not_old_public_411_member,historical_lead
186380,Rutgers University-New Brunswick/Piscataway,public,NJ,True,12,False,True,False,12,0,0,12,0,0,0,0,0,0,0,0,"{""accepted_source_row"": 12}",accepted_source_row,not_old_public_411_member,historical_lead
186399,Rutgers University-Newark,public,NJ,True,3,False,True,False,3,0,0,3,0,0,0,0,0,0,0,0,"{""accepted_source_row"": 3}",accepted_source_row,not_old_public_411_member,historical_lead
186584,SETON HALL UNIVERSITY,private,NJ,True,15,True,False,False,15,0,0,15,0,0,0,0,0,0,0,0,"{""accepted_source_row"": 15}",accepted_source_row,not_old_public_411_member,validated_human_legacy
186618,COLLEGE OF SAINT ELIZABETH,private,NJ,True,15,False,True,False,15,0,0,15,0,0,0,0,0,0,0,0,"{""accepted_source_row"": 15}",accepted_source_row,not_old_public_411_member,unknown_or_current_only
186867,STEVENS INSTITUTE OF TECHNOLOGY,private,NJ,True,15,True,False,False,15,0,0,15,0,0,0,0,0,0,0,0,"{""accepted_source_row"": 15}",accepted_source_row,not_old_public_411_member,unknown_or_current_only; validated_human_legacy
187134,THE COLLEGE OF NEW JERSEY,public,NJ,True,15,True,False,True,15,0,0,15,0,0,0,0,0,0,0,0,"{""accepted_source_row"": 15}",accepted_source_row,accepted_after_repair,historical_lead; validated_human_legacy
187444,WILLIAM PATERSON UNIVERSITY OF NEW JERSEY,public,NJ,True,15,True,False,True,15,0,0,15,0,0,0,0,0,0,0,0,"{""accepted_source_row"": 15}",accepted_source_row,accepted_after_repair,historical_lead
187596,Navajo Technical University,public,NM,True,2,False,True,False,2,0,0,2,0,0,0,0,0,0,0,0,"{""accepted_source_row"": 2}",accepted_source_row,not_old_public_411_member,historical_lead
188146,COLLEGE OF SANTA FE,private,NM,True,7,False,True,False,7,0,0,7,0,0,0,0,0,0,0,0,"{""accepted_source_row"": 7}",accepted_source_row,not_old_public_411_member,unknown_or_current_only
188182,COLLEGE OF THE SOUTHWEST,private,NM,True,12,False,True,False,12,0,0,12,0,0,0,0,0,0,0,0,"{""accepted_source_row"": 12}",accepted_source_row,not_old_public_411_member,unknown_or_current_only
188340,COLLEGE OF AERONAUTICS,private,NY,True,15,False,True,False,15,0,0,15,0,0,0,0,0,0,0,0,"{""accepted_source_row"": 15}",accepted_source_row,not_old_public_411_member,unknown_or_current_only
188526,ALBANY COLLEGE OF PHARMACY,private,NY,True,14,False,True,False,14,0,0,14,0,0,0,0,0,0,0,0,"{""accepted_source_row"": 14}",accepted_source_row,not_old_public_411_member,historical_lead
188641,ALFRED UNIVERSITY,private,NY,True,15,False,True,False,15,0,0,15,0,0,0,0,0,0,0,0,"{""accepted_source_row"": 15}",accepted_source_row,not_old_public_411_member,unknown_or_current_only
188854,American Musical and Dramatic Academy,private,NY,True,9,False,True,False,9,0,0,9,0,0,0,0,0,0,0,0,"{""accepted_source_row"": 9}",accepted_source_row,not_old_public_411_member,unknown_or_current_only
189088,BARD COLLEGE,private,NY,True,15,False,True,False,15,0,0,15,0,0,0,0,0,0,0,0,"{""accepted_source_row"": 15}",accepted_source_row,not_old_public_411_member,unknown_or_current_only
189282,Phillips Beth Israel School of Nursing,private,NY,True,2,False,True,False,2,0,0,2,0,0,0,0,0,0,0,0,"{""accepted_source_row"": 2}",accepted_source_row,not_old_public_411_member,unknown_or_current_only
189413,BORICUA COLLEGE,private,NY,True,13,False,True,False,13,0,0,13,0,0,0,0,0,0,0,0,"{""accepted_source_row"": 13}",accepted_source_row,not_old_public_411_member,unknown_or_current_only
189848,CAZENOVIA COLLEGE,private,NY,True,15,False,True,False,15,0,0,15,0,0,0,0,0,0,0,0,"{""accepted_source_row"": 15}",accepted_source_row,not_old_public_411_member,unknown_or_current_only
190099,COLGATE UNIVERSITY,private,NY,True,15,False,True,False,15,0,0,15,0,0,0,0,0,0,0,0,"{""accepted_source_row"": 15}",accepted_source_row,not_old_public_411_member,unknown_or_current_only
190114,METROPOLITAN COLLEGE OF NEW YORK,private,NY,True,15,False,True,False,15,0,0,15,0,0,0,0,0,0,0,0,"{""accepted_source_row"": 15}",accepted_source_row,not_old_public_411_member,unknown_or_current_only
190150,COLUMBIA UNIVERSITY IN THE CITY OF NEW YORK,private,NY,True,15,False,True,False,15,0,0,15,0,0,0,0,0,0,0,0,"{""accepted_source_row"": 15}",accepted_source_row,not_old_public_411_member,unknown_or_current_only
190415,CORNELL UNIVERSITY-ENDOWED COLLEGES,private,NY,True,15,False,True,False,15,0,0,15,0,0,0,0,0,0,0,0,"{""accepted_source_row"": 15}",accepted_source_row,not_old_public_411_member,unknown_or_current_only
190503,CULINARY INSTITUTE OF AMERICA,private,NY,True,3,False,True,False,3,0,0,3,0,0,0,0,0,0,0,0,"{""accepted_source_row"": 3}",accepted_source_row,not_old_public_411_member,unknown_or_current_only
190512,CUNY BERNARD M BARUCH COLLEGE,public,NY,True,15,False,True,False,15,0,0,15,0,0,0,0,0,0,0,0,"{""accepted_source_row"": 15}",accepted_source_row,not_old_public_411_member,historical_lead
190567,CUNY CITY COLLEGE,public,NY,True,15,True,False,True,0,15,15,15,0,0,0,0,0,0,0,0,"{""accepted_source_row"": 15}",accepted_source_row,accepted_after_repair,prior_programmatic
190637,CUNY LEHMAN COLLEGE,public,NY,True,15,False,True,False,15,0,0,15,0,0,0,0,0,0,0,0,"{""accepted_source_row"": 15}",accepted_source_row,not_old_public_411_member,historical_lead
190664,CUNY QUEENS COLLEGE,public,NY,True,15,False,True,False,15,0,0,15,0,0,0,0,0,0,0,0,"{""accepted_source_row"": 15}",accepted_source_row,not_old_public_411_member,historical_lead
190752,Yeshiva of Far Rockaway Derech Ayson Rabbinical Seminary,private,NY,True,3,False,True,False,3,0,0,3,0,0,0,0,0,0,0,0,"{""accepted_source_row"": 3}",accepted_source_row,not_old_public_411_member,unknown_or_current_only
190761,DOMINICAN COLLEGE OF BLAUVELT,private,NY,True,15,False,True,False,15,0,0,15,0,0,0,0,0,0,0,0,"{""accepted_source_row"": 15}",accepted_source_row,not_old_public_411_member,unknown_or_current_only
190770,DOWLING COLLEGE,private,NY,True,7,False,True,False,7,0,0,7,0,0,0,0,0,0,0,0,"{""accepted_source_row"": 7}",accepted_source_row,not_old_public_411_member,unknown_or_current_only
190983,ELMIRA COLLEGE,private,NY,True,15,False,True,False,15,0,0,15,0,0,0,0,0,0,0,0,"{""accepted_source_row"": 15}",accepted_source_row,not_old_public_411_member,unknown_or_current_only
191515,HAMILTON COLLEGE,private,NY,True,15,False,True,False,15,0,0,15,0,0,0,0,0,0,0,0,"{""accepted_source_row"": 15}",accepted_source_row,not_old_public_411_member,unknown_or_current_only
191533,HARTWICK COLLEGE,private,NY,True,15,False,True,False,15,0,0,15,0,0,0,0,0,0,0,0,"{""accepted_source_row"": 15}",accepted_source_row,not_old_public_411_member,unknown_or_current_only
191621,HILBERT COLLEGE,private,NY,True,15,False,True,False,15,0,0,15,0,0,0,0,0,0,0,0,"{""accepted_source_row"": 15}",accepted_source_row,not_old_public_411_member,unknown_or_current_only
191630,HOBART WILLIAM SMITH COLLEGES,private,NY,True,15,False,True,False,15,0,0,15,0,0,0,0,0,0,0,0,"{""accepted_source_row"": 15}",accepted_source_row,not_old_public_411_member,unknown_or_current_only
191649,HOFSTRA UNIVERSITY,private,NY,True,15,False,True,False,15,0,0,15,0,0,0,0,0,0,0,0,"{""accepted_source_row"": 15}",accepted_source_row,not_old_public_411_member,unknown_or_current_only
191676,HOUGHTON COLLEGE,private,NY,True,15,False,True,False,15,0,0,15,0,0,0,0,0,0,0,0,"{""accepted_source_row"": 15}",accepted_source_row,not_old_public_411_member,unknown_or_current_only
191968,ITHACA COLLEGE,private,NY,True,15,False,True,False,15,0,0,15,0,0,0,0,0,0,0,0,"{""accepted_source_row"": 15}",accepted_source_row,not_old_public_411_member,unknown_or_current_only
192040,JEWISH THEOLOGICAL SEMINARY OF AMERICA,private,NY,True,14,False,True,False,14,0,0,14,0,0,0,0,0,0,0,0,"{""accepted_source_row"": 14}",accepted_source_row,not_old_public_411_member,unknown_or_current_only
192110,THE JUILLIARD SCHOOL,private,NY,True,15,False,True,False,15,0,0,15,0,0,0,0,0,0,0,0,"{""accepted_source_row"": 15}",accepted_source_row,not_old_public_411_member,unknown_or_current_only
192192,KEUKA COLLEGE,private,NY,True,15,False,True,False,15,0,0,15,0,0,0,0,0,0,0,0,"{""accepted_source_row"": 15}",accepted_source_row,not_old_public_411_member,unknown_or_current_only
192323,LE MOYNE COLLEGE,private,NY,True,15,False,True,False,15,0,0,15,0,0,0,0,0,0,0,0,"{""accepted_source_row"": 15}",accepted_source_row,not_old_public_411_member,unknown_or_current_only
192448,LONG ISLAND UNIVERSITY-C W POST CAMPUS,private,NY,True,15,False,True,False,15,0,0,15,0,0,0,0,0,0,0,0,"{""accepted_source_row"": 15}",accepted_source_row,not_old_public_411_member,unknown_or_current_only
192749,MANHATTANVILLE COLLEGE,private,NY,True,15,False,True,False,15,0,0,15,0,0,0,0,0,0,0,0,"{""accepted_source_row"": 15}",accepted_source_row,not_old_public_411_member,unknown_or_current_only
192785,Maria College of Albany,private,NY,True,3,False,True,False,3,0,0,3,0,0,0,0,0,0,0,0,"{""accepted_source_row"": 3}",accepted_source_row,not_old_public_411_member,historical_lead
192819,MARIST COLLEGE,private,NY,True,15,True,False,False,15,0,0,15,0,0,0,0,0,0,0,0,"{""accepted_source_row"": 15}",accepted_source_row,not_old_public_411_member,validated_human_legacy
192864,MARYMOUNT MANHATTAN COLLEGE,private,NY,True,15,False,True,False,15,0,0,15,0,0,0,0,0,0,0,0,"{""accepted_source_row"": 15}",accepted_source_row,not_old_public_411_member,unknown_or_current_only
192925,MEDAILLE COLLEGE,private,NY,True,15,False,True,False,15,0,0,15,0,0,0,0,0,0,0,0,"{""accepted_source_row"": 15}",accepted_source_row,not_old_public_411_member,unknown_or_current_only
193016,MERCY COLLEGE-MAIN CAMPUS,private,NY,True,15,True,False,False,15,0,0,15,0,0,0,0,0,0,0,0,"{""accepted_source_row"": 15}",accepted_source_row,not_old_public_411_member,prior_programmatic; validated_human_legacy
193292,MOLLOY COLLEGE,private,NY,True,15,False,True,False,15,0,0,15,0,0,0,0,0,0,0,0,"{""accepted_source_row"": 15}",accepted_source_row,not_old_public_411_member,unknown_or_current_only
193584,NAZARETH COLLEGE OF ROCHESTER,private,NY,True,15,False,True,False,15,0,0,15,0,0,0,0,0,0,0,0,"{""accepted_source_row"": 15}",accepted_source_row,not_old_public_411_member,unknown_or_current_only
193654,NEW SCHOOL UNIVERSITY,private,NY,True,15,False,True,False,15,0,0,15,0,0,0,0,0,0,0,0,"{""accepted_source_row"": 15}",accepted_source_row,not_old_public_411_member,unknown_or_current_only
193900,NEW YORK UNIVERSITY,private,NY,True,15,False,True,False,15,0,0,15,0,0,0,0,0,0,0,0,"{""accepted_source_row"": 15}",accepted_source_row,not_old_public_411_member,unknown_or_current_only
193973,NIAGARA UNIVERSITY,private,NY,True,15,True,False,False,15,0,0,15,0,0,0,0,0,0,0,0,"{""accepted_source_row"": 15}",accepted_source_row,not_old_public_411_member,validated_human_legacy
194161,NYACK COLLEGE,private,NY,True,15,False,True,False,15,0,0,15,0,0,0,0,0,0,0,0,"{""accepted_source_row"": 15}",accepted_source_row,not_old_public_411_member,unknown_or_current_only
194310,PACE UNIVERSITY-NEW YORK,private,NY,True,15,False,True,False,15,0,0,15,0,0,0,0,0,0,0,0,"{""accepted_source_row"": 15}",accepted_source_row,not_old_public_411_member,unknown_or_current_only
194392,PAUL SMITHS COLLEGE OF ARTS AND SCIENCE,private,NY,True,15,False,True,False,15,0,0,15,0,0,0,0,0,0,0,0,"{""accepted_source_row"": 15}",accepted_source_row,not_old_public_411_member,unknown_or_current_only
194541,POLYTECHNIC UNIVERSITY,private,NY,True,6,False,True,False,6,0,0,6,0,0,0,0,0,0,0,0,"{""accepted_source_row"": 6}",accepted_source_row,not_old_public_411_member,unknown_or_current_only
194763,RABBINICAL SEMINARY OF AMERICA,private,NY,True,15,False,True,False,15,0,0,15,0,0,0,0,0,0,0,0,"{""accepted_source_row"": 15}",accepted_source_row,not_old_public_411_member,unknown_or_current_only
194824,RENSSELAER POLYTECHNIC INSTITUTE,private,NY,True,15,True,False,False,15,0,0,15,0,0,0,0,0,0,0,0,"{""accepted_source_row"": 15}",accepted_source_row,not_old_public_411_member,unknown_or_current_only; validated_human_legacy
194958,ROBERTS WESLEYAN COLLEGE,private,NY,True,15,False,True,False,15,0,0,15,0,0,0,0,0,0,0,0,"{""accepted_source_row"": 15}",accepted_source_row,not_old_public_411_member,unknown_or_current_only
195003,ROCHESTER INSTITUTE OF TECHNOLOGY,private,NY,True,15,False,True,False,15,0,0,15,0,0,0,0,0,0,0,0,"{""accepted_source_row"": 15}",accepted_source_row,not_old_public_411_member,unknown_or_current_only
195030,UNIVERSITY OF ROCHESTER,private,NY,True,15,False,True,False,15,0,0,15,0,0,0,0,0,0,0,0,"{""accepted_source_row"": 15}",accepted_source_row,not_old_public_411_member,unknown_or_current_only
195164,SAINT BONAVENTURE UNIVERSITY,private,NY,True,15,False,True,False,15,0,0,15,0,0,0,0,0,0,0,0,"{""accepted_source_row"": 15}",accepted_source_row,not_old_public_411_member,unknown_or_current_only
195304,SARAH LAWRENCE COLLEGE,private,NY,True,15,False,True,False,15,0,0,15,0,0,0,0,0,0,0,0,"{""accepted_source_row"": 15}",accepted_source_row,not_old_public_411_member,unknown_or_current_only
195809,ST JOHN'S UNIVERSITY-NEW YORK,private,NY,True,15,False,True,False,15,0,0,15,0,0,0,0,0,0,0,0,"{""accepted_source_row"": 15}",accepted_source_row,not_old_public_411_member,unknown_or_current_only
196006,SUNY COLLEGE OF TECHNOLOGY AT ALFRED,public,NY,True,14,True,False,True,14,0,0,14,0,0,0,0,0,0,0,0,"{""accepted_source_row"": 14}",accepted_source_row,accepted_after_repair,historical_lead; validated_human_legacy
196015,SUNY COLLEGE OF TECHNOLOGY AT CANTON,public,NY,True,14,True,False,True,14,0,0,14,0,0,0,0,0,0,0,0,"{""accepted_source_row"": 14}",accepted_source_row,accepted_after_repair,historical_lead; validated_human_legacy
196024,SUNY COLLEGE OF TECHNOLOGY AT DELHI,public,NY,True,14,True,False,False,14,0,0,14,0,0,0,0,0,0,0,0,"{""accepted_source_row"": 14}",accepted_source_row,not_old_public_411_member,historical_lead
196033,SUNY COLLEGE OF AGRIC AND TECHN AT COBLESKILL,public,NY,True,14,True,False,False,14,0,0,14,0,0,0,0,0,0,0,0,"{""accepted_source_row"": 14}",accepted_source_row,not_old_public_411_member,historical_lead
196042,FARMINGDALE STATE UNIVERSITY OF NEW YORK,public,NY,True,14,True,False,True,14,0,0,14,0,0,0,0,0,0,0,0,"{""accepted_source_row"": 14}",accepted_source_row,accepted_after_repair,prior_programmatic
196079,SUNY AT BINGHAMTON,public,NY,True,14,True,False,True,0,14,14,14,0,0,0,0,0,0,0,0,"{""accepted_source_row"": 14}",accepted_source_row,accepted_after_repair,prior_programmatic
196088,SUNY AT BUFFALO,public,NY,True,14,True,False,True,14,0,0,14,0,0,0,0,0,0,0,0,"{""accepted_source_row"": 14}",accepted_source_row,accepted_after_repair,historical_lead; validated_human_legacy
196097,SUNY AT STONY BROOK,public,NY,True,14,True,False,True,14,0,0,14,0,0,0,0,0,0,0,0,"{""accepted_source_row"": 14}",accepted_source_row,accepted_after_repair,historical_lead
196112,SUNY INSTITUTE OF TECHNOLOGY AT UTICA-ROME,public,NY,True,13,True,False,False,13,0,0,13,0,0,0,0,0,0,0,0,"{""accepted_source_row"": 13}",accepted_source_row,not_old_public_411_member,historical_lead
196121,SUNY COLLEGE AT BROCKPORT,public,NY,True,14,False,True,False,14,0,0,14,0,0,0,0,0,0,0,0,"{""accepted_source_row"": 14}",accepted_source_row,not_old_public_411_member,historical_lead
196149,SUNY COLLEGE AT CORTLAND,public,NY,True,14,True,False,True,14,0,0,14,0,0,0,0,0,0,0,0,"{""accepted_source_row"": 14}",accepted_source_row,accepted_after_repair,historical_lead; validated_human_legacy
196167,SUNY COLLEGE AT GENESEO,public,NY,True,14,True,False,True,14,0,0,14,0,0,0,0,0,0,0,0,"{""accepted_source_row"": 14}",accepted_source_row,accepted_after_repair,historical_lead; validated_human_legacy
196176,SUNY COLLEGE AT NEW PALTZ,public,NY,True,14,True,False,True,14,0,0,14,0,0,0,0,0,0,0,0,"{""accepted_source_row"": 14}",accepted_source_row,accepted_after_repair,historical_lead; validated_human_legacy
196185,SUNY COLLEGE AT ONEONTA,public,NY,True,14,True,False,True,14,0,0,14,0,0,0,0,0,0,0,0,"{""accepted_source_row"": 14}",accepted_source_row,accepted_after_repair,historical_lead; validated_human_legacy
196194,SUNY COLLEGE AT OSWEGO,public,NY,True,14,True,False,True,14,0,0,14,0,0,0,0,0,0,0,0,"{""accepted_source_row"": 14}",accepted_source_row,accepted_after_repair,historical_lead; validated_human_legacy
196200,SUNY-POTSDAM,public,NY,True,14,True,False,True,14,0,0,14,0,0,0,0,0,0,0,0,"{""accepted_source_row"": 14}",accepted_source_row,accepted_after_repair,historical_lead; validated_human_legacy
196219,SUNY COLLEGE AT PURCHASE,public,NY,True,14,True,False,True,14,0,0,14,0,0,0,0,0,0,0,0,"{""accepted_source_row"": 14}",accepted_source_row,accepted_after_repair,historical_lead; validated_human_legacy
196237,SUNY COLLEGE AT OLD WESTBURY,public,NY,True,14,True,False,True,14,0,0,14,0,0,0,0,0,0,0,0,"{""accepted_source_row"": 14}",accepted_source_row,accepted_after_repair,historical_lead; validated_human_legacy
196246,SUNY COLLEGE AT PLATTSBURGH,public,NY,True,14,True,False,True,14,0,0,14,0,0,0,0,0,0,0,0,"{""accepted_source_row"": 14}",accepted_source_row,accepted_after_repair,historical_lead; validated_human_legacy
196264,SUNY EMPIRE STATE COLLEGE,public,NY,True,14,True,False,True,14,0,0,14,0,0,0,0,0,0,0,0,"{""accepted_source_row"": 14}",accepted_source_row,accepted_after_repair,historical_lead
196291,SUNY MARITIME COLLEGE,public,NY,True,14,True,False,True,14,0,0,14,0,0,0,0,0,0,0,0,"{""accepted_source_row"": 14}",accepted_source_row,accepted_after_repair,historical_lead; validated_human_legacy
196413,SYRACUSE UNIVERSITY,private,NY,True,15,False,True,False,15,0,0,15,0,0,0,0,0,0,0,0,"{""accepted_source_row"": 15}",accepted_source_row,not_old_public_411_member,unknown_or_current_only
196431,TALMUDICAL SEMINARY OHOLEI TORAH,private,NY,True,14,False,True,False,14,0,0,14,0,0,0,0,0,0,0,0,"{""accepted_source_row"": 14}",accepted_source_row,not_old_public_411_member,unknown_or_current_only
196583,Torah Temimah Talmudical Seminary,private,NY,True,3,False,True,False,3,0,0,3,0,0,0,0,0,0,0,0,"{""accepted_source_row"": 3}",accepted_source_row,not_old_public_411_member,unknown_or_current_only
196592,TOURO COLLEGE,private,NY,True,15,False,True,False,15,0,0,15,0,0,0,0,0,0,0,0,"{""accepted_source_row"": 15}",accepted_source_row,not_old_public_411_member,unknown_or_current_only
196866,UNION COLLEGE,private,NY,True,9,False,True,False,9,0,0,9,0,0,0,0,0,0,0,0,"{""accepted_source_row"": 9}",accepted_source_row,not_old_public_411_member,historical_lead; unknown_or_current_only
197018,United Talmudical Seminary,private,NY,True,2,False,True,False,2,0,0,2,0,0,0,0,0,0,0,0,"{""accepted_source_row"": 2}",accepted_source_row,not_old_public_411_member,unknown_or_current_only
197045,UTICA COLLEGE,private,NY,True,15,False,True,False,15,0,0,15,0,0,0,0,0,0,0,0,"{""accepted_source_row"": 15}",accepted_source_row,not_old_public_411_member,historical_lead; unknown_or_current_only
197133,VASSAR COLLEGE,private,NY,True,15,False,True,False,15,0,0,15,0,0,0,0,0,0,0,0,"{""accepted_source_row"": 15}",accepted_source_row,not_old_public_411_member,unknown_or_current_only
197142,Villa Maria College Buffalo,private,NY,True,11,False,True,False,11,0,0,11,0,0,0,0,0,0,0,0,"{""accepted_source_row"": 11}",accepted_source_row,not_old_public_411_member,unknown_or_current_only
197197,WAGNER COLLEGE,private,NY,True,14,False,True,False,14,0,0,14,0,0,0,0,0,0,0,0,"{""accepted_source_row"": 14}",accepted_source_row,not_old_public_411_member,unknown_or_current_only
197230,WELLS COLLEGE,private,NY,True,15,False,True,False,15,0,0,15,0,0,0,0,0,0,0,0,"{""accepted_source_row"": 15}",accepted_source_row,not_old_public_411_member,unknown_or_current_only
197692,YESHIVA SHAAR HATORAH,private,NY,True,12,False,True,False,12,0,0,12,0,0,0,0,0,0,0,0,"{""accepted_source_row"": 12}",accepted_source_row,not_old_public_411_member,unknown_or_current_only
197984,BELMONT ABBEY COLLEGE,private,NC,True,15,False,True,False,15,0,0,15,0,0,0,0,0,0,0,0,"{""accepted_source_row"": 15}",accepted_source_row,not_old_public_411_member,unknown_or_current_only
198066,BREVARD COLLEGE,private,NC,True,15,False,True,False,15,0,0,15,0,0,0,0,0,0,0,0,"{""accepted_source_row"": 15}",accepted_source_row,not_old_public_411_member,unknown_or_current_only
198215,CATAWBA COLLEGE,private,NC,True,15,False,True,False,15,0,0,15,0,0,0,0,0,0,0,0,"{""accepted_source_row"": 15}",accepted_source_row,not_old_public_411_member,unknown_or_current_only
198303,CHOWAN COLLEGE,private,NC,True,15,False,True,False,15,0,0,15,0,0,0,0,0,0,0,0,"{""accepted_source_row"": 15}",accepted_source_row,not_old_public_411_member,unknown_or_current_only
198385,DAVIDSON COLLEGE,private,NC,True,15,False,True,False,15,0,0,15,0,0,0,0,0,0,0,0,"{""accepted_source_row"": 15}",accepted_source_row,not_old_public_411_member,unknown_or_current_only
198419,DUKE UNIVERSITY,private,NC,True,15,False,True,False,15,0,0,15,0,0,0,0,0,0,0,0,"{""accepted_source_row"": 15}",accepted_source_row,not_old_public_411_member,unknown_or_current_only
198464,EAST CAROLINA UNIVERSITY,public,NC,True,15,True,False,True,15,0,0,15,0,0,0,0,0,0,0,0,"{""accepted_source_row"": 15}",accepted_source_row,accepted_after_repair,prior_programmatic; validated_human_legacy
198516,ELON UNIVERSITY,private,NC,True,15,True,False,False,15,0,0,15,0,0,0,0,0,0,0,0,"{""accepted_source_row"": 15}",accepted_source_row,not_old_public_411_member,prior_programmatic; validated_human_legacy
198561,GARDNER-WEBB UNIVERSITY,private,NC,True,15,False,True,False,15,0,0,15,0,0,0,0,0,0,0,0,"{""accepted_source_row"": 15}",accepted_source_row,not_old_public_411_member,unknown_or_current_only
198598,GREENSBORO COLLEGE,private,NC,True,15,False,True,False,15,0,0,15,0,0,0,0,0,0,0,0,"{""accepted_source_row"": 15}",accepted_source_row,not_old_public_411_member,unknown_or_current_only
198695,HIGH POINT UNIVERSITY,private,NC,True,10,True,False,False,10,0,0,10,0,0,0,0,0,0,0,0,"{""accepted_source_row"": 10}",accepted_source_row,not_old_public_411_member,validated_human_legacy
198747,JOHN WESLEY COLLEGE,private,NC,True,8,False,True,False,8,0,0,8,0,0,0,0,0,0,0,0,"{""accepted_source_row"": 8}",accepted_source_row,not_old_public_411_member,unknown_or_current_only
198756,JOHNSON C SMITH UNIVERSITY,private,NC,True,15,False,True,False,15,0,0,15,0,0,0,0,0,0,0,0,"{""accepted_source_row"": 15}",accepted_source_row,not_old_public_411_member,unknown_or_current_only
198899,MARS HILL COLLEGE,private,NC,True,15,False,True,False,15,0,0,15,0,0,0,0,0,0,0,0,"{""accepted_source_row"": 15}",accepted_source_row,not_old_public_411_member,unknown_or_current_only
198969,METHODIST COLLEGE,private,NC,True,15,False,True,False,15,0,0,15,0,0,0,0,0,0,0,0,"{""accepted_source_row"": 15}",accepted_source_row,not_old_public_411_member,unknown_or_current_only
199111,UNIVERSITY OF NORTH CAROLINA AT ASHEVILLE,public,NC,True,15,True,False,True,15,0,0,15,0,0,0,0,0,0,0,0,"{""accepted_source_row"": 15}",accepted_source_row,accepted_after_repair,historical_lead; validated_human_legacy
199120,UNIVERSITY OF NORTH CAROLINA AT CHAPEL HILL,public,NC,True,15,False,True,False,15,0,0,15,0,0,0,0,0,0,0,0,"{""accepted_source_row"": 15}",accepted_source_row,not_old_public_411_member,historical_lead
199139,UNIVERSITY OF NORTH CAROLINA AT CHARLOTTE,public,NC,True,15,True,False,True,15,0,0,15,0,0,0,0,0,0,0,0,"{""accepted_source_row"": 15}",accepted_source_row,accepted_after_repair,prior_programmatic; validated_human_legacy
199209,NORTH CAROLINA WESLEYAN COLLEGE,private,NC,True,14,False,True,False,14,0,0,14,0,0,0,0,0,0,0,0,"{""accepted_source_row"": 14}",accepted_source_row,not_old_public_411_member,unknown_or_current_only
199218,UNIVERSITY OF NORTH CAROLINA-WILMINGTON,public,NC,True,15,True,False,True,15,0,0,15,0,0,0,0,0,0,0,0,"{""accepted_source_row"": 15}",accepted_source_row,accepted_after_repair,historical_lead; validated_human_legacy
199272,PEACE COLLEGE,private,NC,True,15,False,True,False,15,0,0,15,0,0,0,0,0,0,0,0,"{""accepted_source_row"": 15}",accepted_source_row,not_old_public_411_member,historical_lead; prior_programmatic; unknown_or_current_only
199281,UNIVERSITY OF NORTH CAROLINA AT PEMBROKE,public,NC,True,15,True,False,True,15,0,0,15,0,0,0,0,0,0,0,0,"{""accepted_source_row"": 15}",accepted_source_row,accepted_after_repair,historical_lead; validated_human_legacy
199315,PIEDMONT BAPTIST COLLEGE,private,NC,True,8,False,True,False,8,0,0,8,0,0,0,0,0,0,0,0,"{""accepted_source_row"": 8}",accepted_source_row,not_old_public_411_member,unknown_or_current_only
199582,SAINT AUGUSTINES COLLEGE,private,NC,True,15,False,True,False,15,0,0,15,0,0,0,0,0,0,0,0,"{""accepted_source_row"": 15}",accepted_source_row,not_old_public_411_member,unknown_or_current_only
199607,SALEM COLLEGE,private,NC,True,15,False,True,False,15,0,0,15,0,0,0,0,0,0,0,0,"{""accepted_source_row"": 15}",accepted_source_row,not_old_public_411_member,unknown_or_current_only
199643,SHAW UNIVERSITY,private,NC,True,15,False,True,False,15,0,0,15,0,0,0,0,0,0,0,0,"{""accepted_source_row"": 15}",accepted_source_row,not_old_public_411_member,unknown_or_current_only
199698,ST ANDREWS PRESBYTERIAN COLLEGE,private,NC,True,15,False,True,False,15,0,0,15,0,0,0,0,0,0,0,0,"{""accepted_source_row"": 15}",accepted_source_row,not_old_public_411_member,unknown_or_current_only
199759,Southeastern Baptist Theological Seminary,private,NC,True,4,False,True,False,4,0,0,4,0,0,0,0,0,0,0,0,"{""accepted_source_row"": 4}",accepted_source_row,not_old_public_411_member,unknown_or_current_only
199847,WAKE FOREST UNIVERSITY,private,NC,True,15,True,False,False,15,0,0,15,0,0,0,0,0,0,0,0,"{""accepted_source_row"": 15}",accepted_source_row,not_old_public_411_member,validated_human_legacy
199962,WINGATE UNIVERSITY,private,NC,True,15,False,True,False,15,0,0,15,0,0,0,0,0,0,0,0,"{""accepted_source_row"": 15}",accepted_source_row,not_old_public_411_member,unknown_or_current_only
199971,Winston Salem Bible College,private,NC,True,5,False,True,False,5,0,0,5,0,0,0,0,0,0,0,0,"{""accepted_source_row"": 5}",accepted_source_row,not_old_public_411_member,unknown_or_current_only
200004,WESTERN CAROLINA UNIVERSITY,public,NC,True,15,True,False,True,15,0,0,15,0,0,0,0,0,0,0,0,"{""accepted_source_row"": 15}",accepted_source_row,accepted_after_repair,historical_lead; validated_human_legacy
200156,JAMESTOWN COLLEGE,private,ND,True,15,False,True,False,15,0,0,15,0,0,0,0,0,0,0,0,"{""accepted_source_row"": 15}",accepted_source_row,not_old_public_411_member,unknown_or_current_only
200217,UNIVERSITY OF MARY,private,ND,True,15,True,False,False,15,0,0,15,0,0,0,0,0,0,0,0,"{""accepted_source_row"": 15}",accepted_source_row,not_old_public_411_member,unknown_or_current_only; validated_human_legacy
200280,UNIVERSITY OF NORTH DAKOTA-MAIN CAMPUS,public,ND,True,15,True,False,True,15,0,0,15,0,0,0,0,0,0,0,0,"{""accepted_source_row"": 15}",accepted_source_row,accepted_after_repair,historical_lead; validated_human_legacy
200484,TRINITY BIBLE COLLEGE,private,ND,True,15,False,True,False,15,0,0,15,0,0,0,0,0,0,0,0,"{""accepted_source_row"": 15}",accepted_source_row,not_old_public_411_member,unknown_or_current_only
200527,Turtle Mountain Community College,private,ND,True,6,False,True,False,6,0,0,6,0,0,0,0,0,0,0,0,"{""accepted_source_row"": 6}",accepted_source_row,not_old_public_411_member,unknown_or_current_only
200527,TURTLE MOUNTAIN COMMUNITY COLLEGE,public,ND,True,6,False,True,False,6,0,0,6,0,0,0,0,0,0,0,0,"{""accepted_source_row"": 6}",accepted_source_row,not_old_public_411_member,unknown_or_current_only
200800,UNIVERSITY OF AKRON MAIN CAMPUS,public,OH,True,15,True,False,True,15,0,0,15,0,0,0,0,0,0,0,0,"{""accepted_source_row"": 15}",accepted_source_row,accepted_after_repair,historical_lead
201061,ART ACADEMY OF CINCINNATI,private,OH,True,15,False,True,False,15,0,0,15,0,0,0,0,0,0,0,0,"{""accepted_source_row"": 15}",accepted_source_row,not_old_public_411_member,unknown_or_current_only
201104,ASHLAND UNIVERSITY,private,OH,True,15,False,True,False,15,0,0,15,0,0,0,0,0,0,0,0,"{""accepted_source_row"": 15}",accepted_source_row,not_old_public_411_member,unknown_or_current_only
201195,BALDWIN-WALLACE COLLEGE,private,OH,True,15,True,False,False,15,0,0,15,0,0,0,0,0,0,0,0,"{""accepted_source_row"": 15}",accepted_source_row,not_old_public_411_member,validated_human_legacy
201548,CAPITAL UNIVERSITY,private,OH,True,15,False,True,False,15,0,0,15,0,0,0,0,0,0,0,0,"{""accepted_source_row"": 15}",accepted_source_row,not_old_public_411_member,unknown_or_current_only
201645,CASE WESTERN RESERVE UNIVERSITY,private,OH,True,15,True,False,False,15,0,0,15,0,0,0,0,0,0,0,0,"{""accepted_source_row"": 15}",accepted_source_row,not_old_public_411_member,validated_human_legacy
201654,CEDARVILLE UNIVERSITY,private,OH,True,15,True,False,False,0,15,15,15,0,0,0,0,0,0,0,0,"{""accepted_source_row"": 15}",accepted_source_row,not_old_public_411_member,validated_human_legacy
201821,The Christ College of Nursing and Health Sciences,private,OH,True,2,False,True,False,2,0,0,2,0,0,0,0,0,0,0,0,"{""accepted_source_row"": 2}",accepted_source_row,not_old_public_411_member,unknown_or_current_only
201858,CINCINNATI BIBLE COLLEGE AND SEMINARY,private,OH,True,11,False,True,False,11,0,0,11,0,0,0,0,0,0,0,0,"{""accepted_source_row"": 11}",accepted_source_row,not_old_public_411_member,unknown_or_current_only
201885,UNIVERSITY OF CINCINNATI-MAIN CAMPUS,public,OH,True,14,False,True,False,14,0,0,14,0,0,0,0,0,0,0,0,"{""accepted_source_row"": 14}",accepted_source_row,not_old_public_411_member,historical_lead
201964,CIRCLEVILLE BIBLE COLLEGE,private,OH,True,15,False,True,False,15,0,0,15,0,0,0,0,0,0,0,0,"{""accepted_source_row"": 15}",accepted_source_row,not_old_public_411_member,unknown_or_current_only
202170,COLUMBUS COLLEGE OF ART AND DESIGN,private,OH,True,15,False,True,False,15,0,0,15,0,0,0,0,0,0,0,0,"{""accepted_source_row"": 15}",accepted_source_row,not_old_public_411_member,unknown_or_current_only
202514,DEFIANCE COLLEGE,private,OH,True,15,False,True,False,15,0,0,15,0,0,0,0,0,0,0,0,"{""accepted_source_row"": 15}",accepted_source_row,not_old_public_411_member,unknown_or_current_only
202523,DENISON UNIVERSITY,private,OH,True,15,False,True,False,15,0,0,15,0,0,0,0,0,0,0,0,"{""accepted_source_row"": 15}",accepted_source_row,not_old_public_411_member,unknown_or_current_only
202611,DAVID N MYERS UNIVERSITY,private,OH,True,4,False,True,False,4,0,0,4,0,0,0,0,0,0,0,0,"{""accepted_source_row"": 4}",accepted_source_row,not_old_public_411_member,unknown_or_current_only
202806,FRANKLIN UNIVERSITY,private,OH,True,11,False,True,False,11,0,0,11,0,0,0,0,0,0,0,0,"{""accepted_source_row"": 11}",accepted_source_row,not_old_public_411_member,unknown_or_current_only
202903,GODS BIBLE SCHOOL AND COLLEGE,private,OH,True,15,False,True,False,15,0,0,15,0,0,0,0,0,0,0,0,"{""accepted_source_row"": 15}",accepted_source_row,not_old_public_411_member,unknown_or_current_only
203085,HEIDELBERG COLLEGE,private,OH,True,15,False,True,False,15,0,0,15,0,0,0,0,0,0,0,0,"{""accepted_source_row"": 15}",accepted_source_row,not_old_public_411_member,unknown_or_current_only
203368,JOHN CARROLL UNIVERSITY,private,OH,True,15,True,False,False,0,15,15,15,0,0,0,0,0,0,0,0,"{""accepted_source_row"": 15}",accepted_source_row,not_old_public_411_member,prior_programmatic
203492,KENT STATE UNIVERSITY-SALEM REGIONAL CAMPUS,public,OH,True,8,True,False,True,8,0,0,8,0,0,0,0,0,0,0,0,"{""accepted_source_row"": 8}",accepted_source_row,accepted_after_repair,historical_lead
203535,KENYON COLLEGE,private,OH,True,15,False,True,False,15,0,0,15,0,0,0,0,0,0,0,0,"{""accepted_source_row"": 15}",accepted_source_row,not_old_public_411_member,historical_lead; unknown_or_current_only
203580,LAKE ERIE COLLEGE,private,OH,True,15,False,True,False,15,0,0,15,0,0,0,0,0,0,0,0,"{""accepted_source_row"": 15}",accepted_source_row,not_old_public_411_member,unknown_or_current_only
203757,LOURDES COLLEGE,private,OH,True,15,False,True,False,15,0,0,15,0,0,0,0,0,0,0,0,"{""accepted_source_row"": 15}",accepted_source_row,not_old_public_411_member,unknown_or_current_only
203775,MALONE COLLEGE,private,OH,True,15,False,True,False,15,0,0,15,0,0,0,0,0,0,0,0,"{""accepted_source_row"": 15}",accepted_source_row,not_old_public_411_member,unknown_or_current_only
203818,MEDCENTRAL COLLEGE OF NURSING,private,OH,True,3,False,True,False,3,0,0,3,0,0,0,0,0,0,0,0,"{""accepted_source_row"": 3}",accepted_source_row,not_old_public_411_member,unknown_or_current_only
203960,MERCY COLLEGE OF NORTHWEST OHIO,private,OH,True,14,False,True,False,14,0,0,14,0,0,0,0,0,0,0,0,"{""accepted_source_row"": 14}",accepted_source_row,not_old_public_411_member,unknown_or_current_only
204024,MIAMI UNIVERSITY-OXFORD,public,OH,True,15,True,False,True,15,0,0,15,0,0,0,0,0,0,0,0,"{""accepted_source_row"": 15}",accepted_source_row,accepted_after_repair,historical_lead; validated_human_legacy
204176,MOUNT CARMEL COLLEGE OF NURSING,private,OH,True,14,False,True,False,14,0,0,14,0,0,0,0,0,0,0,0,"{""accepted_source_row"": 14}",accepted_source_row,not_old_public_411_member,unknown_or_current_only
204200,COLLEGE OF MOUNT SAINT JOSEPH,private,OH,True,15,False,True,False,15,0,0,15,0,0,0,0,0,0,0,0,"{""accepted_source_row"": 15}",accepted_source_row,not_old_public_411_member,unknown_or_current_only
204468,NOTRE DAME COLLEGE,private,OH,True,15,False,True,False,15,0,0,15,0,0,0,0,0,0,0,0,"{""accepted_source_row"": 15}",accepted_source_row,not_old_public_411_member,unknown_or_current_only
204486,UNIVERSITY OF NORTHWESTERN OHIO,private,OH,True,15,False,True,False,15,0,0,15,0,0,0,0,0,0,0,0,"{""accepted_source_row"": 15}",accepted_source_row,not_old_public_411_member,unknown_or_current_only
204617,OHIO DOMINICAN UNIVERSITY,private,OH,True,15,False,True,False,15,0,0,15,0,0,0,0,0,0,0,0,"{""accepted_source_row"": 15}",accepted_source_row,not_old_public_411_member,historical_lead; prior_programmatic; unknown_or_current_only
204635,OHIO NORTHERN UNIVERSITY,private,OH,True,15,False,True,False,15,0,0,15,0,0,0,0,0,0,0,0,"{""accepted_source_row"": 15}",accepted_source_row,not_old_public_411_member,unknown_or_current_only
204705,OHIO STATE UNIVERSITY-NEWARK CAMPUS,public,OH,True,15,False,True,False,15,0,0,15,0,0,0,0,0,0,0,0,"{""accepted_source_row"": 15}",accepted_source_row,not_old_public_411_member,historical_lead
204936,OTTERBEIN COLLEGE,private,OH,True,15,False,True,False,15,0,0,15,0,0,0,0,0,0,0,0,"{""accepted_source_row"": 15}",accepted_source_row,not_old_public_411_member,unknown_or_current_only
205027,PONTIFICAL COLLEGE JOSEPHINUM,private,OH,True,14,False,True,False,14,0,0,14,0,0,0,0,0,0,0,0,"{""accepted_source_row"": 14}",accepted_source_row,not_old_public_411_member,unknown_or_current_only
205124,RABBINICAL COLLEGE TELSHE,private,OH,True,11,False,True,False,11,0,0,11,0,0,0,0,0,0,0,0,"{""accepted_source_row"": 11}",accepted_source_row,not_old_public_411_member,unknown_or_current_only
205203,UNIVERSITY OF RIO GRANDE,private,OH,True,15,False,True,False,15,0,0,15,0,0,0,0,0,0,0,0,"{""accepted_source_row"": 15}",accepted_source_row,not_old_public_411_member,historical_lead; unknown_or_current_only
205443,SHAWNEE STATE UNIVERSITY,public,OH,True,15,True,False,True,15,0,0,15,0,0,0,0,0,0,0,0,"{""accepted_source_row"": 15}",accepted_source_row,accepted_after_repair,historical_lead; validated_human_legacy
205957,FRANCISCAN UNIVERSITY OF STEUBENVILLE,private,OH,True,15,False,True,False,15,0,0,15,0,0,0,0,0,0,0,0,"{""accepted_source_row"": 15}",accepted_source_row,not_old_public_411_member,unknown_or_current_only
206279,UNION INSTITUTE & UNIVERSITY,private,OH,True,10,False,True,False,10,0,0,10,0,0,0,0,0,0,0,0,"{""accepted_source_row"": 10}",accepted_source_row,not_old_public_411_member,unknown_or_current_only
206330,URBANA UNIVERSITY,private,OH,True,11,False,True,False,11,0,0,11,0,0,0,0,0,0,0,0,"{""accepted_source_row"": 11}",accepted_source_row,not_old_public_411_member,unknown_or_current_only
206491,WILBERFORCE UNIVERSITY,private,OH,True,14,False,True,False,14,0,0,14,0,0,0,0,0,0,0,0,"{""accepted_source_row"": 14}",accepted_source_row,not_old_public_411_member,unknown_or_current_only
206507,WILMINGTON COLLEGE,private,OH,True,15,False,True,False,15,0,0,15,0,0,0,0,0,0,0,0,"{""accepted_source_row"": 15}",accepted_source_row,not_old_public_411_member,unknown_or_current_only
206589,COLLEGE OF WOOSTER,private,OH,True,15,False,True,False,15,0,0,15,0,0,0,0,0,0,0,0,"{""accepted_source_row"": 15}",accepted_source_row,not_old_public_411_member,unknown_or_current_only
206817,BACONE COLLEGE,private,OK,True,13,False,True,False,13,0,0,13,0,0,0,0,0,0,0,0,"{""accepted_source_row"": 13}",accepted_source_row,not_old_public_411_member,unknown_or_current_only
206835,OKLAHOMA WESLEYAN UNIVERSITY,private,OK,True,15,False,True,False,15,0,0,15,0,0,0,0,0,0,0,0,"{""accepted_source_row"": 15}",accepted_source_row,not_old_public_411_member,unknown_or_current_only
206941,UNIVERSITY OF CENTRAL OKLAHOMA,public,OK,True,14,True,False,True,14,0,0,14,0,0,0,0,0,0,0,0,"{""accepted_source_row"": 14}",accepted_source_row,accepted_after_repair,historical_lead; validated_human_legacy
207157,HILLSDALE FREE WILL BAPTIST COLLEGE,private,OK,True,14,False,True,False,14,0,0,14,0,0,0,0,0,0,0,0,"{""accepted_source_row"": 14}",accepted_source_row,not_old_public_411_member,unknown_or_current_only
207388,OKLAHOMA STATE UNIVERSITY-MAIN CAMPUS,public,OK,True,15,True,False,True,15,0,0,15,0,0,0,0,0,0,0,0,"{""accepted_source_row"": 15}",accepted_source_row,accepted_after_repair,historical_lead
207500,UNIVERSITY OF OKLAHOMA NORMAN CAMPUS,public,OK,True,15,True,False,True,15,0,0,15,0,0,0,0,0,0,0,0,"{""accepted_source_row"": 15}",accepted_source_row,accepted_after_repair,historical_lead
207689,SAINT GREGORYS UNIVERSITY,private,OK,True,9,False,True,False,9,0,0,9,0,0,0,0,0,0,0,0,"{""accepted_source_row"": 9}",accepted_source_row,not_old_public_411_member,unknown_or_current_only
207722,UNIVERSITY OF SCIENCE AND ARTS OF OKLAHOMA,public,OK,True,15,False,True,False,15,0,0,15,0,0,0,0,0,0,0,0,"{""accepted_source_row"": 15}",accepted_source_row,not_old_public_411_member,historical_lead
207865,SOUTHWESTERN OKLAHOMA STATE UNIVERSITY,public,OK,True,15,True,False,True,15,0,0,15,0,0,0,0,0,0,0,0,"{""accepted_source_row"": 15}",accepted_source_row,accepted_after_repair,historical_lead
207971,UNIVERSITY OF TULSA,private,OK,True,15,False,True,False,15,0,0,15,0,0,0,0,0,0,0,0,"{""accepted_source_row"": 15}",accepted_source_row,not_old_public_411_member,unknown_or_current_only
208488,CONCORDIA UNIVERSITY,private,OR,True,12,False,True,False,12,0,0,12,0,0,0,0,0,0,0,0,"{""accepted_source_row"": 12}",accepted_source_row,not_old_public_411_member,unknown_or_current_only
208725,EUGENE BIBLE COLLEGE,private,OR,True,14,False,True,False,14,0,0,14,0,0,0,0,0,0,0,0,"{""accepted_source_row"": 14}",accepted_source_row,not_old_public_411_member,unknown_or_current_only
208822,GEORGE FOX UNIVERSITY,private,OR,True,15,False,True,False,15,0,0,15,0,0,0,0,0,0,0,0,"{""accepted_source_row"": 15}",accepted_source_row,not_old_public_411_member,validated_human_legacy
209056,LEWIS & CLARK COLLEGE,private,OR,True,15,False,True,False,15,0,0,15,0,0,0,0,0,0,0,0,"{""accepted_source_row"": 15}",accepted_source_row,not_old_public_411_member,unknown_or_current_only
209065,LINFIELD COLLEGE,private,OR,True,15,False,True,False,15,0,0,15,0,0,0,0,0,0,0,0,"{""accepted_source_row"": 15}",accepted_source_row,not_old_public_411_member,unknown_or_current_only
209108,MARYLHURST UNIVERSITY,private,OR,True,5,False,True,False,5,0,0,5,0,0,0,0,0,0,0,0,"{""accepted_source_row"": 5}",accepted_source_row,not_old_public_411_member,unknown_or_current_only
209241,MOUNT ANGEL SEMINARY,private,OR,True,12,False,True,False,12,0,0,12,0,0,0,0,0,0,0,0,"{""accepted_source_row"": 12}",accepted_source_row,not_old_public_411_member,unknown_or_current_only
209287,MULTNOMAH BIBLE COLLEGE AND BIBLICAL SEMINARY,private,OR,True,15,False,True,False,15,0,0,15,0,0,0,0,0,0,0,0,"{""accepted_source_row"": 15}",accepted_source_row,not_old_public_411_member,unknown_or_current_only
209409,NORTHWEST CHRISTIAN COLLEGE,private,OR,True,15,False,True,False,15,0,0,15,0,0,0,0,0,0,0,0,"{""accepted_source_row"": 15}",accepted_source_row,not_old_public_411_member,unknown_or_current_only
209533,OREGON COLLEGE OF ART AND CRAFT,private,OR,True,8,False,True,False,8,0,0,8,0,0,0,0,0,0,0,0,"{""accepted_source_row"": 8}",accepted_source_row,not_old_public_411_member,unknown_or_current_only
209542,OREGON STATE UNIVERSITY,public,OR,True,15,False,True,False,15,0,0,15,0,0,0,0,0,0,0,0,"{""accepted_source_row"": 15}",accepted_source_row,not_old_public_411_member,historical_lead
209603,PACIFIC NORTHWEST COLLEGE OF ART,private,OR,True,15,False,True,False,15,0,0,15,0,0,0,0,0,0,0,0,"{""accepted_source_row"": 15}",accepted_source_row,not_old_public_411_member,unknown_or_current_only
209612,PACIFIC UNIVERSITY,private,OR,True,15,False,True,False,15,0,0,15,0,0,0,0,0,0,0,0,"{""accepted_source_row"": 15}",accepted_source_row,not_old_public_411_member,unknown_or_current_only
209807,PORTLAND STATE UNIVERSITY,public,OR,True,15,True,False,True,15,0,0,15,0,0,0,0,0,0,0,0,"{""accepted_source_row"": 15}",accepted_source_row,accepted_after_repair,historical_lead
209922,REED COLLEGE,private,OR,True,15,False,True,False,15,0,0,15,0,0,0,0,0,0,0,0,"{""accepted_source_row"": 15}",accepted_source_row,not_old_public_411_member,unknown_or_current_only
210304,WARNER PACIFIC COLLEGE,private,OR,True,15,False,True,False,15,0,0,15,0,0,0,0,0,0,0,0,"{""accepted_source_row"": 15}",accepted_source_row,not_old_public_411_member,unknown_or_current_only
210401,WILLAMETTE UNIVERSITY,private,OR,True,15,False,True,False,15,0,0,15,0,0,0,0,0,0,0,0,"{""accepted_source_row"": 15}",accepted_source_row,not_old_public_411_member,unknown_or_current_only
210669,ALLEGHENY COLLEGE,private,PA,True,15,False,True,False,15,0,0,15,0,0,0,0,0,0,0,0,"{""accepted_source_row"": 15}",accepted_source_row,not_old_public_411_member,unknown_or_current_only
210775,ALVERNIA COLLEGE,private,PA,True,15,False,True,False,15,0,0,15,0,0,0,0,0,0,0,0,"{""accepted_source_row"": 15}",accepted_source_row,not_old_public_411_member,unknown_or_current_only
211024,BAPTIST BIBLE COLLEGE AND SEMINARY,private,PA,True,15,False,True,False,15,0,0,15,0,0,0,0,0,0,0,0,"{""accepted_source_row"": 15}",accepted_source_row,not_old_public_411_member,unknown_or_current_only
211273,BRYN MAWR COLLEGE,private,PA,True,15,False,True,False,15,0,0,15,0,0,0,0,0,0,0,0,"{""accepted_source_row"": 15}",accepted_source_row,not_old_public_411_member,historical_lead
211291,BUCKNELL UNIVERSITY,private,PA,True,15,False,True,False,15,0,0,15,0,0,0,0,0,0,0,0,"{""accepted_source_row"": 15}",accepted_source_row,not_old_public_411_member,unknown_or_current_only
211352,CABRINI COLLEGE,private,PA,True,15,False,True,False,15,0,0,15,0,0,0,0,0,0,0,0,"{""accepted_source_row"": 15}",accepted_source_row,not_old_public_411_member,unknown_or_current_only
211361,CALIFORNIA UNIVERSITY OF PENNSYLVANIA,public,PA,True,14,False,True,False,14,0,0,14,0,0,0,0,0,0,0,0,"{""accepted_source_row"": 14}",accepted_source_row,not_old_public_411_member,historical_lead
211431,CARLOW COLLEGE,private,PA,True,15,False,True,False,15,0,0,15,0,0,0,0,0,0,0,0,"{""accepted_source_row"": 15}",accepted_source_row,not_old_public_411_member,unknown_or_current_only
211468,CEDAR CREST COLLEGE,private,PA,True,15,False,True,False,15,0,0,15,0,0,0,0,0,0,0,0,"{""accepted_source_row"": 15}",accepted_source_row,not_old_public_411_member,unknown_or_current_only
211583,CHESTNUT HILL COLLEGE,private,PA,True,15,False,True,False,15,0,0,15,0,0,0,0,0,0,0,0,"{""accepted_source_row"": 15}",accepted_source_row,not_old_public_411_member,unknown_or_current_only
211644,CLARION UNIVERSITY OF PENNSYLVANIA,public,PA,True,14,True,False,True,14,0,0,14,0,0,0,0,0,0,0,0,"{""accepted_source_row"": 14}",accepted_source_row,accepted_after_repair,historical_lead; validated_human_legacy
211893,CURTIS INSTITUTE OF MUSIC,private,PA,True,13,False,True,False,13,0,0,13,0,0,0,0,0,0,0,0,"{""accepted_source_row"": 13}",accepted_source_row,not_old_public_411_member,unknown_or_current_only
211981,DELAWARE VALLEY COLLEGE,private,PA,True,15,False,True,False,15,0,0,15,0,0,0,0,0,0,0,0,"{""accepted_source_row"": 15}",accepted_source_row,not_old_public_411_member,unknown_or_current_only
212054,DREXEL UNIVERSITY,private,PA,True,15,False,True,False,15,0,0,15,0,0,0,0,0,0,0,0,"{""accepted_source_row"": 15}",accepted_source_row,not_old_public_411_member,unknown_or_current_only
212106,DUQUESNE UNIVERSITY,private,PA,True,15,False,True,False,15,0,0,15,0,0,0,0,0,0,0,0,"{""accepted_source_row"": 15}",accepted_source_row,not_old_public_411_member,unknown_or_current_only
212115,EAST STROUDSBURG UNIVERSITY OF PENNSYLVANIA,public,PA,True,15,True,False,True,15,0,0,15,0,0,0,0,0,0,0,0,"{""accepted_source_row"": 15}",accepted_source_row,accepted_after_repair,prior_programmatic; validated_human_legacy
212133,EASTERN UNIVERSITY,private,PA,True,15,False,True,False,15,0,0,15,0,0,0,0,0,0,0,0,"{""accepted_source_row"": 15}",accepted_source_row,not_old_public_411_member,unknown_or_current_only
212160,EDINBORO UNIVERSITY OF PENNSYLVANIA,public,PA,True,14,True,False,True,14,0,0,14,0,0,0,0,0,0,0,0,"{""accepted_source_row"": 14}",accepted_source_row,accepted_after_repair,prior_programmatic; validated_human_legacy
212197,ELIZABETHTOWN COLLEGE,private,PA,True,15,True,False,False,15,0,0,15,0,0,0,0,0,0,0,0,"{""accepted_source_row"": 15}",accepted_source_row,not_old_public_411_member,validated_human_legacy
212577,FRANKLIN AND MARSHALL COLLEGE,private,PA,True,15,True,False,False,0,15,15,15,0,0,0,0,0,0,0,0,"{""accepted_source_row"": 15}",accepted_source_row,not_old_public_411_member,prior_programmatic
212984,HOLY FAMILY UNIVERSITY,private,PA,True,15,False,True,False,15,0,0,15,0,0,0,0,0,0,0,0,"{""accepted_source_row"": 15}",accepted_source_row,not_old_public_411_member,unknown_or_current_only
213020,INDIANA UNIVERSITY OF PENNSYLVANIA-MAIN CAMPUS,public,PA,True,15,True,False,True,15,0,0,15,0,0,0,0,0,0,0,0,"{""accepted_source_row"": 15}",accepted_source_row,accepted_after_repair,prior_programmatic
213358,LA ROCHE COLLEGE,private,PA,True,15,False,True,False,15,0,0,15,0,0,0,0,0,0,0,0,"{""accepted_source_row"": 15}",accepted_source_row,not_old_public_411_member,unknown_or_current_only
213507,LEBANON VALLEY COLLEGE,private,PA,True,15,False,True,False,15,0,0,15,0,0,0,0,0,0,0,0,"{""accepted_source_row"": 15}",accepted_source_row,not_old_public_411_member,unknown_or_current_only
213543,LEHIGH UNIVERSITY,private,PA,True,15,True,False,False,15,0,0,15,0,0,0,0,0,0,0,0,"{""accepted_source_row"": 15}",accepted_source_row,not_old_public_411_member,validated_human_legacy
213613,LOCK HAVEN UNIVERSITY OF PENNSYLVANIA,public,PA,True,14,True,False,True,14,0,0,14,0,0,0,0,0,0,0,0,"{""accepted_source_row"": 14}",accepted_source_row,accepted_after_repair,historical_lead
213668,LYCOMING COLLEGE,private,PA,True,15,False,True,False,15,0,0,15,0,0,0,0,0,0,0,0,"{""accepted_source_row"": 15}",accepted_source_row,not_old_public_411_member,unknown_or_current_only
213783,MANSFIELD UNIVERSITY OF PENNSYLVANIA,public,PA,True,14,True,False,True,14,0,0,14,0,0,0,0,0,0,0,0,"{""accepted_source_row"": 14}",accepted_source_row,accepted_after_repair,historical_lead; validated_human_legacy
213826,MARYWOOD UNIVERSITY,private,PA,True,15,False,True,False,15,0,0,15,0,0,0,0,0,0,0,0,"{""accepted_source_row"": 15}",accepted_source_row,not_old_public_411_member,unknown_or_current_only
213987,MERCYHURST COLLEGE,private,PA,True,15,False,True,False,15,0,0,15,0,0,0,0,0,0,0,0,"{""accepted_source_row"": 15}",accepted_source_row,not_old_public_411_member,unknown_or_current_only
214148,MOORE COLLEGE OF ART AND DESIGN,private,PA,True,15,False,True,False,15,0,0,15,0,0,0,0,0,0,0,0,"{""accepted_source_row"": 15}",accepted_source_row,not_old_public_411_member,unknown_or_current_only
214157,MORAVIAN COLLEGE AND THEOLOGICAL SEMINARY,private,PA,True,15,False,True,False,15,0,0,15,0,0,0,0,0,0,0,0,"{""accepted_source_row"": 15}",accepted_source_row,not_old_public_411_member,unknown_or_current_only
214166,MOUNT ALOYSIUS COLLEGE,private,PA,True,15,False,True,False,15,0,0,15,0,0,0,0,0,0,0,0,"{""accepted_source_row"": 15}",accepted_source_row,not_old_public_411_member,unknown_or_current_only
214175,MUHLENBERG COLLEGE,private,PA,True,15,False,True,False,15,0,0,15,0,0,0,0,0,0,0,0,"{""accepted_source_row"": 15}",accepted_source_row,not_old_public_411_member,unknown_or_current_only
214272,NEUMANN COLLEGE,private,PA,True,15,False,True,False,15,0,0,15,0,0,0,0,0,0,0,0,"{""accepted_source_row"": 15}",accepted_source_row,not_old_public_411_member,unknown_or_current_only
214777,PENNSYLVANIA STATE UNIVERSITY-MAIN CAMPUS,public,PA,True,13,True,False,True,13,0,0,13,0,0,0,0,0,0,0,0,"{""accepted_source_row"": 13}",accepted_source_row,accepted_after_repair,historical_lead
214971,PENNSYLVANIA ACADEMY OF THE FINE ARTS,private,PA,True,14,False,True,False,14,0,0,14,0,0,0,0,0,0,0,0,"{""accepted_source_row"": 14}",accepted_source_row,not_old_public_411_member,unknown_or_current_only
215053,PENNSYLVANIA SCHOOL OF ART AND DESIGN,private,PA,True,15,False,True,False,15,0,0,15,0,0,0,0,0,0,0,0,"{""accepted_source_row"": 15}",accepted_source_row,not_old_public_411_member,unknown_or_current_only
215062,UNIVERSITY OF PENNSYLVANIA,private,PA,True,15,False,True,False,15,0,0,15,0,0,0,0,0,0,0,0,"{""accepted_source_row"": 15}",accepted_source_row,not_old_public_411_member,unknown_or_current_only
215114,PHILADELPHIA BIBLICAL UNIVERSITY-LANGHORNE,private,PA,True,15,False,True,False,15,0,0,15,0,0,0,0,0,0,0,0,"{""accepted_source_row"": 15}",accepted_source_row,not_old_public_411_member,unknown_or_current_only
215132,UNIVERSITY OF THE SCIENCES IN PHILADELPHIA,private,PA,True,14,False,True,False,14,0,0,14,0,0,0,0,0,0,0,0,"{""accepted_source_row"": 14}",accepted_source_row,not_old_public_411_member,unknown_or_current_only
215266,UNIVERSITY OF PITTSBURGH-BRADFORD,public,PA,True,14,True,False,True,14,0,0,14,0,0,0,0,0,0,0,0,"{""accepted_source_row"": 14}",accepted_source_row,accepted_after_repair,historical_lead
215293,UNIVERSITY OF PITTSBURGH-MAIN CAMPUS,public,PA,True,14,True,False,True,14,0,0,14,0,0,0,0,0,0,0,0,"{""accepted_source_row"": 14}",accepted_source_row,accepted_after_repair,historical_lead; validated_human_legacy
215442,POINT PARK COLLEGE,private,PA,True,15,False,True,False,15,0,0,15,0,0,0,0,0,0,0,0,"{""accepted_source_row"": 15}",accepted_source_row,not_old_public_411_member,unknown_or_current_only
215655,ROBERT MORRIS UNIVERSITY,private,PA,True,15,False,True,False,15,0,0,15,0,0,0,0,0,0,0,0,"{""accepted_source_row"": 15}",accepted_source_row,not_old_public_411_member,unknown_or_current_only
215691,ROSEMONT COLLEGE,private,PA,True,15,False,True,False,15,0,0,15,0,0,0,0,0,0,0,0,"{""accepted_source_row"": 15}",accepted_source_row,not_old_public_411_member,unknown_or_current_only
215743,SAINT FRANCIS UNIVERSITY,private,PA,True,15,False,True,False,15,0,0,15,0,0,0,0,0,0,0,0,"{""accepted_source_row"": 15}",accepted_source_row,not_old_public_411_member,unknown_or_current_only
215770,SAINT JOSEPHS UNIVERSITY,private,PA,True,15,False,True,False,15,0,0,15,0,0,0,0,0,0,0,0,"{""accepted_source_row"": 15}",accepted_source_row,not_old_public_411_member,unknown_or_current_only
215798,SAINT VINCENT COLLEGE,private,PA,True,15,False,True,False,15,0,0,15,0,0,0,0,0,0,0,0,"{""accepted_source_row"": 15}",accepted_source_row,not_old_public_411_member,unknown_or_current_only
215947,SETON HILL UNIVERSITY,private,PA,True,15,False,True,False,15,0,0,15,0,0,0,0,0,0,0,0,"{""accepted_source_row"": 15}",accepted_source_row,not_old_public_411_member,unknown_or_current_only
216047,SAINT CHARLES BORROMEO SEMINARY-OVERBROOK,private,PA,True,15,False,True,False,15,0,0,15,0,0,0,0,0,0,0,0,"{""accepted_source_row"": 15}",accepted_source_row,not_old_public_411_member,unknown_or_current_only
216287,SWARTHMORE COLLEGE,private,PA,True,15,False,True,False,15,0,0,15,0,0,0,0,0,0,0,0,"{""accepted_source_row"": 15}",accepted_source_row,not_old_public_411_member,historical_lead; unknown_or_current_only
216311,TALMUD YESHIVA OF PHILADELPHIA,private,PA,True,15,False,True,False,15,0,0,15,0,0,0,0,0,0,0,0,"{""accepted_source_row"": 15}",accepted_source_row,not_old_public_411_member,unknown_or_current_only
216339,TEMPLE UNIVERSITY,public,PA,True,15,True,False,True,15,0,0,15,0,0,0,0,0,0,0,0,"{""accepted_source_row"": 15}",accepted_source_row,accepted_after_repair,historical_lead; validated_human_legacy
216357,THIEL COLLEGE,private,PA,True,15,False,True,False,15,0,0,15,0,0,0,0,0,0,0,0,"{""accepted_source_row"": 15}",accepted_source_row,not_old_public_411_member,unknown_or_current_only
216524,URSINUS COLLEGE,private,PA,True,15,False,True,False,15,0,0,15,0,0,0,0,0,0,0,0,"{""accepted_source_row"": 15}",accepted_source_row,not_old_public_411_member,unknown_or_current_only
216542,VALLEY FORGE CHRISTIAN COLLEGE,private,PA,True,15,False,True,False,15,0,0,15,0,0,0,0,0,0,0,0,"{""accepted_source_row"": 15}",accepted_source_row,not_old_public_411_member,unknown_or_current_only
216597,VILLANOVA UNIVERSITY,private,PA,True,15,True,False,False,15,0,0,15,0,0,0,0,0,0,0,0,"{""accepted_source_row"": 15}",accepted_source_row,not_old_public_411_member,historical_lead
216667,WASHINGTON & JEFFERSON COLLEGE,private,PA,True,15,False,True,False,15,0,0,15,0,0,0,0,0,0,0,0,"{""accepted_source_row"": 15}",accepted_source_row,not_old_public_411_member,unknown_or_current_only
216764,WEST CHESTER UNIVERSITY OF PENNSYLVANIA,public,PA,True,15,True,False,True,15,0,0,15,0,0,0,0,0,0,0,0,"{""accepted_source_row"": 15}",accepted_source_row,accepted_after_repair,historical_lead; validated_human_legacy
216807,WESTMINSTER COLLEGE,private,PA,True,15,False,True,False,15,0,0,15,0,0,0,0,0,0,0,0,"{""accepted_source_row"": 15}",accepted_source_row,not_old_public_411_member,unknown_or_current_only
216931,WILKES UNIVERSITY,private,PA,True,15,False,True,False,15,0,0,15,0,0,0,0,0,0,0,0,"{""accepted_source_row"": 15}",accepted_source_row,not_old_public_411_member,unknown_or_current_only
217013,WILSON COLLEGE,private,PA,True,15,False,True,False,15,0,0,15,0,0,0,0,0,0,0,0,"{""accepted_source_row"": 15}",accepted_source_row,not_old_public_411_member,unknown_or_current_only
217156,BROWN UNIVERSITY,private,RI,True,15,False,True,False,15,0,0,15,0,0,0,0,0,0,0,0,"{""accepted_source_row"": 15}",accepted_source_row,not_old_public_411_member,unknown_or_current_only
217235,JOHNSON & WALES UNIVERSITY,private,RI,True,15,False,True,False,15,0,0,15,0,0,0,0,0,0,0,0,"{""accepted_source_row"": 15}",accepted_source_row,not_old_public_411_member,unknown_or_current_only
217402,PROVIDENCE COLLEGE,private,RI,True,15,True,False,False,15,0,0,15,0,0,0,0,0,0,0,0,"{""accepted_source_row"": 15}",accepted_source_row,not_old_public_411_member,unknown_or_current_only; validated_human_legacy
217484,UNIVERSITY OF RHODE ISLAND,public,RI,True,15,True,False,True,15,0,0,15,0,0,0,0,0,0,0,0,"{""accepted_source_row"": 15}",accepted_source_row,accepted_after_repair,historical_lead
217493,RHODE ISLAND SCHOOL OF DESIGN,private,RI,True,15,False,True,False,15,0,0,15,0,0,0,0,0,0,0,0,"{""accepted_source_row"": 15}",accepted_source_row,not_old_public_411_member,unknown_or_current_only
217606,ZION BIBLE INSTITUTE,private,RI,True,14,False,True,False,14,0,0,14,0,0,0,0,0,0,0,0,"{""accepted_source_row"": 14}",accepted_source_row,not_old_public_411_member,unknown_or_current_only
217624,ALLEN UNIVERSITY,private,SC,True,12,False,True,False,12,0,0,12,0,0,0,0,0,0,0,0,"{""accepted_source_row"": 12}",accepted_source_row,not_old_public_411_member,unknown_or_current_only
217633,ANDERSON COLLEGE,private,SC,True,15,True,False,False,15,0,0,15,0,0,0,0,0,0,0,0,"{""accepted_source_row"": 15}",accepted_source_row,not_old_public_411_member,prior_programmatic; validated_human_legacy
217688,CHARLESTON SOUTHERN UNIVERSITY,private,SC,True,15,False,True,False,15,0,0,15,0,0,0,0,0,0,0,0,"{""accepted_source_row"": 15}",accepted_source_row,not_old_public_411_member,unknown_or_current_only
217721,BENEDICT COLLEGE,private,SC,True,15,False,True,False,15,0,0,15,0,0,0,0,0,0,0,0,"{""accepted_source_row"": 15}",accepted_source_row,not_old_public_411_member,unknown_or_current_only
217749,Bob Jones University,private,SC,True,3,False,True,False,3,0,0,3,0,0,0,0,0,0,0,0,"{""accepted_source_row"": 3}",accepted_source_row,not_old_public_411_member,unknown_or_current_only
217776,SOUTHERN WESLEYAN UNIVERSITY,private,SC,True,15,False,True,False,15,0,0,15,0,0,0,0,0,0,0,0,"{""accepted_source_row"": 15}",accepted_source_row,not_old_public_411_member,unknown_or_current_only
217819,COLLEGE OF CHARLESTON,public,SC,True,15,True,False,True,0,15,15,15,0,0,0,0,0,0,0,0,"{""accepted_source_row"": 15}",accepted_source_row,accepted_after_repair,prior_programmatic
217873,CLAFLIN UNIVERSITY,private,SC,True,15,True,False,False,15,0,0,15,0,0,0,0,0,0,0,0,"{""accepted_source_row"": 15}",accepted_source_row,not_old_public_411_member,historical_lead; validated_human_legacy
217882,CLEMSON UNIVERSITY,public,SC,True,15,True,False,True,0,15,15,15,0,0,0,0,0,0,0,0,"{""accepted_source_row"": 15}",accepted_source_row,accepted_after_repair,prior_programmatic
217891,Clinton College,private,SC,True,3,False,True,False,3,0,0,3,0,0,0,0,0,0,0,0,"{""accepted_source_row"": 3}",accepted_source_row,not_old_public_411_member,unknown_or_current_only
217925,COLUMBIA INTERNATIONAL UNIVERSITY,private,SC,True,15,False,True,False,15,0,0,15,0,0,0,0,0,0,0,0,"{""accepted_source_row"": 15}",accepted_source_row,not_old_public_411_member,unknown_or_current_only
218070,FURMAN UNIVERSITY,private,SC,True,15,False,True,False,15,0,0,15,0,0,0,0,0,0,0,0,"{""accepted_source_row"": 15}",accepted_source_row,not_old_public_411_member,unknown_or_current_only
218441,NORTH GREENVILLE COLLEGE,private,SC,True,15,False,True,False,15,0,0,15,0,0,0,0,0,0,0,0,"{""accepted_source_row"": 15}",accepted_source_row,not_old_public_411_member,unknown_or_current_only
218539,PRESBYTERIAN COLLEGE,private,SC,True,14,False,True,False,14,0,0,14,0,0,0,0,0,0,0,0,"{""accepted_source_row"": 14}",accepted_source_row,not_old_public_411_member,unknown_or_current_only
218654,UNIVERSITY OF SOUTH CAROLINA-BEAUFORT,public,SC,True,13,False,True,False,13,0,0,13,0,0,0,0,0,0,0,0,"{""accepted_source_row"": 13}",accepted_source_row,not_old_public_411_member,historical_lead
218663,UNIVERSITY OF SOUTH CAROLINA AT COLUMBIA,public,SC,True,15,True,False,True,15,0,0,15,0,0,0,0,0,0,0,0,"{""accepted_source_row"": 15}",accepted_source_row,accepted_after_repair,historical_lead; validated_human_legacy
218919,VOORHEES COLLEGE,private,SC,True,15,False,True,False,15,0,0,15,0,0,0,0,0,0,0,0,"{""accepted_source_row"": 15}",accepted_source_row,not_old_public_411_member,unknown_or_current_only
218964,WINTHROP UNIVERSITY,public,SC,True,15,False,True,False,15,0,0,15,0,0,0,0,0,0,0,0,"{""accepted_source_row"": 15}",accepted_source_row,not_old_public_411_member,historical_lead
218973,WOFFORD COLLEGE,private,SC,True,15,False,True,False,15,0,0,15,0,0,0,0,0,0,0,0,"{""accepted_source_row"": 15}",accepted_source_row,not_old_public_411_member,unknown_or_current_only
219091,DAKOTA WESLEYAN UNIVERSITY,private,SD,True,15,False,True,False,15,0,0,15,0,0,0,0,0,0,0,0,"{""accepted_source_row"": 15}",accepted_source_row,not_old_public_411_member,unknown_or_current_only
219198,MOUNT MARTY COLLEGE,private,SD,True,15,False,True,False,15,0,0,15,0,0,0,0,0,0,0,0,"{""accepted_source_row"": 15}",accepted_source_row,not_old_public_411_member,unknown_or_current_only
219277,OGLALA LAKOTA COLLEGE,public,SD,True,9,True,False,True,9,0,0,9,0,0,0,0,0,0,0,0,"{""accepted_source_row"": 9}",accepted_source_row,accepted_after_repair,historical_lead
219347,SOUTH DAKOTA SCHOOL OF MINES AND TECHNOLOGY,public,SD,True,15,True,False,True,15,0,0,15,0,0,0,0,0,0,0,0,"{""accepted_source_row"": 15}",accepted_source_row,accepted_after_repair,historical_lead
219356,SOUTH DAKOTA STATE UNIVERSITY,public,SD,True,15,True,False,True,15,0,0,15,0,0,0,0,0,0,0,0,"{""accepted_source_row"": 15}",accepted_source_row,accepted_after_repair,historical_lead
219383,UNIVERSITY OF SIOUX FALLS,private,SD,True,14,False,True,False,14,0,0,14,0,0,0,0,0,0,0,0,"{""accepted_source_row"": 14}",accepted_source_row,not_old_public_411_member,unknown_or_current_only
219471,UNIVERSITY OF SOUTH DAKOTA,public,SD,True,15,True,False,True,15,0,0,15,0,0,0,0,0,0,0,0,"{""accepted_source_row"": 15}",accepted_source_row,accepted_after_repair,historical_lead; validated_human_legacy
219505,AMERICAN BAPTIST COLLEGE,private,TN,True,9,False,True,False,9,0,0,9,0,0,0,0,0,0,0,0,"{""accepted_source_row"": 9}",accepted_source_row,not_old_public_411_member,unknown_or_current_only
219709,BELMONT UNIVERSITY,private,TN,True,15,True,False,False,15,0,0,15,0,0,0,0,0,0,0,0,"{""accepted_source_row"": 15}",accepted_source_row,not_old_public_411_member,validated_human_legacy
219718,BETHEL COLLEGE,private,TN,True,15,False,True,False,15,0,0,15,0,0,0,0,0,0,0,0,"{""accepted_source_row"": 15}",accepted_source_row,not_old_public_411_member,unknown_or_current_only
219790,BRYAN COLLEGE,private,TN,True,15,False,True,False,15,0,0,15,0,0,0,0,0,0,0,0,"{""accepted_source_row"": 15}",accepted_source_row,not_old_public_411_member,historical_lead
219806,CARSON-NEWMAN COLLEGE,private,TN,True,15,False,True,False,15,0,0,15,0,0,0,0,0,0,0,0,"{""accepted_source_row"": 15}",accepted_source_row,not_old_public_411_member,unknown_or_current_only
219833,CHRISTIAN BROTHERS UNIVERSITY,private,TN,True,15,False,True,False,15,0,0,15,0,0,0,0,0,0,0,0,"{""accepted_source_row"": 15}",accepted_source_row,not_old_public_411_member,unknown_or_current_only
219976,DAVID LIPSCOMB UNIVERSITY,private,TN,True,15,False,True,False,15,0,0,15,0,0,0,0,0,0,0,0,"{""accepted_source_row"": 15}",accepted_source_row,not_old_public_411_member,historical_lead; unknown_or_current_only
220181,FISK UNIVERSITY,private,TN,True,15,False,True,False,15,0,0,15,0,0,0,0,0,0,0,0,"{""accepted_source_row"": 15}",accepted_source_row,not_old_public_411_member,unknown_or_current_only
220206,FREE WILL BAPTIST BIBLE COLLEGE,private,TN,True,15,False,True,False,15,0,0,15,0,0,0,0,0,0,0,0,"{""accepted_source_row"": 15}",accepted_source_row,not_old_public_411_member,unknown_or_current_only
220215,FREED-HARDEMAN UNIVERSITY,private,TN,True,15,False,True,False,15,0,0,15,0,0,0,0,0,0,0,0,"{""accepted_source_row"": 15}",accepted_source_row,not_old_public_411_member,historical_lead; unknown_or_current_only
220312,Hiwassee College,private,TN,True,4,False,True,False,4,0,0,4,0,0,0,0,0,0,0,0,"{""accepted_source_row"": 4}",accepted_source_row,not_old_public_411_member,unknown_or_current_only
220589,LAMBUTH UNIVERSITY,private,TN,True,3,False,True,False,3,0,0,3,0,0,0,0,0,0,0,0,"{""accepted_source_row"": 3}",accepted_source_row,not_old_public_411_member,unknown_or_current_only
220604,LE MOYNE-OWEN COLLEGE,private,TN,True,15,False,True,False,15,0,0,15,0,0,0,0,0,0,0,0,"{""accepted_source_row"": 15}",accepted_source_row,not_old_public_411_member,unknown_or_current_only
220613,LEE UNIVERSITY,private,TN,True,15,True,False,False,15,0,0,15,0,0,0,0,0,0,0,0,"{""accepted_source_row"": 15}",accepted_source_row,not_old_public_411_member,prior_programmatic; validated_human_legacy
220631,LINCOLN MEMORIAL UNIVERSITY,private,TN,True,15,False,True,False,15,0,0,15,0,0,0,0,0,0,0,0,"{""accepted_source_row"": 15}",accepted_source_row,not_old_public_411_member,unknown_or_current_only
220808,MEMPHIS COLLEGE OF ART,private,TN,True,12,False,True,False,12,0,0,12,0,0,0,0,0,0,0,0,"{""accepted_source_row"": 12}",accepted_source_row,not_old_public_411_member,historical_lead; unknown_or_current_only
220862,UNIVERSITY OF MEMPHIS,public,TN,True,15,True,False,True,15,0,0,15,0,0,0,0,0,0,0,0,"{""accepted_source_row"": 15}",accepted_source_row,accepted_after_repair,historical_lead
220941,CRICHTON COLLEGE,private,TN,True,4,False,True,False,4,0,0,4,0,0,0,0,0,0,0,0,"{""accepted_source_row"": 4}",accepted_source_row,not_old_public_411_member,unknown_or_current_only
221254,O'MORE COLLEGE OF DESIGN,private,TN,True,8,False,True,False,8,0,0,8,0,0,0,0,0,0,0,0,"{""accepted_source_row"": 8}",accepted_source_row,not_old_public_411_member,unknown_or_current_only
221351,RHODES COLLEGE,private,TN,True,15,False,True,False,15,0,0,15,0,0,0,0,0,0,0,0,"{""accepted_source_row"": 15}",accepted_source_row,not_old_public_411_member,validated_human_legacy
221519,UNIVERSITY OF THE SOUTH,private,TN,True,15,False,True,False,15,0,0,15,0,0,0,0,0,0,0,0,"{""accepted_source_row"": 15}",accepted_source_row,not_old_public_411_member,unknown_or_current_only
221661,SOUTHERN ADVENTIST UNIVERSITY,private,TN,True,15,False,True,False,15,0,0,15,0,0,0,0,0,0,0,0,"{""accepted_source_row"": 15}",accepted_source_row,not_old_public_411_member,historical_lead; unknown_or_current_only
221740,THE UNIVERSITY OF TENNESSEE-CHATTANOOGA,public,TN,True,13,True,False,True,13,0,0,13,0,0,0,0,0,0,0,0,"{""accepted_source_row"": 13}",accepted_source_row,accepted_after_repair,historical_lead; validated_human_legacy
221768,THE UNIVERSITY OF TENNESSEE-MARTIN,public,TN,True,13,True,False,True,13,0,0,13,0,0,0,0,0,0,0,0,"{""accepted_source_row"": 13}",accepted_source_row,accepted_after_repair,historical_lead; validated_human_legacy
221838,TENNESSEE STATE UNIVERSITY,public,TN,True,15,True,False,True,15,0,0,15,0,0,0,0,0,0,0,0,"{""accepted_source_row"": 15}",accepted_source_row,accepted_after_repair,historical_lead; validated_human_legacy
221847,TENNESSEE TECHNOLOGICAL UNIVERSITY,public,TN,True,15,True,False,True,15,0,0,15,0,0,0,0,0,0,0,0,"{""accepted_source_row"": 15}",accepted_source_row,accepted_after_repair,historical_lead; validated_human_legacy
221856,TENNESSEE TEMPLE UNIVERSITY,private,TN,True,8,False,True,False,8,0,0,8,0,0,0,0,0,0,0,0,"{""accepted_source_row"": 8}",accepted_source_row,not_old_public_411_member,unknown_or_current_only
221892,TREVECCA NAZARENE UNIVERSITY,private,TN,True,15,False,True,False,15,0,0,15,0,0,0,0,0,0,0,0,"{""accepted_source_row"": 15}",accepted_source_row,not_old_public_411_member,unknown_or_current_only
221971,UNION UNIVERSITY,private,TN,True,15,False,True,False,15,0,0,15,0,0,0,0,0,0,0,0,"{""accepted_source_row"": 15}",accepted_source_row,not_old_public_411_member,unknown_or_current_only
221999,VANDERBILT UNIVERSITY,private,TN,True,15,False,True,False,15,0,0,15,0,0,0,0,0,0,0,0,"{""accepted_source_row"": 15}",accepted_source_row,not_old_public_411_member,unknown_or_current_only
222831,ANGELO STATE UNIVERSITY,public,TX,True,15,True,False,True,15,0,0,15,0,0,0,0,0,0,0,0,"{""accepted_source_row"": 15}",accepted_source_row,accepted_after_repair,prior_programmatic; validated_human_legacy
222877,ARLINGTON BAPTIST COLLEGE,private,TX,True,14,False,True,False,14,0,0,14,0,0,0,0,0,0,0,0,"{""accepted_source_row"": 14}",accepted_source_row,not_old_public_411_member,unknown_or_current_only
223232,BAYLOR UNIVERSITY,private,TX,True,15,True,False,False,15,0,0,15,0,0,0,0,0,0,0,0,"{""accepted_source_row"": 15}",accepted_source_row,not_old_public_411_member,validated_human_legacy
223463,Remington College-Dallas Campus,private,TX,True,4,False,True,False,4,0,0,4,0,0,0,0,0,0,0,0,"{""accepted_source_row"": 4}",accepted_source_row,not_old_public_411_member,unknown_or_current_only
224147,TEXAS A & M UNIVERSITY-CORPUS CHRISTI,public,TX,True,15,True,False,True,15,0,0,15,0,0,0,0,0,0,0,0,"{""accepted_source_row"": 15}",accepted_source_row,accepted_after_repair,historical_lead; validated_human_legacy
224226,DALLAS BAPTIST UNIVERSITY,private,TX,True,15,True,False,False,15,0,0,15,0,0,0,0,0,0,0,0,"{""accepted_source_row"": 15}",accepted_source_row,not_old_public_411_member,prior_programmatic; validated_human_legacy
224244,DALLAS CHRISTIAN COLLEGE,private,TX,True,15,False,True,False,15,0,0,15,0,0,0,0,0,0,0,0,"{""accepted_source_row"": 15}",accepted_source_row,not_old_public_411_member,unknown_or_current_only
224323,UNIVERSITY OF DALLAS,private,TX,True,15,False,True,False,15,0,0,15,0,0,0,0,0,0,0,0,"{""accepted_source_row"": 15}",accepted_source_row,not_old_public_411_member,unknown_or_current_only
224527,EAST TEXAS BAPTIST UNIVERSITY,private,TX,True,15,True,False,False,15,0,0,15,0,0,0,0,0,0,0,0,"{""accepted_source_row"": 15}",accepted_source_row,not_old_public_411_member,prior_programmatic; validated_human_legacy
224545,Texas A & M University-Texarkana,public,TX,True,6,True,False,False,6,0,0,6,0,0,0,0,0,0,0,0,"{""accepted_source_row"": 6}",accepted_source_row,not_old_public_411_member,historical_lead; validated_human_legacy
225399,HOUSTON BAPTIST UNIVERSITY,private,TX,True,15,False,True,False,15,0,0,15,0,0,0,0,0,0,0,0,"{""accepted_source_row"": 15}",accepted_source_row,not_old_public_411_member,unknown_or_current_only
225432,UNIVERSITY OF HOUSTON-DOWNTOWN,public,TX,True,15,True,False,True,15,0,0,15,0,0,0,0,0,0,0,0,"{""accepted_source_row"": 15}",accepted_source_row,accepted_after_repair,historical_lead; validated_human_legacy
225511,UNIVERSITY OF HOUSTON-UNIVERSITY PARK,public,TX,True,15,True,False,True,15,0,0,15,0,0,0,0,0,0,0,0,"{""accepted_source_row"": 15}",accepted_source_row,accepted_after_repair,historical_lead; validated_human_legacy
225548,HOWARD PAYNE UNIVERSITY,private,TX,True,14,False,True,False,14,0,0,14,0,0,0,0,0,0,0,0,"{""accepted_source_row"": 14}",accepted_source_row,not_old_public_411_member,unknown_or_current_only
225575,HUSTON-TILLOTSON COLLEGE,private,TX,True,15,False,True,False,15,0,0,15,0,0,0,0,0,0,0,0,"{""accepted_source_row"": 15}",accepted_source_row,not_old_public_411_member,unknown_or_current_only
225885,Jarvis Christian College,private,TX,True,11,False,True,False,11,0,0,11,0,0,0,0,0,0,0,0,"{""accepted_source_row"": 11}",accepted_source_row,not_old_public_411_member,unknown_or_current_only
226231,LETOURNEAU UNIVERSITY,private,TX,True,15,False,True,False,15,0,0,15,0,0,0,0,0,0,0,0,"{""accepted_source_row"": 15}",accepted_source_row,not_old_public_411_member,unknown_or_current_only
226471,UNIVERSITY OF MARY HARDIN-BAYLOR,private,TX,True,15,False,True,False,15,0,0,15,0,0,0,0,0,0,0,0,"{""accepted_source_row"": 15}",accepted_source_row,not_old_public_411_member,unknown_or_current_only
227216,UNIVERSITY OF NORTH TEXAS,public,TX,True,15,True,False,True,15,0,0,15,0,0,0,0,0,0,0,0,"{""accepted_source_row"": 15}",accepted_source_row,accepted_after_repair,historical_lead; validated_human_legacy
227331,OUR LADY OF THE LAKE UNIVERSITY-SAN ANTONIO,private,TX,True,15,False,True,False,15,0,0,15,0,0,0,0,0,0,0,0,"{""accepted_source_row"": 15}",accepted_source_row,not_old_public_411_member,unknown_or_current_only
227368,THE UNIVERSITY OF TEXAS-PAN AMERICAN,public,TX,True,15,True,False,True,15,0,0,15,0,0,0,0,0,0,0,0,"{""accepted_source_row"": 15}",accepted_source_row,accepted_after_repair,historical_lead; validated_human_legacy
227429,PAUL QUINN COLLEGE,private,TX,True,12,False,True,False,12,0,0,12,0,0,0,0,0,0,0,0,"{""accepted_source_row"": 12}",accepted_source_row,not_old_public_411_member,unknown_or_current_only
227757,RICE UNIVERSITY,private,TX,True,15,False,True,False,15,0,0,15,0,0,0,0,0,0,0,0,"{""accepted_source_row"": 15}",accepted_source_row,not_old_public_411_member,unknown_or_current_only
227845,SAINT EDWARD'S UNIVERSITY,private,TX,True,15,True,False,False,0,15,15,15,0,0,0,0,0,0,0,0,"{""accepted_source_row"": 15}",accepted_source_row,not_old_public_411_member,validated_human_legacy
227881,SAM HOUSTON STATE UNIVERSITY,public,TX,True,13,True,False,True,13,0,0,13,0,0,0,0,0,0,0,0,"{""accepted_source_row"": 13}",accepted_source_row,accepted_after_repair,historical_lead; validated_human_legacy
228149,ST MARYS UNIVERSITY,private,TX,True,15,True,False,False,15,0,0,15,0,0,0,0,0,0,0,0,"{""accepted_source_row"": 15}",accepted_source_row,not_old_public_411_member,unknown_or_current_only; validated_human_legacy
228246,SOUTHERN METHODIST UNIVERSITY,private,TX,True,15,False,True,False,15,0,0,15,0,0,0,0,0,0,0,0,"{""accepted_source_row"": 15}",accepted_source_row,not_old_public_411_member,unknown_or_current_only
228343,SOUTHWESTERN UNIVERSITY,private,TX,True,15,False,True,False,15,0,0,15,0,0,0,0,0,0,0,0,"{""accepted_source_row"": 15}",accepted_source_row,not_old_public_411_member,unknown_or_current_only
228431,STEPHEN F AUSTIN STATE UNIVERSITY,public,TX,True,15,True,False,True,15,0,0,15,0,0,0,0,0,0,0,0,"{""accepted_source_row"": 15}",accepted_source_row,accepted_after_repair,historical_lead
228459,SOUTHWEST TEXAS STATE UNIVERSITY,public,TX,True,15,True,False,True,15,0,0,15,0,0,0,0,0,0,0,0,"{""accepted_source_row"": 15}",accepted_source_row,accepted_after_repair,historical_lead
228486,SOUTHWESTERN CHRISTIAN COLLEGE,private,TX,True,7,False,True,False,7,0,0,7,0,0,0,0,0,0,0,0,"{""accepted_source_row"": 7}",accepted_source_row,not_old_public_411_member,unknown_or_current_only
228723,TEXAS A & M UNIVERSITY,public,TX,True,15,True,False,True,15,0,0,15,0,0,0,0,0,0,0,0,"{""accepted_source_row"": 15}",accepted_source_row,accepted_after_repair,historical_lead; validated_human_legacy
228787,THE UNIVERSITY OF TEXAS AT DALLAS,public,TX,True,15,True,False,True,15,0,0,15,0,0,0,0,0,0,0,0,"{""accepted_source_row"": 15}",accepted_source_row,accepted_after_repair,historical_lead; validated_human_legacy
228796,THE UNIVERSITY OF TEXAS AT EL PASO,public,TX,True,15,True,False,True,15,0,0,15,0,0,0,0,0,0,0,0,"{""accepted_source_row"": 15}",accepted_source_row,accepted_after_repair,historical_lead; validated_human_legacy
228875,TEXAS CHRISTIAN UNIVERSITY,private,TX,True,15,False,True,False,15,0,0,15,0,0,0,0,0,0,0,0,"{""accepted_source_row"": 15}",accepted_source_row,not_old_public_411_member,unknown_or_current_only
228981,TEXAS LUTHERAN UNIVERSITY,private,TX,True,15,False,True,False,15,0,0,15,0,0,0,0,0,0,0,0,"{""accepted_source_row"": 15}",accepted_source_row,not_old_public_411_member,unknown_or_current_only
229018,THE UNIVERSITY OF TEXAS OF THE PERMIAN BASIN,public,TX,True,15,True,False,True,15,0,0,15,0,0,0,0,0,0,0,0,"{""accepted_source_row"": 15}",accepted_source_row,accepted_after_repair,historical_lead; validated_human_legacy
229063,TEXAS SOUTHERN UNIVERSITY,public,TX,True,15,True,False,True,15,0,0,15,0,0,0,0,0,0,0,0,"{""accepted_source_row"": 15}",accepted_source_row,accepted_after_repair,historical_lead; validated_human_legacy
229160,TEXAS WESLEYAN UNIVERSITY,private,TX,True,15,False,True,False,15,0,0,15,0,0,0,0,0,0,0,0,"{""accepted_source_row"": 15}",accepted_source_row,not_old_public_411_member,unknown_or_current_only
229814,WEST TEXAS A & M UNIVERSITY,public,TX,True,15,True,False,True,15,0,0,15,0,0,0,0,0,0,0,0,"{""accepted_source_row"": 15}",accepted_source_row,accepted_after_repair,historical_lead; validated_human_legacy
229887,WILEY COLLEGE,private,TX,True,14,False,True,False,14,0,0,14,0,0,0,0,0,0,0,0,"{""accepted_source_row"": 14}",accepted_source_row,not_old_public_411_member,unknown_or_current_only
230171,Dixie State College of Utah,public,UT,True,11,False,True,False,11,0,0,11,0,0,0,0,0,0,0,0,"{""accepted_source_row"": 11}",accepted_source_row,not_old_public_411_member,historical_lead
230603,SOUTHERN UTAH UNIVERSITY,public,UT,True,15,True,False,True,15,0,0,15,0,0,0,0,0,0,0,0,"{""accepted_source_row"": 15}",accepted_source_row,accepted_after_repair,historical_lead
230621,Stevens-Henager College-Ogden,private,UT,True,2,False,True,False,2,0,0,2,0,0,0,0,0,0,0,0,"{""accepted_source_row"": 2}",accepted_source_row,not_old_public_411_member,unknown_or_current_only
230728,UTAH STATE UNIVERSITY,public,UT,True,15,True,False,True,15,0,0,15,0,0,0,0,0,0,0,0,"{""accepted_source_row"": 15}",accepted_source_row,accepted_after_repair,historical_lead; validated_human_legacy
230737,UTAH VALLEY STATE COLLEGE,public,UT,True,14,True,False,True,14,0,0,14,0,0,0,0,0,0,0,0,"{""accepted_source_row"": 14}",accepted_source_row,accepted_after_repair,historical_lead
230764,UNIVERSITY OF UTAH,public,UT,True,15,True,False,True,15,0,0,15,0,0,0,0,0,0,0,0,"{""accepted_source_row"": 15}",accepted_source_row,accepted_after_repair,historical_lead
230782,WEBER STATE UNIVERSITY,public,UT,True,15,True,False,True,15,0,0,15,0,0,0,0,0,0,0,0,"{""accepted_source_row"": 15}",accepted_source_row,accepted_after_repair,historical_lead; validated_human_legacy
230816,BENNINGTON COLLEGE,private,VT,True,15,False,True,False,15,0,0,15,0,0,0,0,0,0,0,0,"{""accepted_source_row"": 15}",accepted_source_row,not_old_public_411_member,unknown_or_current_only
230825,Burlington College,private,VT,True,2,False,True,False,2,0,0,2,0,0,0,0,0,0,0,0,"{""accepted_source_row"": 2}",accepted_source_row,not_old_public_411_member,unknown_or_current_only
230852,CHAMPLAIN COLLEGE,private,VT,True,15,False,True,False,15,0,0,15,0,0,0,0,0,0,0,0,"{""accepted_source_row"": 15}",accepted_source_row,not_old_public_411_member,unknown_or_current_only
230889,GODDARD COLLEGE,private,VT,True,11,False,True,False,11,0,0,11,0,0,0,0,0,0,0,0,"{""accepted_source_row"": 11}",accepted_source_row,not_old_public_411_member,unknown_or_current_only
230898,GREEN MOUNTAIN COLLEGE,private,VT,True,11,False,True,False,11,0,0,11,0,0,0,0,0,0,0,0,"{""accepted_source_row"": 11}",accepted_source_row,not_old_public_411_member,unknown_or_current_only
230931,LYNDON STATE COLLEGE,public,VT,True,8,False,True,False,8,0,0,8,0,0,0,0,0,0,0,0,"{""accepted_source_row"": 8}",accepted_source_row,not_old_public_411_member,historical_lead
230940,MARLBORO COLLEGE,private,VT,True,12,False,True,False,12,0,0,12,0,0,0,0,0,0,0,0,"{""accepted_source_row"": 12}",accepted_source_row,not_old_public_411_member,unknown_or_current_only
230959,Middlebury College,private,VT,True,7,False,True,False,7,0,0,7,0,0,0,0,0,0,0,0,"{""accepted_source_row"": 7}",accepted_source_row,not_old_public_411_member,unknown_or_current_only
231059,SAINT MICHAELS COLLEGE,private,VT,True,15,False,True,False,15,0,0,15,0,0,0,0,0,0,0,0,"{""accepted_source_row"": 15}",accepted_source_row,not_old_public_411_member,unknown_or_current_only
231086,SOUTHERN VERMONT COLLEGE,private,VT,True,11,False,True,False,11,0,0,11,0,0,0,0,0,0,0,0,"{""accepted_source_row"": 11}",accepted_source_row,not_old_public_411_member,unknown_or_current_only
231174,UNIVERSITY OF VERMONT AND STATE AGRICULTURAL COLL,public,VT,True,15,True,False,True,15,0,0,15,0,0,0,0,0,0,0,0,"{""accepted_source_row"": 15}",accepted_source_row,accepted_after_repair,historical_lead
231554,BLUEFIELD COLLEGE,private,VA,True,15,False,True,False,15,0,0,15,0,0,0,0,0,0,0,0,"{""accepted_source_row"": 15}",accepted_source_row,not_old_public_411_member,unknown_or_current_only
231581,BRIDGEWATER COLLEGE,private,VA,True,15,False,True,False,15,0,0,15,0,0,0,0,0,0,0,0,"{""accepted_source_row"": 15}",accepted_source_row,not_old_public_411_member,unknown_or_current_only
231651,Regent University,private,VA,True,12,False,True,False,12,0,0,12,0,0,0,0,0,0,0,0,"{""accepted_source_row"": 12}",accepted_source_row,not_old_public_411_member,unknown_or_current_only
232043,EASTERN MENNONITE UNIVERSITY,private,VA,True,15,False,True,False,15,0,0,15,0,0,0,0,0,0,0,0,"{""accepted_source_row"": 15}",accepted_source_row,not_old_public_411_member,unknown_or_current_only
232089,FERRUM COLLEGE,private,VA,True,15,False,True,False,15,0,0,15,0,0,0,0,0,0,0,0,"{""accepted_source_row"": 15}",accepted_source_row,not_old_public_411_member,unknown_or_current_only
232186,GEORGE MASON UNIVERSITY,public,VA,True,15,True,False,True,15,0,0,15,0,0,0,0,0,0,0,0,"{""accepted_source_row"": 15}",accepted_source_row,accepted_after_repair,prior_programmatic; validated_human_legacy
232265,HAMPTON UNIVERSITY,private,VA,True,15,True,False,False,15,0,0,15,0,0,0,0,0,0,0,0,"{""accepted_source_row"": 15}",accepted_source_row,not_old_public_411_member,historical_lead; validated_human_legacy
232566,LONGWOOD UNIVERSITY,public,VA,True,15,True,False,True,15,0,0,15,0,0,0,0,0,0,0,0,"{""accepted_source_row"": 15}",accepted_source_row,accepted_after_repair,historical_lead; validated_human_legacy
232609,LYNCHBURG COLLEGE,private,VA,True,15,False,True,False,15,0,0,15,0,0,0,0,0,0,0,0,"{""accepted_source_row"": 15}",accepted_source_row,not_old_public_411_member,historical_lead; prior_programmatic
233277,RADFORD UNIVERSITY,public,VA,True,15,True,False,True,15,0,0,15,0,0,0,0,0,0,0,0,"{""accepted_source_row"": 15}",accepted_source_row,accepted_after_repair,historical_lead; validated_human_legacy
233295,RANDOLPH-MACON COLLEGE,private,VA,True,15,False,True,False,15,0,0,15,0,0,0,0,0,0,0,0,"{""accepted_source_row"": 15}",accepted_source_row,not_old_public_411_member,unknown_or_current_only
233499,SAINT PAULS COLLEGE,private,VA,True,5,False,True,False,5,0,0,5,0,0,0,0,0,0,0,0,"{""accepted_source_row"": 5}",accepted_source_row,not_old_public_411_member,unknown_or_current_only
233541,SHENANDOAH UNIVERSITY,private,VA,True,15,True,False,False,15,0,0,15,0,0,0,0,0,0,0,0,"{""accepted_source_row"": 15}",accepted_source_row,not_old_public_411_member,unknown_or_current_only
233718,SWEET BRIAR COLLEGE,private,VA,True,15,False,True,False,15,0,0,15,0,0,0,0,0,0,0,0,"{""accepted_source_row"": 15}",accepted_source_row,not_old_public_411_member,unknown_or_current_only
233912,VIRGINIA INTERMONT COLLEGE,private,VA,True,6,False,True,False,6,0,0,6,0,0,0,0,0,0,0,0,"{""accepted_source_row"": 6}",accepted_source_row,not_old_public_411_member,unknown_or_current_only
234030,VIRGINIA COMMONWEALTH UNIVERSITY,public,VA,True,15,True,False,True,15,0,0,15,0,0,0,0,0,0,0,0,"{""accepted_source_row"": 15}",accepted_source_row,accepted_after_repair,historical_lead
234076,UNIVERSITY OF VIRGINIA-MAIN CAMPUS,public,VA,True,15,True,False,True,15,0,0,15,0,0,0,0,0,0,0,0,"{""accepted_source_row"": 15}",accepted_source_row,accepted_after_repair,historical_lead; validated_human_legacy
234137,Virginia University of Lynchburg,private,VA,True,9,False,True,False,9,0,0,9,0,0,0,0,0,0,0,0,"{""accepted_source_row"": 9}",accepted_source_row,not_old_public_411_member,unknown_or_current_only
234164,VIRGINIA UNION UNIVERSITY,private,VA,True,15,False,True,False,15,0,0,15,0,0,0,0,0,0,0,0,"{""accepted_source_row"": 15}",accepted_source_row,not_old_public_411_member,unknown_or_current_only
234173,VIRGINIA WESLEYAN COLLEGE,private,VA,True,15,False,True,False,15,0,0,15,0,0,0,0,0,0,0,0,"{""accepted_source_row"": 15}",accepted_source_row,not_old_public_411_member,unknown_or_current_only
234207,WASHINGTON AND LEE UNIVERSITY,private,VA,True,15,False,True,False,15,0,0,15,0,0,0,0,0,0,0,0,"{""accepted_source_row"": 15}",accepted_source_row,not_old_public_411_member,unknown_or_current_only
234827,CENTRAL WASHINGTON UNIVERSITY,public,WA,True,15,True,False,True,0,15,15,15,0,0,0,0,0,0,0,0,"{""accepted_source_row"": 15}",accepted_source_row,accepted_after_repair,prior_programmatic; validated_human_legacy
234915,CITY UNIVERSITY,private,WA,True,6,False,True,False,6,0,0,6,0,0,0,0,0,0,0,0,"{""accepted_source_row"": 6}",accepted_source_row,not_old_public_411_member,unknown_or_current_only
235024,CORNISH COLLEGE OF THE ARTS,private,WA,True,15,False,True,False,15,0,0,15,0,0,0,0,0,0,0,0,"{""accepted_source_row"": 15}",accepted_source_row,not_old_public_411_member,unknown_or_current_only
235422,HERITAGE UNIVERSITY,private,WA,True,10,False,True,False,10,0,0,10,0,0,0,0,0,0,0,0,"{""accepted_source_row"": 10}",accepted_source_row,not_old_public_411_member,unknown_or_current_only
235769,TRINITY LUTHERAN COLLEGE,private,WA,True,8,False,True,False,8,0,0,8,0,0,0,0,0,0,0,0,"{""accepted_source_row"": 8}",accepted_source_row,not_old_public_411_member,unknown_or_current_only
236230,PACIFIC LUTHERAN UNIVERSITY,private,WA,True,15,True,False,False,15,0,0,15,0,0,0,0,0,0,0,0,"{""accepted_source_row"": 15}",accepted_source_row,not_old_public_411_member,unknown_or_current_only; validated_human_legacy
236328,UNIVERSITY OF PUGET SOUND,private,WA,True,15,False,True,False,15,0,0,15,0,0,0,0,0,0,0,0,"{""accepted_source_row"": 15}",accepted_source_row,not_old_public_411_member,unknown_or_current_only
236452,SAINT MARTINS COLLEGE,private,WA,True,15,False,True,False,15,0,0,15,0,0,0,0,0,0,0,0,"{""accepted_source_row"": 15}",accepted_source_row,not_old_public_411_member,unknown_or_current_only
236577,SEATTLE PACIFIC UNIVERSITY,private,WA,True,15,True,False,False,15,0,0,15,0,0,0,0,0,0,0,0,"{""accepted_source_row"": 15}",accepted_source_row,not_old_public_411_member,validated_human_legacy
236595,SEATTLE UNIVERSITY,private,WA,True,15,True,False,False,15,0,0,15,0,0,0,0,0,0,0,0,"{""accepted_source_row"": 15}",accepted_source_row,not_old_public_411_member,validated_human_legacy
236939,WASHINGTON STATE UNIVERSITY,public,WA,True,15,True,False,True,15,0,0,15,0,0,0,0,0,0,0,0,"{""accepted_source_row"": 15}",accepted_source_row,accepted_after_repair,historical_lead
237057,WHITMAN COLLEGE,private,WA,True,15,False,True,False,15,0,0,15,0,0,0,0,0,0,0,0,"{""accepted_source_row"": 15}",accepted_source_row,not_old_public_411_member,unknown_or_current_only
237066,WHITWORTH COLLEGE,private,WA,True,15,False,True,False,15,0,0,15,0,0,0,0,0,0,0,0,"{""accepted_source_row"": 15}",accepted_source_row,not_old_public_411_member,unknown_or_current_only
237118,ALDERSON BROADDUS COLLEGE,private,WV,True,15,False,True,False,15,0,0,15,0,0,0,0,0,0,0,0,"{""accepted_source_row"": 15}",accepted_source_row,not_old_public_411_member,historical_lead
237136,APPALACHIAN BIBLE COLLEGE,private,WV,True,15,False,True,False,15,0,0,15,0,0,0,0,0,0,0,0,"{""accepted_source_row"": 15}",accepted_source_row,not_old_public_411_member,unknown_or_current_only
237154,MOUNTAIN STATE UNIVERSITY,private,WV,True,4,False,True,False,4,0,0,4,0,0,0,0,0,0,0,0,"{""accepted_source_row"": 4}",accepted_source_row,not_old_public_411_member,unknown_or_current_only
237358,DAVIS AND ELKINS COLLEGE,private,WV,True,15,False,True,False,15,0,0,15,0,0,0,0,0,0,0,0,"{""accepted_source_row"": 15}",accepted_source_row,not_old_public_411_member,unknown_or_current_only
237367,FAIRMONT STATE COLLEGE,public,WV,True,15,True,False,True,15,0,0,15,0,0,0,0,0,0,0,0,"{""accepted_source_row"": 15}",accepted_source_row,accepted_after_repair,historical_lead; prior_programmatic; validated_human_legacy
237640,OHIO VALLEY COLLEGE,private,WV,True,13,False,True,False,13,0,0,13,0,0,0,0,0,0,0,0,"{""accepted_source_row"": 13}",accepted_source_row,not_old_public_411_member,unknown_or_current_only
237686,WEST VIRGINIA UNIVERSITY AT PARKERSBURG,public,WV,True,9,True,False,False,9,0,0,9,0,0,0,0,0,0,0,0,"{""accepted_source_row"": 9}",accepted_source_row,not_old_public_411_member,historical_lead; validated_human_legacy
237783,SALEM INTERNATIONAL UNIVERSITY,private,WV,True,3,False,True,False,3,0,0,3,0,0,0,0,0,0,0,0,"{""accepted_source_row"": 3}",accepted_source_row,not_old_public_411_member,unknown_or_current_only
237899,WEST VIRGINIA STATE COLLEGE,public,WV,True,15,True,False,True,15,0,0,15,0,0,0,0,0,0,0,0,"{""accepted_source_row"": 15}",accepted_source_row,accepted_after_repair,historical_lead; validated_human_legacy
237950,WEST VIRGINIA UNIVERSITY INSTITUTE OF TECHNOLOGY,public,WV,True,5,True,False,True,5,0,0,5,0,0,0,0,0,0,0,0,"{""accepted_source_row"": 5}",accepted_source_row,accepted_after_repair,historical_lead; validated_human_legacy
237969,WEST VIRGINIA WESLEYAN COLLEGE,private,WV,True,15,False,True,False,15,0,0,15,0,0,0,0,0,0,0,0,"{""accepted_source_row"": 15}",accepted_source_row,not_old_public_411_member,unknown_or_current_only
238032,WEST VIRGINIA UNIVERSITY,public,WV,True,15,True,False,True,15,0,0,15,0,0,0,0,0,0,0,0,"{""accepted_source_row"": 15}",accepted_source_row,accepted_after_repair,historical_lead
238078,WHEELING JESUIT UNIVERSITY,private,WV,True,13,False,True,False,13,0,0,13,0,0,0,0,0,0,0,0,"{""accepted_source_row"": 13}",accepted_source_row,not_old_public_411_member,unknown_or_current_only
238193,ALVERNO COLLEGE,private,WI,True,15,False,True,False,15,0,0,15,0,0,0,0,0,0,0,0,"{""accepted_source_row"": 15}",accepted_source_row,not_old_public_411_member,unknown_or_current_only
238324,BELLIN COLLEGE OF NURSING,private,WI,True,15,False,True,False,15,0,0,15,0,0,0,0,0,0,0,0,"{""accepted_source_row"": 15}",accepted_source_row,not_old_public_411_member,unknown_or_current_only
238333,BELOIT COLLEGE,private,WI,True,15,False,True,False,15,0,0,15,0,0,0,0,0,0,0,0,"{""accepted_source_row"": 15}",accepted_source_row,not_old_public_411_member,historical_lead; prior_programmatic
238476,CARTHAGE COLLEGE,private,WI,True,15,True,False,False,15,0,0,15,0,0,0,0,0,0,0,0,"{""accepted_source_row"": 15}",accepted_source_row,not_old_public_411_member,prior_programmatic; validated_human_legacy
238616,CONCORDIA UNIVERSITY-WISCONSIN,private,WI,True,15,False,True,False,15,0,0,15,0,0,0,0,0,0,0,0,"{""accepted_source_row"": 15}",accepted_source_row,not_old_public_411_member,unknown_or_current_only
238661,EDGEWOOD COLLEGE,private,WI,True,15,False,True,False,15,0,0,15,0,0,0,0,0,0,0,0,"{""accepted_source_row"": 15}",accepted_source_row,not_old_public_411_member,unknown_or_current_only
238980,LAKELAND COLLEGE,private,WI,True,15,True,False,False,15,0,0,15,0,0,0,0,0,0,0,0,"{""accepted_source_row"": 15}",accepted_source_row,not_old_public_411_member,historical_lead; unknown_or_current_only
239017,LAWRENCE UNIVERSITY,private,WI,True,15,False,True,False,15,0,0,15,0,0,0,0,0,0,0,0,"{""accepted_source_row"": 15}",accepted_source_row,not_old_public_411_member,validated_human_legacy
239080,MARIAN COLLEGE OF FOND DU LAC,private,WI,True,15,False,True,False,15,0,0,15,0,0,0,0,0,0,0,0,"{""accepted_source_row"": 15}",accepted_source_row,not_old_public_411_member,historical_lead; unknown_or_current_only
239105,MARQUETTE UNIVERSITY,private,WI,True,15,False,True,False,15,0,0,15,0,0,0,0,0,0,0,0,"{""accepted_source_row"": 15}",accepted_source_row,not_old_public_411_member,unknown_or_current_only
239309,MILWAUKEE INSTITUTE OF ART DESIGN,private,WI,True,15,False,True,False,15,0,0,15,0,0,0,0,0,0,0,0,"{""accepted_source_row"": 15}",accepted_source_row,not_old_public_411_member,unknown_or_current_only
239512,NORTHLAND COLLEGE,private,WI,True,15,False,True,False,15,0,0,15,0,0,0,0,0,0,0,0,"{""accepted_source_row"": 15}",accepted_source_row,not_old_public_411_member,historical_lead; unknown_or_current_only
239628,RIPON COLLEGE,private,WI,True,15,False,True,False,15,0,0,15,0,0,0,0,0,0,0,0,"{""accepted_source_row"": 15}",accepted_source_row,not_old_public_411_member,unknown_or_current_only
239716,SAINT NORBERT COLLEGE,private,WI,True,15,False,True,False,15,0,0,15,0,0,0,0,0,0,0,0,"{""accepted_source_row"": 15}",accepted_source_row,not_old_public_411_member,unknown_or_current_only
240277,UNIVERSITY OF WISCONSIN-GREEN BAY,public,WI,True,15,True,False,True,15,0,0,15,0,0,0,0,0,0,0,0,"{""accepted_source_row"": 15}",accepted_source_row,accepted_after_repair,historical_lead; validated_human_legacy
240329,UNIVERSITY OF WISCONSIN-LA CROSSE,public,WI,True,15,True,False,True,15,0,0,15,0,0,0,0,0,0,0,0,"{""accepted_source_row"": 15}",accepted_source_row,accepted_after_repair,historical_lead; validated_human_legacy
240338,WISCONSIN LUTHERAN COLLEGE,private,WI,True,15,False,True,False,15,0,0,15,0,0,0,0,0,0,0,0,"{""accepted_source_row"": 15}",accepted_source_row,not_old_public_411_member,prior_programmatic; unknown_or_current_only
240374,UNIVERSITY OF WISCONSIN-PARKSIDE,public,WI,True,15,True,False,True,15,0,0,15,0,0,0,0,0,0,0,0,"{""accepted_source_row"": 15}",accepted_source_row,accepted_after_repair,historical_lead; validated_human_legacy
240727,UNIVERSITY OF WYOMING,public,WY,True,15,True,False,True,15,0,0,15,0,0,0,0,0,0,0,0,"{""accepted_source_row"": 15}",accepted_source_row,accepted_after_repair,historical_lead; validated_human_legacy
241100,AMERICAN UNIVERSITY OF PUERTO RICO,private,PR,True,13,False,True,False,13,0,0,13,0,0,0,0,0,0,0,0,"{""accepted_source_row"": 13}",accepted_source_row,not_old_public_411_member,unknown_or_current_only
241191,UNIVERSIDAD ADVENTISTA DE LAS ANTILLAS,private,PR,True,15,True,False,False,15,0,0,15,0,0,0,0,0,0,0,0,"{""accepted_source_row"": 15}",accepted_source_row,not_old_public_411_member,unknown_or_current_only
241216,ATLANTIC COLLEGE,private,PR,True,15,False,True,False,15,0,0,15,0,0,0,0,0,0,0,0,"{""accepted_source_row"": 15}",accepted_source_row,not_old_public_411_member,historical_lead
241377,CARIBBEAN UNIVERSITY-BAYAMON,private,PR,True,15,False,True,False,15,0,0,15,0,0,0,0,0,0,0,0,"{""accepted_source_row"": 15}",accepted_source_row,not_old_public_411_member,unknown_or_current_only
241386,CARIBBEAN UNIVERSITY-CAROLINA,private,PR,True,9,False,True,False,9,0,0,9,0,0,0,0,0,0,0,0,"{""accepted_source_row"": 9}",accepted_source_row,not_old_public_411_member,unknown_or_current_only
241410,PONTIFICAL CATHOLIC UNIV OF PUERTO RICO-PONCE,private,PR,True,15,False,True,False,15,0,0,15,0,0,0,0,0,0,0,0,"{""accepted_source_row"": 15}",accepted_source_row,not_old_public_411_member,unknown_or_current_only
241517,Centro de Estudios Multidisciplinarios-San Juan,private,PR,True,3,False,True,False,3,0,0,3,0,0,0,0,0,0,0,0,"{""accepted_source_row"": 3}",accepted_source_row,not_old_public_411_member,unknown_or_current_only
241614,Colegio Biblico Pentecostal de Puerto Rico,private,PR,True,5,False,True,False,5,0,0,5,0,0,0,0,0,0,0,0,"{""accepted_source_row"": 5}",accepted_source_row,not_old_public_411_member,unknown_or_current_only
241739,UNIVERSIDAD METROPOLITANA,private,PR,True,15,False,True,False,15,0,0,15,0,0,0,0,0,0,0,0,"{""accepted_source_row"": 15}",accepted_source_row,not_old_public_411_member,unknown_or_current_only
242121,Humacao Community College,private,PR,True,6,False,True,False,6,0,0,6,0,0,0,0,0,0,0,0,"{""accepted_source_row"": 6}",accepted_source_row,not_old_public_411_member,unknown_or_current_only
242653,INTER AMERICAN UNIV OF PUERTO RICO-METRO,private,PR,True,15,False,True,False,15,0,0,15,0,0,0,0,0,0,0,0,"{""accepted_source_row"": 15}",accepted_source_row,not_old_public_411_member,unknown_or_current_only
242662,INTER AMERICAN UNIV OF PUERTO RICO-PONCE,private,PR,True,15,False,True,False,15,0,0,15,0,0,0,0,0,0,0,0,"{""accepted_source_row"": 15}",accepted_source_row,not_old_public_411_member,unknown_or_current_only
242680,INTER AMERICAN UNIV OF PUERTO RICO-FAJARDO,private,PR,True,15,False,True,False,15,0,0,15,0,0,0,0,0,0,0,0,"{""accepted_source_row"": 15}",accepted_source_row,not_old_public_411_member,unknown_or_current_only
242699,INTER AMERICAN UNIV OF PUERTO RICO-GUAYAMA,private,PR,True,15,False,True,False,15,0,0,15,0,0,0,0,0,0,0,0,"{""accepted_source_row"": 15}",accepted_source_row,not_old_public_411_member,unknown_or_current_only
243106,UNIVERSITY OF PUERTO RICO-AGUADILLA,public,PR,True,14,False,True,False,14,0,0,14,0,0,0,0,0,0,0,0,"{""accepted_source_row"": 14}",accepted_source_row,not_old_public_411_member,historical_lead
243115,UNIVERSITY OF PUERTO RICO-ARECIBO,public,PR,True,14,False,True,False,14,0,0,14,0,0,0,0,0,0,0,0,"{""accepted_source_row"": 14}",accepted_source_row,not_old_public_411_member,historical_lead
243188,UNIVERSITY OF PUERTO RICO-UTUADO,public,PR,True,14,False,True,False,14,0,0,14,0,0,0,0,0,0,0,0,"{""accepted_source_row"": 14}",accepted_source_row,not_old_public_411_member,historical_lead
243221,UNIVERSITY OF PUERTO RICO-RIO PIEDRAS CAMPUS,public,PR,True,13,False,True,False,13,0,0,13,0,0,0,0,0,0,0,0,"{""accepted_source_row"": 13}",accepted_source_row,not_old_public_411_member,historical_lead
243346,UNIVERSIDAD DEL ESTE,private,PR,True,15,False,True,False,15,0,0,15,0,0,0,0,0,0,0,0,"{""accepted_source_row"": 15}",accepted_source_row,not_old_public_411_member,unknown_or_current_only
243568,Universidad Central Del Caribe,private,PR,True,3,False,True,False,3,0,0,3,0,0,0,0,0,0,0,0,"{""accepted_source_row"": 3}",accepted_source_row,not_old_public_411_member,unknown_or_current_only
243577,UNIVERSIDAD POLITECNICA DE PUERTO RICO,private,PR,True,15,False,True,False,15,0,0,15,0,0,0,0,0,0,0,0,"{""accepted_source_row"": 15}",accepted_source_row,not_old_public_411_member,unknown_or_current_only
243601,UNIVERSIDAD DEL TURABO,private,PR,True,15,False,True,False,15,0,0,15,0,0,0,0,0,0,0,0,"{""accepted_source_row"": 15}",accepted_source_row,not_old_public_411_member,unknown_or_current_only
243665,UNIVERSITY OF THE VIRGIN ISLANDS,public,VI,True,15,True,False,True,15,0,0,15,0,0,0,0,0,0,0,0,"{""accepted_source_row"": 15}",accepted_source_row,accepted_after_repair,historical_lead; validated_human_legacy
243744,STANFORD UNIVERSITY,private,CA,True,15,False,True,False,15,0,0,15,0,0,0,0,0,0,0,0,"{""accepted_source_row"": 15}",accepted_source_row,not_old_public_411_member,unknown_or_current_only
243780,PURDUE UNIVERSITY-MAIN CAMPUS,public,IN,True,15,True,False,True,15,0,0,15,0,0,0,0,0,0,0,0,"{""accepted_source_row"": 15}",accepted_source_row,accepted_after_repair,historical_lead; validated_human_legacy
243823,Parker University,private,TX,True,2,False,True,False,2,0,0,2,0,0,0,0,0,0,0,0,"{""accepted_source_row"": 2}",accepted_source_row,not_old_public_411_member,unknown_or_current_only
245652,ST JOHN'S COLLEGE,private,NM,True,14,False,True,False,14,0,0,14,0,0,0,0,0,0,0,0,"{""accepted_source_row"": 14}",accepted_source_row,not_old_public_411_member,unknown_or_current_only
245953,Mid-America Christian University,private,OK,True,15,False,True,False,15,0,0,15,0,0,0,0,0,0,0,0,"{""accepted_source_row"": 15}",accepted_source_row,not_old_public_411_member,unknown_or_current_only
247773,Yeshiva Gedolah of Greater Detroit,private,MI,True,3,False,True,False,3,0,0,3,0,0,0,0,0,0,0,0,"{""accepted_source_row"": 3}",accepted_source_row,not_old_public_411_member,unknown_or_current_only
363712,YESHIVAH GEDOLAH RABBINICAL COLLEGE,private,FL,True,5,False,True,False,5,0,0,5,0,0,0,0,0,0,0,0,"{""accepted_source_row"": 5}",accepted_source_row,not_old_public_411_member,unknown_or_current_only
363907,CARIBBEAN UNIVERSITY-PONCE,private,PR,True,14,False,True,False,14,0,0,14,0,0,0,0,0,0,0,0,"{""accepted_source_row"": 14}",accepted_source_row,not_old_public_411_member,unknown_or_current_only
363916,CARIBBEAN UNIVERSITY-VEGA BAJA,private,PR,True,13,False,True,False,13,0,0,13,0,0,0,0,0,0,0,0,"{""accepted_source_row"": 13}",accepted_source_row,not_old_public_411_member,unknown_or_current_only
366252,PENNSYLVANIA COLLEGE OF TECHNOLOGY,public,PA,True,15,True,False,True,15,0,0,15,0,0,0,0,0,0,0,0,"{""accepted_source_row"": 15}",accepted_source_row,accepted_after_repair,historical_lead; validated_human_legacy
366553,Southwest Florida College,private,FL,True,3,False,True,False,3,0,0,3,0,0,0,0,0,0,0,0,"{""accepted_source_row"": 3}",accepted_source_row,not_old_public_411_member,unknown_or_current_only
367839,Teikyo Loretto Heights University,private,CO,True,2,False,True,False,2,0,0,2,0,0,0,0,0,0,0,0,"{""accepted_source_row"": 2}",accepted_source_row,not_old_public_411_member,unknown_or_current_only
367884,INTERNATIONAL COLLEGE,private,FL,True,11,False,True,False,11,0,0,11,0,0,0,0,0,0,0,0,"{""accepted_source_row"": 11}",accepted_source_row,not_old_public_411_member,unknown_or_current_only
372958,Remington College-Honolulu Campus,private,HI,True,3,False,True,False,3,0,0,3,0,0,0,0,0,0,0,0,"{""accepted_source_row"": 3}",accepted_source_row,not_old_public_411_member,unknown_or_current_only
373827,New England School of Communications,private,ME,True,2,False,True,False,2,0,0,2,0,0,0,0,0,0,0,0,"{""accepted_source_row"": 2}",accepted_source_row,not_old_public_411_member,unknown_or_current_only
377555,University of Washington-Bothell Campus,public,WA,True,2,False,True,False,2,0,0,2,0,0,0,0,0,0,0,0,"{""accepted_source_row"": 2}",accepted_source_row,not_old_public_411_member,historical_lead
385619,EVERGLADES COLLEGE,private,FL,True,13,False,True,False,13,0,0,13,0,0,0,0,0,0,0,0,"{""accepted_source_row"": 13}",accepted_source_row,not_old_public_411_member,unknown_or_current_only
392840,WATKINS COLLEGE OF ART AND DESIGN,private,TN,True,12,False,True,False,12,0,0,12,0,0,0,0,0,0,0,0,"{""accepted_source_row"": 12}",accepted_source_row,not_old_public_411_member,unknown_or_current_only
401223,World Mission University,private,CA,True,2,False,True,False,2,0,0,2,0,0,0,0,0,0,0,0,"{""accepted_source_row"": 2}",accepted_source_row,not_old_public_411_member,unknown_or_current_only
409698,CALIFORNIA STATE UNIVERSITY-MONTEREY BAY,public,CA,True,15,True,False,True,15,0,0,15,0,0,0,0,0,0,0,0,"{""accepted_source_row"": 15}",accepted_source_row,accepted_after_repair,historical_lead
412599,Remington College-Memphis Campus,private,TN,True,4,False,True,False,4,0,0,4,0,0,0,0,0,0,0,0,"{""accepted_source_row"": 4}",accepted_source_row,not_old_public_411_member,unknown_or_current_only
417752,MESSENGER COLLEGE,private,MO,True,11,False,True,False,11,0,0,11,0,0,0,0,0,0,0,0,"{""accepted_source_row"": 11}",accepted_source_row,not_old_public_411_member,unknown_or_current_only
426314,Embry-Riddle Aeronautical University-Worldwide,private,FL,True,3,False,True,False,3,0,0,3,0,0,0,0,0,0,0,0,"{""accepted_source_row"": 3}",accepted_source_row,not_old_public_411_member,unknown_or_current_only
433387,WESTERN GOVERNORS UNIVERSITY,private,UT,True,12,False,True,False,12,0,0,12,0,0,0,0,0,0,0,0,"{""accepted_source_row"": 12}",accepted_source_row,not_old_public_411_member,unknown_or_current_only
433660,FLORIDA GULF COAST UNIVERSITY,public,FL,True,15,True,False,True,15,0,0,15,0,0,0,0,0,0,0,0,"{""accepted_source_row"": 15}",accepted_source_row,accepted_after_repair,prior_programmatic; validated_human_legacy
434937,YESHIVA COLLEGE OF THE NATIONS CAPITAL,private,MD,True,3,False,True,False,3,0,0,3,0,0,0,0,0,0,0,0,"{""accepted_source_row"": 3}",accepted_source_row,not_old_public_411_member,unknown_or_current_only
436614,INTERNATIONAL BAPTIST COLLEGE,private,AZ,True,12,False,True,False,12,0,0,12,0,0,0,0,0,0,0,0,"{""accepted_source_row"": 12}",accepted_source_row,not_old_public_411_member,unknown_or_current_only
438151,Stevens-Henager College-Murray,private,UT,True,2,False,True,False,2,0,0,2,0,0,0,0,0,0,0,0,"{""accepted_source_row"": 2}",accepted_source_row,not_old_public_411_member,unknown_or_current_only
439613,Crossroads Bible College,private,IN,True,7,False,True,False,7,0,0,7,0,0,0,0,0,0,0,0,"{""accepted_source_row"": 7}",accepted_source_row,not_old_public_411_member,unknown_or_current_only
439862,PACIFIC ISLANDS BIBLE COLLEGE,private,GU,True,4,False,True,False,4,0,0,4,0,0,0,0,0,0,0,0,"{""accepted_source_row"": 4}",accepted_source_row,not_old_public_411_member,unknown_or_current_only
440396,New Saint Andrews College,private,ID,True,5,False,True,False,5,0,0,5,0,0,0,0,0,0,0,0,"{""accepted_source_row"": 5}",accepted_source_row,not_old_public_411_member,unknown_or_current_only
440651,Atenas College,private,PR,True,5,False,True,False,5,0,0,5,0,0,0,0,0,0,0,0,"{""accepted_source_row"": 5}",accepted_source_row,not_old_public_411_member,unknown_or_current_only
440794,Somerset Christian College,private,NJ,True,8,False,True,False,8,0,0,8,0,0,0,0,0,0,0,0,"{""accepted_source_row"": 8}",accepted_source_row,not_old_public_411_member,unknown_or_current_only
441511,Apex School of Theology,private,NC,True,8,False,True,False,8,0,0,8,0,0,0,0,0,0,0,0,"{""accepted_source_row"": 8}",accepted_source_row,not_old_public_411_member,unknown_or_current_only
441609,YESHIVA SHAAREI TORAH OF ROCKLAND,private,NY,True,2,False,True,False,2,0,0,2,0,0,0,0,0,0,0,0,"{""accepted_source_row"": 2}",accepted_source_row,not_old_public_411_member,unknown_or_current_only
441982,FRANKLIN W OLIN COLLEGE OF ENGINEERING,private,MA,True,14,False,True,False,14,0,0,14,0,0,0,0,0,0,0,0,"{""accepted_source_row"": 14}",accepted_source_row,not_old_public_411_member,unknown_or_current_only
442356,Lancaster General College of Nursing & Health Sciences,private,PA,True,3,False,True,False,3,0,0,3,0,0,0,0,0,0,0,0,"{""accepted_source_row"": 3}",accepted_source_row,not_old_public_411_member,unknown_or_current_only
443340,WILLIAMSON CHRISTIAN COLLEGE,private,TN,True,3,False,True,False,3,0,0,3,0,0,0,0,0,0,0,0,"{""accepted_source_row"": 3}",accepted_source_row,not_old_public_411_member,unknown_or_current_only
444398,BAPTIST UNIVERSITY OF THE AMERICAS,private,TX,True,9,False,True,False,9,0,0,9,0,0,0,0,0,0,0,0,"{""accepted_source_row"": 9}",accepted_source_row,not_old_public_411_member,unknown_or_current_only
444413,BEIS MEDRASH HEICHAL DOVID,private,NY,True,13,False,True,False,13,0,0,13,0,0,0,0,0,0,0,0,"{""accepted_source_row"": 13}",accepted_source_row,not_old_public_411_member,unknown_or_current_only
444778,New Life Theological Seminary,private,NC,True,4,False,True,False,4,0,0,4,0,0,0,0,0,0,0,0,"{""accepted_source_row"": 4}",accepted_source_row,not_old_public_411_member,unknown_or_current_only
445188,University of California-Merced,public,CA,True,4,True,False,False,4,0,0,4,0,0,0,0,0,0,0,0,"{""accepted_source_row"": 4}",accepted_source_row,not_old_public_411_member,historical_lead; validated_human_legacy
446233,Ecclesia College,private,AR,True,8,False,True,False,8,0,0,8,0,0,0,0,0,0,0,0,"{""accepted_source_row"": 8}",accepted_source_row,not_old_public_411_member,unknown_or_current_only
446640,Harrisburg University of Science and Technology,private,PA,True,11,False,True,False,11,0,0,11,0,0,0,0,0,0,0,0,"{""accepted_source_row"": 11}",accepted_source_row,not_old_public_411_member,unknown_or_current_only
448840,University of South Florida-St. Petersburg Campus,public,FL,True,5,True,False,False,5,0,0,5,0,0,0,0,0,0,0,0,"{""accepted_source_row"": 5}",accepted_source_row,not_old_public_411_member,historical_lead; validated_human_legacy
449870,University of the West,private,CA,True,4,False,True,False,4,0,0,4,0,0,0,0,0,0,0,0,"{""accepted_source_row"": 4}",accepted_source_row,not_old_public_411_member,unknown_or_current_only
451398,Yeshiva Toras Chaim,private,NJ,True,2,False,True,False,2,0,0,2,0,0,0,0,0,0,0,0,"{""accepted_source_row"": 2}",accepted_source_row,not_old_public_411_member,unknown_or_current_only
451866,Remington College-Shreveport Campus,private,LA,True,3,False,True,False,3,0,0,3,0,0,0,0,0,0,0,0,"{""accepted_source_row"": 3}",accepted_source_row,not_old_public_411_member,unknown_or_current_only
454184,The Kings College,private,NY,True,9,False,True,False,9,0,0,9,0,0,0,0,0,0,0,0,"{""accepted_source_row"": 9}",accepted_source_row,not_old_public_411_member,unknown_or_current_only
456490,Polytechnic University of Puerto Rico-Orlando,private,FL,True,3,False,True,False,3,0,0,3,0,0,0,0,0,0,0,0,"{""accepted_source_row"": 3}",accepted_source_row,not_old_public_411_member,unknown_or_current_only
456959,University of Minnesota-Rochester,public,MN,True,4,False,True,False,4,0,0,4,0,0,0,0,0,0,0,0,"{""accepted_source_row"": 4}",accepted_source_row,not_old_public_411_member,historical_lead
457484,Pacific Rim Christian College,private,HI,True,2,False,True,False,2,0,0,2,0,0,0,0,0,0,0,0,"{""accepted_source_row"": 2}",accepted_source_row,not_old_public_411_member,unknown_or_current_only
458113,Bethel College,private,VA,True,2,False,True,False,2,0,0,2,0,0,0,0,0,0,0,0,"{""accepted_source_row"": 2}",accepted_source_row,not_old_public_411_member,unknown_or_current_only
459417,Compass College of Cinematic Arts,private,MI,True,2,False,True,False,2,0,0,2,0,0,0,0,0,0,0,0,"{""accepted_source_row"": 2}",accepted_source_row,not_old_public_411_member,unknown_or_current_only
459727,Touro College Los Angeles,private,CA,True,6,False,True,False,6,0,0,6,0,0,0,0,0,0,0,0,"{""accepted_source_row"": 6}",accepted_source_row,not_old_public_411_member,unknown_or_current_only
460899,Stevens-Henager College-Boise,private,ID,True,2,False,True,False,2,0,0,2,0,0,0,0,0,0,0,0,"{""accepted_source_row"": 2}",accepted_source_row,not_old_public_411_member,unknown_or_current_only
461759,Simmons College of Kentucky,private,KY,True,3,False,True,False,3,0,0,3,0,0,0,0,0,0,0,0,"{""accepted_source_row"": 3}",accepted_source_row,not_old_public_411_member,unknown_or_current_only
461795,North American College,private,TX,True,6,False,True,False,6,0,0,6,0,0,0,0,0,0,0,0,"{""accepted_source_row"": 6}",accepted_source_row,not_old_public_411_member,unknown_or_current_only
462354,John Paul the Great Catholic University,private,CA,True,5,False,True,False,5,0,0,5,0,0,0,0,0,0,0,0,"{""accepted_source_row"": 5}",accepted_source_row,not_old_public_411_member,unknown_or_current_only
465812,Independence University,private,UT,True,2,False,True,False,2,0,0,2,0,0,0,0,0,0,0,0,"{""accepted_source_row"": 2}",accepted_source_row,not_old_public_411_member,unknown_or_current_only
474863,Azusa Pacific Online University,private,CA,True,5,False,True,False,5,0,0,5,0,0,0,0,0,0,0,0,"{""accepted_source_row"": 5}",accepted_source_row,not_old_public_411_member,unknown_or_current_only
474890,College America-Phoenix,private,AZ,True,2,False,True,False,2,0,0,2,0,0,0,0,0,0,0,0,"{""accepted_source_row"": 2}",accepted_source_row,not_old_public_411_member,unknown_or_current_only
474906,CollegeAmerica-Stevens Henager College,private,ID,True,2,False,True,False,2,0,0,2,0,0,0,0,0,0,0,0,"{""accepted_source_row"": 2}",accepted_source_row,not_old_public_411_member,unknown_or_current_only
475608,Criswell College,private,TX,True,4,False,True,False,4,0,0,4,0,0,0,0,0,0,0,0,"{""accepted_source_row"": 4}",accepted_source_row,not_old_public_411_member,unknown_or_current_only
476601,Bais HaMedrash and Mesivta of Baltimore,private,MD,True,5,False,True,False,5,0,0,5,0,0,0,0,0,0,0,0,"{""accepted_source_row"": 5}",accepted_source_row,not_old_public_411_member,unknown_or_current_only
476692,Yeshiva Gedolah Zichron Leyma,private,NJ,True,2,False,True,False,2,0,0,2,0,0,0,0,0,0,0,0,"{""accepted_source_row"": 2}",accepted_source_row,not_old_public_411_member,unknown_or_current_only
478634,California College San Diego,private,CA,True,2,False,True,False,2,0,0,2,0,0,0,0,0,0,0,0,"{""accepted_source_row"": 2}",accepted_source_row,not_old_public_411_member,unknown_or_current_only
481225,Mid-South Christian College,private,TN,True,3,False,True,False,3,0,0,3,0,0,0,0,0,0,0,0,"{""accepted_source_row"": 3}",accepted_source_row,not_old_public_411_member,unknown_or_current_only
481410,Yeshiva Gedolah Kesser Torah,private,NY,True,4,False,True,False,4,0,0,4,0,0,0,0,0,0,0,0,"{""accepted_source_row"": 4}",accepted_source_row,not_old_public_411_member,unknown_or_current_only
481438,Yeshiva Yesodei Hatorah,private,NJ,True,2,False,True,False,2,0,0,2,0,0,0,0,0,0,0,0,"{""accepted_source_row"": 2}",accepted_source_row,not_old_public_411_member,unknown_or_current_only
482158,Middle Georgia State College,public,GA,True,4,True,False,False,4,0,0,4,0,0,0,0,0,0,0,0,"{""accepted_source_row"": 4}",accepted_source_row,not_old_public_411_member,historical_lead; validated_human_legacy
482228,Virginia Baptist College,private,VA,True,2,False,True,False,2,0,0,2,0,0,0,0,0,0,0,0,"{""accepted_source_row"": 2}",accepted_source_row,not_old_public_411_member,unknown_or_current_only
482680,University of North Georgia,public,GA,True,4,True,False,False,4,0,0,4,0,0,0,0,0,0,0,0,"{""accepted_source_row"": 4}",accepted_source_row,not_old_public_411_member,historical_lead; validated_human_legacy
482936,Florida Polytechnic University,public,FL,True,2,True,False,False,0,2,2,2,0,0,0,0,0,0,0,0,"{""accepted_source_row"": 2}",accepted_source_row,not_old_public_411_member,prior_programmatic
483018,Antioch College,private,OH,True,4,False,True,False,4,0,0,4,0,0,0,0,0,0,0,0,"{""accepted_source_row"": 4}",accepted_source_row,not_old_public_411_member,unknown_or_current_only
484473,University of Florida-Online,public,FL,True,2,False,True,False,2,0,0,2,0,0,0,0,0,0,0,0,"{""accepted_source_row"": 2}",accepted_source_row,not_old_public_411_member,historical_lead
484905,University of North Texas at Dallas,public,TX,True,3,True,False,False,3,0,0,3,0,0,0,0,0,0,0,0,"{""accepted_source_row"": 3}",accepted_source_row,not_old_public_411_member,historical_lead
486026,Yeshiva Sholom Shachna,private,NY,True,2,False,True,False,2,0,0,2,0,0,0,0,0,0,0,0,"{""accepted_source_row"": 2}",accepted_source_row,not_old_public_411_member,unknown_or_current_only
486053,Bethlehem College & Seminary,private,MN,True,2,False,True,False,2,0,0,2,0,0,0,0,0,0,0,0,"{""accepted_source_row"": 2}",accepted_source_row,not_old_public_411_member,unknown_or_current_only
486284,Bethany Global University,private,MN,True,2,False,True,False,2,0,0,2,0,0,0,0,0,0,0,0,"{""accepted_source_row"": 2}",accepted_source_row,not_old_public_411_member,unknown_or_current_only
486840,Kennesaw State University,public,GA,True,2,True,False,False,2,0,0,2,0,0,0,0,0,0,0,0,"{""accepted_source_row"": 2}",accepted_source_row,not_old_public_411_member,historical_lead
486901,Milligan College,private,TN,True,2,False,True,False,2,0,0,2,0,0,0,0,0,0,0,0,"{""accepted_source_row"": 2}",accepted_source_row,not_old_public_411_member,unknown_or_current_only
487524,Husson University,private,ME,True,2,False,True,False,2,0,0,2,0,0,0,0,0,0,0,0,"{""accepted_source_row"": 2}",accepted_source_row,not_old_public_411_member,unknown_or_current_only
487603,Northwest University-College of Adult and Professional Studies,private,WA,True,2,False,True,False,2,0,0,2,0,0,0,0,0,0,0,0,"{""accepted_source_row"": 2}",accepted_source_row,not_old_public_411_member,unknown_or_current_only
100654,ALABAMA A & M UNIVERSITY,public,AL,True,15,True,False,True,5,0,0,5,10,0,0,10,0,0,0,0,"{""accepted_source_row"": 5, ""candidate_retrieval_failure"": 10}",candidate_retrieval_failure,accepted_after_repair,historical_lead; validated_human_legacy
100663,UNIVERSITY OF ALABAMA AT BIRMINGHAM,public,AL,True,15,True,False,True,4,0,0,4,11,0,2,9,0,0,0,0,"{""accepted_source_row"": 4, ""candidate_retrieval_failure"": 9, ""true_no_upstream_url_evidence"": 2}",candidate_retrieval_failure,accepted_after_repair,historical_lead; validated_human_legacy
100724,ALABAMA STATE UNIVERSITY,public,AL,True,14,True,False,False,2,0,0,2,12,0,4,8,0,0,0,0,"{""accepted_source_row"": 2, ""candidate_retrieval_failure"": 8, ""true_no_upstream_url_evidence"": 4}",candidate_retrieval_failure,not_old_public_411_member,validated_human_legacy
100751,UNIVERSITY OF ALABAMA,public,AL,True,15,True,False,True,3,0,0,3,12,0,8,4,0,0,0,0,"{""accepted_source_row"": 3, ""candidate_retrieval_failure"": 4, ""true_no_upstream_url_evidence"": 8}",candidate_retrieval_failure,accepted_after_repair,validated_human_legacy
101480,JACKSONVILLE STATE UNIVERSITY,public,AL,True,15,True,False,True,13,0,0,13,2,0,0,2,0,0,0,0,"{""accepted_source_row"": 13, ""candidate_retrieval_failure"": 2}",candidate_retrieval_failure,accepted_after_repair,prior_programmatic; validated_human_legacy
102049,SAMFORD UNIVERSITY,private,AL,True,15,True,False,False,12,0,0,12,3,0,1,2,0,0,0,0,"{""accepted_source_row"": 12, ""candidate_retrieval_failure"": 2, ""true_no_upstream_url_evidence"": 1}",candidate_retrieval_failure,not_old_public_411_member,validated_human_legacy
102094,UNIVERSITY OF SOUTH ALABAMA,public,AL,True,15,True,False,True,14,0,0,14,1,0,0,1,0,0,0,0,"{""accepted_source_row"": 14, ""candidate_retrieval_failure"": 1}",candidate_retrieval_failure,accepted_after_repair,historical_lead; validated_human_legacy
102368,TROY STATE UNIVERSITY-MAIN CAMPUS,public,AL,True,15,True,False,True,10,0,0,10,5,0,1,4,0,0,0,0,"{""accepted_source_row"": 10, ""candidate_retrieval_failure"": 4, ""true_no_upstream_url_evidence"": 1}",candidate_retrieval_failure,accepted_after_repair,historical_lead; validated_human_legacy
104151,ARIZONA STATE UNIVERSITY-MAIN CAMPUS,public,AZ,True,15,True,False,True,2,0,0,2,13,0,0,13,0,0,0,0,"{""accepted_source_row"": 2, ""candidate_retrieval_failure"": 13}",candidate_retrieval_failure,accepted_after_repair,validated_human_legacy
107071,HENDERSON STATE UNIVERSITY,public,AR,True,15,True,False,True,0,0,0,0,15,14,0,1,0,0,0,0,"{""candidate_retrieval_failure"": 1, ""historical_lead_only"": 14}",candidate_retrieval_failure,selected_unresolved_after_repair,
110097,BIOLA UNIVERSITY,private,CA,True,15,True,False,False,11,0,0,11,4,0,0,4,0,0,0,0,"{""accepted_source_row"": 11, ""candidate_retrieval_failure"": 4}",candidate_retrieval_failure,not_old_public_411_member,validated_human_legacy
110547,CALIFORNIA STATE UNIVERSITY-DOMINGUEZ HILLS,public,CA,True,15,True,False,True,2,0,0,2,13,0,0,13,0,0,0,0,"{""accepted_source_row"": 2, ""candidate_retrieval_failure"": 13}",candidate_retrieval_failure,accepted_after_repair,validated_human_legacy
110617,CALIFORNIA STATE UNIVERSITY-SACRAMENTO,public,CA,True,15,True,False,True,5,0,0,5,10,0,0,10,0,0,0,0,"{""accepted_source_row"": 5, ""candidate_retrieval_failure"": 10}",candidate_retrieval_failure,accepted_after_repair,historical_lead; prior_programmatic; validated_human_legacy
115728,HOLY NAMES COLLEGE,private,CA,True,15,False,True,False,6,0,0,6,9,0,6,3,0,0,0,0,"{""accepted_source_row"": 6, ""candidate_retrieval_failure"": 3, ""true_no_upstream_url_evidence"": 6}",candidate_retrieval_failure,not_old_public_411_member,historical_lead; unknown_or_current_only
117140,UNIVERSITY OF LA VERNE,private,CA,True,15,True,False,False,7,0,0,7,8,0,0,8,0,0,0,0,"{""accepted_source_row"": 7, ""candidate_retrieval_failure"": 8}",candidate_retrieval_failure,not_old_public_411_member,validated_human_legacy
119173,MOUNT ST MARY'S COLLEGE,private,CA,True,15,True,False,False,2,0,0,2,13,0,2,11,0,0,0,0,"{""accepted_source_row"": 2, ""candidate_retrieval_failure"": 11, ""true_no_upstream_url_evidence"": 2}",candidate_retrieval_failure,not_old_public_411_member,validated_human_legacy
121691,UNIVERSITY OF REDLANDS,private,CA,True,15,True,False,False,5,0,0,5,10,0,0,10,0,0,0,0,"{""accepted_source_row"": 5, ""candidate_retrieval_failure"": 10}",candidate_retrieval_failure,not_old_public_411_member,validated_human_legacy
123554,SAINT MARYS COLLEGE OF CALIFORNIA,private,CA,True,15,False,True,False,8,0,0,8,7,0,6,1,0,0,0,0,"{""accepted_source_row"": 8, ""candidate_retrieval_failure"": 1, ""true_no_upstream_url_evidence"": 6}",candidate_retrieval_failure,not_old_public_411_member,historical_lead
126562,UNIVERSITY OF COLORADO AT DENVER,public,CO,True,15,True,False,True,0,0,0,0,15,6,8,1,0,0,0,0,"{""candidate_retrieval_failure"": 1, ""historical_lead_only"": 6, ""true_no_upstream_url_evidence"": 8}",candidate_retrieval_failure,selected_unresolved_after_repair,
126818,COLORADO STATE UNIVERSITY,public,CO,True,15,True,False,True,13,0,0,13,2,0,0,2,0,0,0,0,"{""accepted_source_row"": 13, ""candidate_retrieval_failure"": 2}",candidate_retrieval_failure,accepted_after_repair,prior_programmatic; validated_human_legacy
127918,REGIS UNIVERSITY,private,CO,True,15,True,False,False,8,0,0,8,7,0,0,7,0,0,0,0,"{""accepted_source_row"": 8, ""candidate_retrieval_failure"": 7}",candidate_retrieval_failure,not_old_public_411_member,validated_human_legacy
129215,EASTERN CONNECTICUT STATE UNIVERSITY,public,CT,True,15,True,False,True,12,0,0,12,3,0,2,1,0,0,0,0,"{""accepted_source_row"": 12, ""candidate_retrieval_failure"": 1, ""true_no_upstream_url_evidence"": 2}",candidate_retrieval_failure,accepted_after_repair,prior_programmatic; validated_human_legacy
129242,FAIRFIELD UNIVERSITY,private,CT,True,15,True,False,False,0,0,0,0,15,0,5,10,0,0,0,0,"{""candidate_retrieval_failure"": 10, ""true_no_upstream_url_evidence"": 5}",candidate_retrieval_failure,not_old_public_411_member,
130590,TRINITY COLLEGE,private,CT,True,15,True,False,False,0,0,0,0,15,0,8,7,0,0,0,0,"{""candidate_retrieval_failure"": 7, ""true_no_upstream_url_evidence"": 8}",candidate_retrieval_failure,not_old_public_411_member,
131113,WILMINGTON COLLEGE,private,DE,True,15,True,False,False,9,0,0,9,6,0,0,6,0,0,0,0,"{""accepted_source_row"": 9, ""candidate_retrieval_failure"": 6}",candidate_retrieval_failure,not_old_public_411_member,validated_human_legacy
132602,BETHUNE COOKMAN COLLEGE,private,FL,True,15,True,False,False,5,0,0,5,10,0,2,8,0,0,0,0,"{""accepted_source_row"": 5, ""candidate_retrieval_failure"": 8, ""true_no_upstream_url_evidence"": 2}",candidate_retrieval_failure,not_old_public_411_member,validated_human_legacy
133553,EMBRY RIDDLE AERONAUTICAL UNIVERSITY-DAYTONA BEACH,private,FL,True,15,True,False,False,12,0,0,12,3,0,0,3,0,0,0,0,"{""accepted_source_row"": 12, ""candidate_retrieval_failure"": 3}",candidate_retrieval_failure,not_old_public_411_member,validated_human_legacy
138947,CLARK ATLANTA UNIVERSITY,private,GA,True,15,True,False,False,10,0,0,10,5,0,2,3,0,0,0,0,"{""accepted_source_row"": 10, ""candidate_retrieval_failure"": 3, ""true_no_upstream_url_evidence"": 2}",candidate_retrieval_failure,not_old_public_411_member,validated_human_legacy
139311,CLAYTON COLLEGE AND STATE UNIVERSITY,public,GA,True,15,True,False,True,6,0,0,6,9,0,8,1,0,0,0,0,"{""accepted_source_row"": 6, ""candidate_retrieval_failure"": 1, ""true_no_upstream_url_evidence"": 8}",candidate_retrieval_failure,accepted_after_repair,historical_lead; prior_programmatic; validated_human_legacy
139719,FORT VALLEY STATE UNIVERSITY,public,GA,True,15,True,False,True,0,2,2,2,13,0,0,13,0,0,0,0,"{""accepted_source_row"": 2, ""candidate_retrieval_failure"": 13}",candidate_retrieval_failure,accepted_after_repair,prior_programmatic; validated_human_legacy
141644,HAWAII PACIFIC UNIVERSITY,private,HI,True,15,True,False,False,0,0,0,0,15,0,1,14,0,0,0,0,"{""candidate_retrieval_failure"": 14, ""true_no_upstream_url_evidence"": 1}",candidate_retrieval_failure,not_old_public_411_member,
142115,BOISE STATE UNIVERSITY,public,ID,True,15,True,False,True,14,0,0,14,1,0,0,1,0,0,0,0,"{""accepted_source_row"": 14, ""candidate_retrieval_failure"": 1}",candidate_retrieval_failure,accepted_after_repair,prior_programmatic
142328,LEWIS-CLARK STATE COLLEGE,public,ID,True,15,True,False,True,6,0,0,6,9,0,8,1,0,0,0,0,"{""accepted_source_row"": 6, ""candidate_retrieval_failure"": 1, ""true_no_upstream_url_evidence"": 8}",candidate_retrieval_failure,accepted_after_repair,historical_lead; validated_human_legacy
144005,CHICAGO STATE UNIVERSITY,public,IL,True,15,True,False,True,5,0,0,5,10,0,0,10,0,0,0,0,"{""accepted_source_row"": 5, ""candidate_retrieval_failure"": 10}",candidate_retrieval_failure,accepted_after_repair,prior_programmatic; validated_human_legacy
144892,EASTERN ILLINOIS UNIVERSITY,public,IL,True,15,True,False,True,13,0,0,13,2,0,0,2,0,0,0,0,"{""accepted_source_row"": 13, ""candidate_retrieval_failure"": 2}",candidate_retrieval_failure,accepted_after_repair,prior_programmatic; validated_human_legacy
145600,UNIVERSITY OF ILLINOIS AT CHICAGO,public,IL,True,15,True,False,True,12,0,0,12,3,0,0,3,0,0,0,0,"{""accepted_source_row"": 12, ""candidate_retrieval_failure"": 3}",candidate_retrieval_failure,accepted_after_repair,prior_programmatic; validated_human_legacy
145619,BENEDICTINE UNIVERSITY,private,IL,True,15,True,False,False,0,0,0,0,15,0,8,7,0,0,0,0,"{""candidate_retrieval_failure"": 7, ""true_no_upstream_url_evidence"": 8}",candidate_retrieval_failure,not_old_public_411_member,
147013,MCKENDREE COLLEGE,private,IL,True,15,True,False,False,10,0,0,10,5,0,4,1,0,0,0,0,"{""accepted_source_row"": 10, ""candidate_retrieval_failure"": 1, ""true_no_upstream_url_evidence"": 4}",candidate_retrieval_failure,not_old_public_411_member,validated_human_legacy
150136,BALL STATE UNIVERSITY,public,IN,True,15,True,False,True,0,1,1,1,14,12,0,2,0,0,0,0,"{""accepted_source_row"": 1, ""candidate_retrieval_failure"": 2, ""historical_lead_only"": 12}",candidate_retrieval_failure,accepted_after_repair,validated_human_legacy
151777,MANCHESTER COLLEGE,private,IN,True,15,True,False,False,2,0,0,2,13,0,6,7,0,0,0,0,"{""accepted_source_row"": 2, ""candidate_retrieval_failure"": 7, ""true_no_upstream_url_evidence"": 6}",candidate_retrieval_failure,not_old_public_411_member,validated_human_legacy
153108,CENTRAL COLLEGE,private,IA,True,15,False,True,False,11,0,0,11,4,0,0,4,0,0,0,0,"{""accepted_source_row"": 11, ""candidate_retrieval_failure"": 4}",candidate_retrieval_failure,not_old_public_411_member,validated_human_legacy
153269,DRAKE UNIVERSITY,private,IA,True,15,True,False,False,0,0,0,0,15,0,3,12,0,0,0,0,"{""candidate_retrieval_failure"": 12, ""true_no_upstream_url_evidence"": 3}",candidate_retrieval_failure,not_old_public_411_member,
153278,UNIVERSITY OF DUBUQUE,private,IA,True,15,False,True,False,6,0,0,6,9,0,8,1,0,0,0,0,"{""accepted_source_row"": 6, ""candidate_retrieval_failure"": 1, ""true_no_upstream_url_evidence"": 8}",candidate_retrieval_failure,not_old_public_411_member,historical_lead; unknown_or_current_only
155335,NEWMAN UNIVERSITY,private,KS,True,15,False,True,False,1,0,0,1,14,0,3,11,0,0,0,0,"{""accepted_source_row"": 1, ""candidate_retrieval_failure"": 11, ""true_no_upstream_url_evidence"": 3}",candidate_retrieval_failure,not_old_public_411_member,historical_lead
155399,KANSAS STATE UNIVERSITY,public,KS,True,15,False,True,False,9,0,0,9,6,0,2,4,0,0,0,0,"{""accepted_source_row"": 9, ""candidate_retrieval_failure"": 4, ""true_no_upstream_url_evidence"": 2}",candidate_retrieval_failure,not_old_public_411_member,historical_lead
155681,PITTSBURG STATE UNIVERSITY,public,KS,True,13,True,False,True,6,0,0,6,7,0,2,5,0,0,0,0,"{""accepted_source_row"": 6, ""candidate_retrieval_failure"": 5, ""true_no_upstream_url_evidence"": 2}",candidate_retrieval_failure,accepted_after_repair,historical_lead; validated_human_legacy
156082,WASHBURN UNIVERSITY OF TOPEKA,public,KS,True,14,True,False,True,4,0,0,4,10,0,9,1,0,0,0,0,"{""accepted_source_row"": 4, ""candidate_retrieval_failure"": 1, ""true_no_upstream_url_evidence"": 9}",candidate_retrieval_failure,accepted_after_repair,historical_lead; validated_human_legacy
156189,ALICE LLOYD COLLEGE,private,KY,True,15,False,True,False,1,0,0,1,14,0,11,3,0,0,0,0,"{""accepted_source_row"": 1, ""candidate_retrieval_failure"": 3, ""true_no_upstream_url_evidence"": 11}",candidate_retrieval_failure,not_old_public_411_member,historical_lead
156365,CAMPBELLSVILLE UNIVERSITY,private,KY,True,15,True,False,False,6,0,0,6,9,0,6,3,0,0,0,0,"{""accepted_source_row"": 6, ""candidate_retrieval_failure"": 3, ""true_no_upstream_url_evidence"": 6}",candidate_retrieval_failure,not_old_public_411_member,validated_human_legacy
157818,TRANSYLVANIA UNIVERSITY,private,KY,True,15,True,False,False,11,0,0,11,4,0,1,3,0,0,0,0,"{""accepted_source_row"": 11, ""candidate_retrieval_failure"": 3, ""true_no_upstream_url_evidence"": 1}",candidate_retrieval_failure,not_old_public_411_member,unknown_or_current_only; validated_human_legacy
159647,LOUISIANA TECH UNIVERSITY,public,LA,True,15,True,False,True,2,0,0,2,13,0,0,13,0,0,0,0,"{""accepted_source_row"": 2, ""candidate_retrieval_failure"": 13}",candidate_retrieval_failure,accepted_after_repair,validated_human_legacy
160612,SOUTHEASTERN LOUISIANA UNIVERSITY,public,LA,True,15,True,False,True,9,0,0,9,6,0,3,3,0,0,0,0,"{""accepted_source_row"": 9, ""candidate_retrieval_failure"": 3, ""true_no_upstream_url_evidence"": 3}",candidate_retrieval_failure,accepted_after_repair,historical_lead; validated_human_legacy
162007,BOWIE STATE UNIVERSITY,public,MD,True,15,True,False,True,5,0,0,5,10,0,6,4,0,0,0,0,"{""accepted_source_row"": 5, ""candidate_retrieval_failure"": 4, ""true_no_upstream_url_evidence"": 6}",candidate_retrieval_failure,accepted_after_repair,prior_programmatic; validated_human_legacy
164492,ANNA MARIA COLLEGE,private,MA,True,15,True,False,False,7,0,0,7,8,0,6,2,0,0,0,0,"{""accepted_source_row"": 7, ""candidate_retrieval_failure"": 2, ""true_no_upstream_url_evidence"": 6}",candidate_retrieval_failure,not_old_public_411_member,validated_human_legacy
164739,BENTLEY COLLEGE,private,MA,True,15,True,False,False,0,0,0,0,15,0,10,5,0,0,0,0,"{""candidate_retrieval_failure"": 5, ""true_no_upstream_url_evidence"": 10}",candidate_retrieval_failure,not_old_public_411_member,
165334,CLARK UNIVERSITY,private,MA,True,15,True,False,False,0,12,12,12,3,0,0,3,0,0,0,0,"{""accepted_source_row"": 12, ""candidate_retrieval_failure"": 3}",candidate_retrieval_failure,not_old_public_411_member,prior_programmatic; validated_human_legacy
165820,FITCHBURG STATE COLLEGE,public,MA,True,15,True,False,True,11,0,0,11,4,0,0,4,0,0,0,0,"{""accepted_source_row"": 11, ""candidate_retrieval_failure"": 4}",candidate_retrieval_failure,accepted_after_repair,prior_programmatic; validated_human_legacy
165866,FRAMINGHAM STATE COLLEGE,public,MA,True,15,True,False,True,3,0,0,3,12,0,8,4,0,0,0,0,"{""accepted_source_row"": 3, ""candidate_retrieval_failure"": 4, ""true_no_upstream_url_evidence"": 8}",candidate_retrieval_failure,accepted_after_repair,validated_human_legacy
166683,MASSACHUSETTS INSTITUTE OF TECHNOLOGY,private,MA,True,15,False,True,False,2,0,0,2,13,0,9,4,0,0,0,0,"{""accepted_source_row"": 2, ""candidate_retrieval_failure"": 4, ""true_no_upstream_url_evidence"": 9}",candidate_retrieval_failure,not_old_public_411_member,validated_human_legacy
167598,REGIS COLLEGE,private,MA,True,14,True,False,False,0,0,0,0,14,0,9,5,0,0,0,0,"{""candidate_retrieval_failure"": 5, ""true_no_upstream_url_evidence"": 9}",candidate_retrieval_failure,not_old_public_411_member,
168546,ALBION COLLEGE,private,MI,True,15,False,True,False,1,0,0,1,14,0,0,14,0,0,0,0,"{""accepted_source_row"": 1, ""candidate_retrieval_failure"": 14}",candidate_retrieval_failure,not_old_public_411_member,historical_lead
169983,KETTERING UNIVERSITY,private,MI,True,15,True,False,False,1,0,0,1,14,0,0,14,0,0,0,0,"{""accepted_source_row"": 1, ""candidate_retrieval_failure"": 14}",candidate_retrieval_failure,not_old_public_411_member,validated_human_legacy
170082,GRAND VALLEY STATE UNIVERSITY,public,MI,True,15,True,False,True,14,0,0,14,1,0,0,1,0,0,0,0,"{""accepted_source_row"": 14, ""candidate_retrieval_failure"": 1}",candidate_retrieval_failure,accepted_after_repair,historical_lead; prior_programmatic; validated_human_legacy
170675,LAWRENCE TECHNOLOGICAL UNIVERSITY,private,MI,True,15,True,False,False,10,0,0,10,5,0,0,5,0,0,0,0,"{""accepted_source_row"": 10, ""candidate_retrieval_failure"": 5}",candidate_retrieval_failure,not_old_public_411_member,validated_human_legacy
170806,MADONNA UNIVERSITY,private,MI,True,15,True,False,False,0,0,0,0,15,0,0,15,0,0,0,0,"{""candidate_retrieval_failure"": 15}",candidate_retrieval_failure,not_old_public_411_member,
171137,UNIVERSITY OF MICHIGAN-DEARBORN,public,MI,True,15,True,False,True,9,0,0,9,6,0,5,1,0,0,0,0,"{""accepted_source_row"": 9, ""candidate_retrieval_failure"": 1, ""true_no_upstream_url_evidence"": 5}",candidate_retrieval_failure,accepted_after_repair,historical_lead; validated_human_legacy
171492,NORTHWOOD UNIVERSITY,private,MI,True,15,True,False,False,0,0,0,0,15,0,5,10,0,0,0,0,"{""candidate_retrieval_failure"": 10, ""true_no_upstream_url_evidence"": 5}",candidate_retrieval_failure,not_old_public_411_member,
175856,JACKSON STATE UNIVERSITY,public,MS,True,15,True,False,True,0,6,6,6,9,0,7,2,0,0,0,0,"{""accepted_source_row"": 6, ""candidate_retrieval_failure"": 2, ""true_no_upstream_url_evidence"": 7}",candidate_retrieval_failure,accepted_after_repair,prior_programmatic
176770,LESTER L COX COLLEGE OF NURSING AND HEALTH SCIENCE,private,MO,True,8,False,True,False,3,0,0,3,5,0,4,1,0,0,0,0,"{""accepted_source_row"": 3, ""candidate_retrieval_failure"": 1, ""true_no_upstream_url_evidence"": 4}",candidate_retrieval_failure,not_old_public_411_member,historical_lead; unknown_or_current_only
177065,COLUMBIA COLLEGE,private,MO,True,15,True,False,False,6,4,4,10,5,4,0,1,0,0,0,0,"{""accepted_source_row"": 10, ""candidate_retrieval_failure"": 1, ""historical_lead_only"": 4}",candidate_retrieval_failure,not_old_public_411_member,prior_programmatic; validated_human_legacy
178244,MISSOURI BAPTIST UNIVERSITY,private,MO,True,15,True,False,False,1,0,0,1,14,0,8,6,0,0,0,0,"{""accepted_source_row"": 1, ""candidate_retrieval_failure"": 6, ""true_no_upstream_url_evidence"": 8}",candidate_retrieval_failure,not_old_public_411_member,validated_human_legacy
178624,NORTHWEST MISSOURI STATE UNIVERSITY,public,MO,True,15,True,False,True,0,0,0,0,15,0,3,12,0,0,0,0,"{""candidate_retrieval_failure"": 12, ""true_no_upstream_url_evidence"": 3}",candidate_retrieval_failure,selected_unresolved_after_repair,
179557,SOUTHEAST MISSOURI STATE UNIVERSITY,public,MO,True,15,False,True,False,8,0,0,8,7,0,1,6,0,0,0,0,"{""accepted_source_row"": 8, ""candidate_retrieval_failure"": 6, ""true_no_upstream_url_evidence"": 1}",candidate_retrieval_failure,not_old_public_411_member,historical_lead
180878,BryanLGH College of Health Sciences,private,NE,True,9,False,True,False,5,0,0,5,4,0,2,2,0,0,0,0,"{""accepted_source_row"": 5, ""candidate_retrieval_failure"": 2, ""true_no_upstream_url_evidence"": 2}",candidate_retrieval_failure,not_old_public_411_member,historical_lead; unknown_or_current_only
185828,NEW JERSEY INSTITUTE OF TECHNOLOGY,public,NJ,True,15,True,False,True,11,0,0,11,4,0,0,4,0,0,0,0,"{""accepted_source_row"": 11, ""candidate_retrieval_failure"": 4}",candidate_retrieval_failure,accepted_after_repair,prior_programmatic; validated_human_legacy
186432,SAINT PETERS COLLEGE,private,NJ,True,15,True,False,False,4,0,0,4,11,0,10,1,0,0,0,0,"{""accepted_source_row"": 4, ""candidate_retrieval_failure"": 1, ""true_no_upstream_url_evidence"": 10}",candidate_retrieval_failure,not_old_public_411_member,validated_human_legacy
187967,NEW MEXICO INSTITUTE OF MINING AND TECHNOLOGY,public,NM,True,15,True,False,True,0,0,0,0,15,0,11,4,0,0,0,0,"{""candidate_retrieval_failure"": 4, ""true_no_upstream_url_evidence"": 11}",candidate_retrieval_failure,selected_unresolved_after_repair,
187985,UNIVERSITY OF NEW MEXICO-MAIN CAMPUS,public,NM,True,15,True,False,True,3,0,0,3,12,0,6,6,0,0,0,0,"{""accepted_source_row"": 3, ""candidate_retrieval_failure"": 6, ""true_no_upstream_url_evidence"": 6}",candidate_retrieval_failure,accepted_after_repair,validated_human_legacy
188429,ADELPHI UNIVERSITY,private,NY,True,15,True,False,False,12,0,0,12,3,0,0,3,0,0,0,0,"{""accepted_source_row"": 12, ""candidate_retrieval_failure"": 3}",candidate_retrieval_failure,not_old_public_411_member,validated_human_legacy
189705,CANISIUS COLLEGE,private,NY,True,14,True,False,False,1,0,0,1,13,0,7,6,0,0,0,0,"{""accepted_source_row"": 1, ""candidate_retrieval_failure"": 6, ""true_no_upstream_url_evidence"": 7}",candidate_retrieval_failure,not_old_public_411_member,validated_human_legacy
190372,COOPER UNION FOR THE ADVANCEMENT OF SCIENCE & ART,private,NY,True,15,False,True,False,8,0,0,8,7,0,6,1,0,0,0,0,"{""accepted_source_row"": 8, ""candidate_retrieval_failure"": 1, ""true_no_upstream_url_evidence"": 6}",candidate_retrieval_failure,not_old_public_411_member,historical_lead
190594,CUNY HUNTER COLLEGE,public,NY,True,15,True,False,True,0,0,0,0,15,0,0,15,0,0,0,0,"{""candidate_retrieval_failure"": 15}",candidate_retrieval_failure,selected_unresolved_after_repair,
191241,FORDHAM UNIVERSITY,private,NY,True,15,True,False,False,0,0,0,0,15,0,14,1,0,0,0,0,"{""candidate_retrieval_failure"": 1, ""true_no_upstream_url_evidence"": 14}",candidate_retrieval_failure,not_old_public_411_member,
193645,THE COLLEGE OF NEW ROCHELLE,private,NY,True,11,True,False,False,0,0,0,0,11,0,10,1,0,0,0,0,"{""candidate_retrieval_failure"": 1, ""true_no_upstream_url_evidence"": 10}",candidate_retrieval_failure,not_old_public_411_member,
194091,NEW YORK INSTITUTE OF TECHNOLOGY-OLD WESTBURY,private,NY,True,15,True,False,False,5,0,0,5,10,0,0,10,0,0,0,0,"{""accepted_source_row"": 5, ""candidate_retrieval_failure"": 10}",candidate_retrieval_failure,not_old_public_411_member,historical_lead; validated_human_legacy
195234,THE COLLEGE OF SAINT ROSE,private,NY,True,15,True,False,False,4,0,0,4,11,0,7,4,0,0,0,0,"{""accepted_source_row"": 4, ""candidate_retrieval_failure"": 4, ""true_no_upstream_url_evidence"": 7}",candidate_retrieval_failure,not_old_public_411_member,validated_human_legacy
195544,SAINT JOSEPHS COLLEGE-MAIN CAMPUS,private,NY,True,15,True,False,False,0,0,0,0,15,0,9,6,0,0,0,0,"{""candidate_retrieval_failure"": 6, ""true_no_upstream_url_evidence"": 9}",candidate_retrieval_failure,not_old_public_411_member,
196158,SUNY COLLEGE AT FREDONIA,public,NY,True,14,True,False,True,4,0,0,4,10,0,9,1,0,0,0,0,"{""accepted_source_row"": 4, ""candidate_retrieval_failure"": 1, ""true_no_upstream_url_evidence"": 9}",candidate_retrieval_failure,accepted_after_repair,historical_lead; validated_human_legacy
198136,CAMPBELL UNIVERSITY INC,private,NC,True,15,True,False,False,8,0,0,8,7,0,1,6,0,0,0,0,"{""accepted_source_row"": 8, ""candidate_retrieval_failure"": 6, ""true_no_upstream_url_evidence"": 1}",candidate_retrieval_failure,not_old_public_411_member,validated_human_legacy
198862,LIVINGSTONE COLLEGE,private,NC,True,15,True,False,False,2,0,0,2,13,0,0,13,0,0,0,0,"{""accepted_source_row"": 2, ""candidate_retrieval_failure"": 13}",candidate_retrieval_failure,not_old_public_411_member,validated_human_legacy
198950,MEREDITH COLLEGE,private,NC,True,15,True,False,False,4,0,0,4,11,0,0,11,0,0,0,0,"{""accepted_source_row"": 4, ""candidate_retrieval_failure"": 11}",candidate_retrieval_failure,not_old_public_411_member,prior_programmatic; validated_human_legacy
199069,MOUNT OLIVE COLLEGE,private,NC,True,15,True,False,False,0,0,0,0,15,0,3,12,0,0,0,0,"{""candidate_retrieval_failure"": 12, ""true_no_upstream_url_evidence"": 3}",candidate_retrieval_failure,not_old_public_411_member,
199148,UNIVERSITY OF NORTH CAROLINA AT GREENSBORO,public,NC,True,15,False,True,False,4,0,0,4,11,0,5,6,0,0,0,0,"{""accepted_source_row"": 4, ""candidate_retrieval_failure"": 6, ""true_no_upstream_url_evidence"": 5}",candidate_retrieval_failure,not_old_public_411_member,historical_lead
199157,NORTH CAROLINA CENTRAL UNIVERSITY,public,NC,True,15,True,False,True,10,0,0,10,5,0,0,5,0,0,0,0,"{""accepted_source_row"": 10, ""candidate_retrieval_failure"": 5}",candidate_retrieval_failure,accepted_after_repair,historical_lead
199193,NORTH CAROLINA STATE UNIVERSITY AT RALEIGH,public,NC,True,15,False,True,False,6,0,0,6,9,0,2,7,0,0,0,0,"{""accepted_source_row"": 6, ""candidate_retrieval_failure"": 7, ""true_no_upstream_url_evidence"": 2}",candidate_retrieval_failure,not_old_public_411_member,historical_lead
200059,DICKINSON STATE UNIVERSITY,public,ND,True,15,True,False,True,8,0,0,8,7,0,0,7,0,0,0,0,"{""accepted_source_row"": 8, ""candidate_retrieval_failure"": 7}",candidate_retrieval_failure,accepted_after_repair,prior_programmatic; validated_human_legacy
200572,VALLEY CITY STATE UNIVERSITY,public,ND,True,15,True,False,True,10,0,0,10,5,0,2,3,0,0,0,0,"{""accepted_source_row"": 10, ""candidate_retrieval_failure"": 3, ""true_no_upstream_url_evidence"": 2}",candidate_retrieval_failure,accepted_after_repair,historical_lead; validated_human_legacy
202480,UNIVERSITY OF DAYTON,private,OH,True,15,True,False,False,5,0,0,5,10,0,0,10,0,0,0,0,"{""accepted_source_row"": 5, ""candidate_retrieval_failure"": 10}",candidate_retrieval_failure,not_old_public_411_member,validated_human_legacy
202763,THE UNIVERSITY OF FINDLAY,private,OH,True,15,True,False,False,4,0,0,4,11,0,3,8,0,0,0,0,"{""accepted_source_row"": 4, ""candidate_retrieval_failure"": 8, ""true_no_upstream_url_evidence"": 3}",candidate_retrieval_failure,not_old_public_411_member,validated_human_legacy
203128,HIRAM COLLEGE,private,OH,True,15,True,False,False,10,0,0,10,5,0,2,3,0,0,0,0,"{""accepted_source_row"": 10, ""candidate_retrieval_failure"": 3, ""true_no_upstream_url_evidence"": 2}",candidate_retrieval_failure,not_old_public_411_member,validated_human_legacy
204501,OBERLIN COLLEGE,private,OH,True,15,True,False,False,0,9,9,9,6,0,4,2,0,0,0,0,"{""accepted_source_row"": 9, ""candidate_retrieval_failure"": 2, ""true_no_upstream_url_evidence"": 4}",candidate_retrieval_failure,not_old_public_411_member,validated_human_legacy
206437,WALSH UNIVERSITY,private,OH,True,15,True,False,False,3,0,0,3,12,0,0,12,0,0,0,0,"{""accepted_source_row"": 3, ""candidate_retrieval_failure"": 12}",candidate_retrieval_failure,not_old_public_411_member,validated_human_legacy
206622,XAVIER UNIVERSITY,private,OH,True,15,True,False,False,0,12,12,12,3,0,2,1,0,0,0,0,"{""accepted_source_row"": 12, ""candidate_retrieval_failure"": 1, ""true_no_upstream_url_evidence"": 2}",candidate_retrieval_failure,not_old_public_411_member,validated_human_legacy
207324,OKLAHOMA CHRISTIAN UNIVERSITY,private,OK,True,15,True,False,False,0,0,0,0,15,0,8,7,0,0,0,0,"{""candidate_retrieval_failure"": 7, ""true_no_upstream_url_evidence"": 8}",candidate_retrieval_failure,not_old_public_411_member,
207458,OKLAHOMA CITY UNIVERSITY,private,OK,True,15,True,False,False,0,0,0,0,15,0,1,14,0,0,0,0,"{""candidate_retrieval_failure"": 14, ""true_no_upstream_url_evidence"": 1}",candidate_retrieval_failure,not_old_public_411_member,
207847,SOUTHEASTERN OKLAHOMA STATE UNIVERSITY,public,OK,True,15,True,False,True,7,0,0,7,8,0,7,1,0,0,0,0,"{""accepted_source_row"": 7, ""candidate_retrieval_failure"": 1, ""true_no_upstream_url_evidence"": 7}",candidate_retrieval_failure,accepted_after_repair,historical_lead; validated_human_legacy
209825,UNIVERSITY OF PORTLAND,private,OR,True,15,True,False,False,5,0,0,5,10,0,5,5,0,0,0,0,"{""accepted_source_row"": 5, ""candidate_retrieval_failure"": 5, ""true_no_upstream_url_evidence"": 5}",candidate_retrieval_failure,not_old_public_411_member,validated_human_legacy
210492,BRYN ATHYN COLLEGE OF THE NEW CHURCH,private,PA,True,14,False,True,False,5,0,0,5,9,0,4,5,0,0,0,0,"{""accepted_source_row"": 5, ""candidate_retrieval_failure"": 5, ""true_no_upstream_url_evidence"": 4}",candidate_retrieval_failure,not_old_public_411_member,historical_lead; prior_programmatic
211440,CARNEGIE MELLON UNIVERSITY,private,PA,True,15,True,False,False,4,0,0,4,11,0,0,11,0,0,0,0,"{""accepted_source_row"": 4, ""candidate_retrieval_failure"": 11}",candidate_retrieval_failure,not_old_public_411_member,validated_human_legacy
213011,IMMACULATA UNIVERSITY,private,PA,True,15,True,False,False,3,0,0,3,12,0,0,12,0,0,0,0,"{""accepted_source_row"": 3, ""candidate_retrieval_failure"": 12}",candidate_retrieval_failure,not_old_public_411_member,validated_human_legacy
213349,KUTZTOWN UNIVERSITY OF PENNSYLVANIA,public,PA,True,15,True,False,True,3,0,0,3,12,0,0,12,0,0,0,0,"{""accepted_source_row"": 3, ""candidate_retrieval_failure"": 12}",candidate_retrieval_failure,accepted_after_repair,validated_human_legacy
213385,LAFAYETTE COLLEGE,private,PA,True,15,True,False,False,6,0,0,6,9,0,5,4,0,0,0,0,"{""accepted_source_row"": 6, ""candidate_retrieval_failure"": 4, ""true_no_upstream_url_evidence"": 5}",candidate_retrieval_failure,not_old_public_411_member,validated_human_legacy
213996,MESSIAH COLLEGE,private,PA,True,15,False,True,False,1,0,0,1,14,0,4,10,0,0,0,0,"{""accepted_source_row"": 1, ""candidate_retrieval_failure"": 10, ""true_no_upstream_url_evidence"": 4}",candidate_retrieval_failure,not_old_public_411_member,historical_lead
214041,MILLERSVILLE UNIVERSITY OF PENNSYLVANIA,public,PA,True,15,True,False,True,14,0,0,14,1,0,0,1,0,0,0,0,"{""accepted_source_row"": 14, ""candidate_retrieval_failure"": 1}",candidate_retrieval_failure,accepted_after_repair,historical_lead; prior_programmatic; validated_human_legacy
215929,UNIVERSITY OF SCRANTON,private,PA,True,15,True,False,False,13,0,0,13,2,0,0,2,0,0,0,0,"{""accepted_source_row"": 13, ""candidate_retrieval_failure"": 2}",candidate_retrieval_failure,not_old_public_411_member,validated_human_legacy
216010,SHIPPENSBURG UNIVERSITY OF PENNSYLVANIA,public,PA,True,15,True,False,True,0,0,0,0,15,0,9,6,0,0,0,0,"{""candidate_retrieval_failure"": 6, ""true_no_upstream_url_evidence"": 9}",candidate_retrieval_failure,selected_unresolved_after_repair,
216278,SUSQUEHANNA UNIVERSITY,private,PA,True,15,True,False,False,0,0,0,0,15,0,11,4,0,0,0,0,"{""candidate_retrieval_failure"": 4, ""true_no_upstream_url_evidence"": 11}",candidate_retrieval_failure,not_old_public_411_member,
217059,YORK COLLEGE PENNSYLVANIA,private,PA,True,15,True,False,False,3,0,0,3,12,0,3,9,0,0,0,0,"{""accepted_source_row"": 3, ""candidate_retrieval_failure"": 9, ""true_no_upstream_url_evidence"": 3}",candidate_retrieval_failure,not_old_public_411_member,validated_human_legacy
217165,BRYANT COLLEGE,private,RI,True,15,True,False,False,4,0,0,4,11,0,3,8,0,0,0,0,"{""accepted_source_row"": 4, ""candidate_retrieval_failure"": 8, ""true_no_upstream_url_evidence"": 3}",candidate_retrieval_failure,not_old_public_411_member,prior_programmatic; validated_human_legacy
217864,CITADEL MILITARY COLLEGE OF SOUTH CAROLINA,public,SC,True,15,True,False,True,8,0,0,8,7,0,5,2,0,0,0,0,"{""accepted_source_row"": 8, ""candidate_retrieval_failure"": 2, ""true_no_upstream_url_evidence"": 5}",candidate_retrieval_failure,accepted_after_repair,prior_programmatic; validated_human_legacy
218238,LIMESTONE COLLEGE,private,SC,True,15,True,False,False,2,0,0,2,13,0,10,3,0,0,0,0,"{""accepted_source_row"": 2, ""candidate_retrieval_failure"": 3, ""true_no_upstream_url_evidence"": 10}",candidate_retrieval_failure,not_old_public_411_member,validated_human_legacy
218733,SOUTH CAROLINA STATE UNIVERSITY,public,SC,True,15,True,False,True,0,0,0,0,15,0,3,12,0,0,0,0,"{""candidate_retrieval_failure"": 12, ""true_no_upstream_url_evidence"": 3}",candidate_retrieval_failure,selected_unresolved_after_repair,
219602,AUSTIN PEAY STATE UNIVERSITY,public,TN,True,15,True,False,True,0,13,13,13,2,0,0,2,0,0,0,0,"{""accepted_source_row"": 13, ""candidate_retrieval_failure"": 2}",candidate_retrieval_failure,accepted_after_repair,prior_programmatic; validated_human_legacy
220075,EAST TENNESSEE STATE UNIVERSITY,public,TN,True,15,True,False,True,0,3,3,3,12,2,6,4,0,0,0,0,"{""accepted_source_row"": 3, ""candidate_retrieval_failure"": 4, ""historical_lead_only"": 2, ""true_no_upstream_url_evidence"": 6}",candidate_retrieval_failure,accepted_after_repair,prior_programmatic; validated_human_legacy
220701,MARTIN METHODIST COLLEGE,private,TN,True,14,True,False,False,10,0,0,10,4,0,3,1,0,0,0,0,"{""accepted_source_row"": 10, ""candidate_retrieval_failure"": 1, ""true_no_upstream_url_evidence"": 3}",candidate_retrieval_failure,not_old_public_411_member,prior_programmatic; validated_human_legacy
222178,ABILENE CHRISTIAN UNIVERSITY,private,TX,True,15,True,False,False,7,0,0,7,8,0,7,1,0,0,0,0,"{""accepted_source_row"": 7, ""candidate_retrieval_failure"": 1, ""true_no_upstream_url_evidence"": 7}",candidate_retrieval_failure,not_old_public_411_member,validated_human_legacy
224004,CONCORDIA UNIVERSITY AT AUSTIN,private,TX,True,15,True,False,False,5,0,0,5,10,0,3,7,0,0,0,0,"{""accepted_source_row"": 5, ""candidate_retrieval_failure"": 7, ""true_no_upstream_url_evidence"": 3}",candidate_retrieval_failure,not_old_public_411_member,validated_human_legacy
226091,LAMAR UNIVERSITY,public,TX,True,14,True,False,True,0,0,0,0,14,0,7,7,0,0,0,0,"{""candidate_retrieval_failure"": 7, ""true_no_upstream_url_evidence"": 7}",candidate_retrieval_failure,selected_unresolved_after_repair,
226152,TEXAS A & M INTERNATIONAL UNIVERSITY,public,TX,True,14,True,False,False,5,0,0,5,9,0,2,7,0,0,0,0,"{""accepted_source_row"": 5, ""candidate_retrieval_failure"": 7, ""true_no_upstream_url_evidence"": 2}",candidate_retrieval_failure,not_old_public_411_member,historical_lead; validated_human_legacy
226833,MIDWESTERN STATE UNIVERSITY,public,TX,True,15,True,False,True,0,0,0,0,15,0,14,1,0,0,0,0,"{""candidate_retrieval_failure"": 1, ""true_no_upstream_url_evidence"": 14}",candidate_retrieval_failure,selected_unresolved_after_repair,
227526,PRAIRIE VIEW A & M UNIVERSITY,public,TX,True,15,True,False,True,4,0,0,4,11,0,10,1,0,0,0,0,"{""accepted_source_row"": 4, ""candidate_retrieval_failure"": 1, ""true_no_upstream_url_evidence"": 10}",candidate_retrieval_failure,accepted_after_repair,historical_lead; validated_human_legacy
228705,TEXAS A & M UNIVERSITY-KINGSVILLE,public,TX,True,15,True,False,True,0,0,0,0,15,0,4,11,0,0,0,0,"{""candidate_retrieval_failure"": 11, ""true_no_upstream_url_evidence"": 4}",candidate_retrieval_failure,selected_unresolved_after_repair,
230038,BRIGHAM YOUNG UNIVERSITY,private,UT,True,15,True,False,False,14,0,0,14,1,0,0,1,0,0,0,0,"{""accepted_source_row"": 14, ""candidate_retrieval_failure"": 1}",candidate_retrieval_failure,not_old_public_411_member,validated_human_legacy
230047,BRIGHAM YOUNG UNIVERSITY-HAWAII CAMPUS,private,HI,True,15,True,False,False,13,0,0,13,2,0,1,1,0,0,0,0,"{""accepted_source_row"": 13, ""candidate_retrieval_failure"": 1, ""true_no_upstream_url_evidence"": 1}",candidate_retrieval_failure,not_old_public_411_member,validated_human_legacy
231420,AVERETT UNIVERSITY,private,VA,True,15,False,True,False,7,0,0,7,8,0,5,3,0,0,0,0,"{""accepted_source_row"": 7, ""candidate_retrieval_failure"": 3, ""true_no_upstream_url_evidence"": 5}",candidate_retrieval_failure,not_old_public_411_member,historical_lead; unknown_or_current_only
232557,LIBERTY UNIVERSITY,private,VA,True,15,True,False,False,8,0,0,8,7,0,0,7,0,0,0,0,"{""accepted_source_row"": 8, ""candidate_retrieval_failure"": 7}",candidate_retrieval_failure,not_old_public_411_member,validated_human_legacy
232706,MARYMOUNT UNIVERSITY,private,VA,True,15,True,False,False,10,0,0,10,5,0,0,5,0,0,0,0,"{""accepted_source_row"": 10, ""candidate_retrieval_failure"": 5}",candidate_retrieval_failure,not_old_public_411_member,validated_human_legacy
232937,NORFOLK STATE UNIVERSITY,public,VA,True,15,True,False,True,6,0,0,6,9,0,5,4,0,0,0,0,"{""accepted_source_row"": 6, ""candidate_retrieval_failure"": 4, ""true_no_upstream_url_evidence"": 5}",candidate_retrieval_failure,accepted_after_repair,historical_lead; validated_human_legacy
233374,UNIVERSITY OF RICHMOND,private,VA,True,15,True,False,False,7,0,0,7,8,0,0,8,0,0,0,0,"{""accepted_source_row"": 7, ""candidate_retrieval_failure"": 8}",candidate_retrieval_failure,not_old_public_411_member,validated_human_legacy
235097,EASTERN WASHINGTON UNIVERSITY,public,WA,True,15,True,False,True,13,0,0,13,2,0,0,2,0,0,0,0,"{""accepted_source_row"": 13, ""candidate_retrieval_failure"": 2}",candidate_retrieval_failure,accepted_after_repair,prior_programmatic; validated_human_legacy
235316,GONZAGA UNIVERSITY,private,WA,True,14,True,False,False,6,0,0,6,8,0,0,8,0,0,0,0,"{""accepted_source_row"": 6, ""candidate_retrieval_failure"": 8}",candidate_retrieval_failure,not_old_public_411_member,validated_human_legacy
236896,WALLA WALLA COLLEGE,private,WA,True,15,False,True,False,10,0,0,10,5,0,0,5,0,0,0,0,"{""accepted_source_row"": 10, ""candidate_retrieval_failure"": 5}",candidate_retrieval_failure,not_old_public_411_member,historical_lead; unknown_or_current_only
237215,BLUEFIELD STATE COLLEGE,public,WV,True,15,True,False,False,3,0,0,3,12,0,0,12,0,0,0,0,"{""accepted_source_row"": 3, ""candidate_retrieval_failure"": 12}",candidate_retrieval_failure,not_old_public_411_member,prior_programmatic; validated_human_legacy
237312,UNIVERSITY OF CHARLESTON,private,WV,True,14,True,False,False,0,0,0,0,14,0,11,3,0,0,0,0,"{""candidate_retrieval_failure"": 3, ""true_no_upstream_url_evidence"": 11}",candidate_retrieval_failure,not_old_public_411_member,
237385,GLENVILLE STATE COLLEGE,public,WV,True,15,True,False,True,10,0,0,10,5,0,3,2,0,0,0,0,"{""accepted_source_row"": 10, ""candidate_retrieval_failure"": 2, ""true_no_upstream_url_evidence"": 3}",candidate_retrieval_failure,accepted_after_repair,prior_programmatic; validated_human_legacy
237932,WEST LIBERTY STATE COLLEGE,public,WV,True,15,True,False,True,4,0,0,4,11,0,10,1,0,0,0,0,"{""accepted_source_row"": 4, ""candidate_retrieval_failure"": 1, ""true_no_upstream_url_evidence"": 10}",candidate_retrieval_failure,accepted_after_repair,historical_lead; validated_human_legacy
239318,MILWAUKEE SCHOOL OF ENGINEERING,private,WI,True,15,True,False,False,5,0,0,5,10,0,0,10,0,0,0,0,"{""accepted_source_row"": 5, ""candidate_retrieval_failure"": 10}",candidate_retrieval_failure,not_old_public_411_member,validated_human_legacy
240189,UNIVERSITY OF WISCONSIN-WHITEWATER,public,WI,True,15,True,False,True,9,0,0,9,6,0,4,2,0,0,0,0,"{""accepted_source_row"": 9, ""candidate_retrieval_failure"": 2, ""true_no_upstream_url_evidence"": 4}",candidate_retrieval_failure,accepted_after_repair,historical_lead; validated_human_legacy
240268,UNIVERSITY OF WISCONSIN-EAU CLAIRE,public,WI,True,15,True,False,True,5,0,0,5,10,0,6,4,0,0,0,0,"{""accepted_source_row"": 5, ""candidate_retrieval_failure"": 4, ""true_no_upstream_url_evidence"": 6}",candidate_retrieval_failure,accepted_after_repair,historical_lead; validated_human_legacy
240462,UNIVERSITY OF WISCONSIN-PLATTEVILLE,public,WI,True,15,False,True,False,1,0,0,1,14,0,4,10,0,0,0,0,"{""accepted_source_row"": 1, ""candidate_retrieval_failure"": 10, ""true_no_upstream_url_evidence"": 4}",candidate_retrieval_failure,not_old_public_411_member,historical_lead
240471,UNIVERSITY OF WISCONSIN-RIVER FALLS,public,WI,True,15,False,True,False,14,0,0,14,1,0,0,1,0,0,0,0,"{""accepted_source_row"": 14, ""candidate_retrieval_failure"": 1}",candidate_retrieval_failure,not_old_public_411_member,historical_lead
240754,UNIVERSITY OF GUAM,public,GU,True,14,True,False,True,11,0,0,11,3,0,1,2,0,0,0,0,"{""accepted_source_row"": 11, ""candidate_retrieval_failure"": 2, ""true_no_upstream_url_evidence"": 1}",candidate_retrieval_failure,accepted_after_repair,historical_lead; validated_human_legacy
242644,INTER AMERICAN UNIV OF PUERTO RICO-BARRANQUITAS,private,PR,True,15,True,False,False,6,0,0,6,9,0,7,2,0,0,0,0,"{""accepted_source_row"": 6, ""candidate_retrieval_failure"": 2, ""true_no_upstream_url_evidence"": 7}",candidate_retrieval_failure,not_old_public_411_member,validated_human_legacy
243142,UNIVERSITY OF PUERTO RICO IN CAROLINA,public,PR,True,14,False,True,False,0,0,0,0,14,0,13,1,0,0,0,0,"{""candidate_retrieval_failure"": 1, ""true_no_upstream_url_evidence"": 13}",candidate_retrieval_failure,not_old_public_411_member,
243179,UNIVERSITY OF PUERTO RICO-HUMACAO,public,PR,True,14,False,True,False,0,0,0,0,14,0,8,6,0,0,0,0,"{""candidate_retrieval_failure"": 6, ""true_no_upstream_url_evidence"": 8}",candidate_retrieval_failure,not_old_public_411_member,
243212,UNIVERSITY OF PUERTO RICO-PONCE,public,PR,True,14,False,True,False,0,0,0,0,14,0,11,3,0,0,0,0,"{""candidate_retrieval_failure"": 3, ""true_no_upstream_url_evidence"": 11}",candidate_retrieval_failure,not_old_public_411_member,
366711,CALIFORNIA STATE UNIVERSITY-SAN MARCOS,public,CA,True,15,True,False,True,0,14,14,14,1,0,0,1,0,0,0,0,"{""accepted_source_row"": 14, ""candidate_retrieval_failure"": 1}",candidate_retrieval_failure,accepted_after_repair,prior_programmatic
441937,CALIFORNIA STATE UNIVERSITY-CHANNEL ISLANDS,public,CA,True,14,True,False,False,9,0,0,9,5,0,0,5,0,0,0,0,"{""accepted_source_row"": 9, ""candidate_retrieval_failure"": 5}",candidate_retrieval_failure,not_old_public_411_member,historical_lead; prior_programmatic; validated_human_legacy
105330,NORTHERN ARIZONA UNIVERSITY,public,AZ,True,15,True,False,True,7,0,0,7,8,7,1,0,0,0,0,0,"{""accepted_source_row"": 7, ""historical_lead_only"": 7, ""true_no_upstream_url_evidence"": 1}",historical_lead_only,accepted_after_repair,historical_lead; validated_human_legacy
106458,ARKANSAS STATE UNIVERSITY-MAIN CAMPUS,public,AR,True,15,True,False,True,0,0,0,0,15,15,0,0,0,0,0,0,"{""historical_lead_only"": 15}",historical_lead_only,selected_unresolved_after_repair,
107558,UNIVERSITY OF THE OZARKS,private,AR,True,15,False,True,False,0,8,8,8,7,6,1,0,0,0,0,0,"{""accepted_source_row"": 8, ""historical_lead_only"": 6, ""true_no_upstream_url_evidence"": 1}",historical_lead_only,not_old_public_411_member,prior_programmatic
110495,CALIFORNIA STATE UNIVERSITY-STANISLAUS,public,CA,True,15,True,False,True,9,3,3,12,3,3,0,0,0,0,0,0,"{""accepted_source_row"": 12, ""historical_lead_only"": 3}",historical_lead_only,accepted_after_repair,prior_programmatic; validated_human_legacy
112446,Coleman College,private,CA,True,5,False,True,False,0,0,0,0,5,5,0,0,0,0,0,0,"{""historical_lead_only"": 5}",historical_lead_only,not_old_public_411_member,
116846,UNIVERSITY OF JUDAISM,private,CA,True,15,False,True,False,0,0,0,0,15,1,14,0,0,0,0,0,"{""historical_lead_only"": 1, ""true_no_upstream_url_evidence"": 14}",historical_lead_only,not_old_public_411_member,
122597,SAN FRANCISCO STATE UNIVERSITY,public,CA,True,15,True,False,True,0,2,2,2,13,9,4,0,0,0,0,0,"{""accepted_source_row"": 2, ""historical_lead_only"": 9, ""true_no_upstream_url_evidence"": 4}",historical_lead_only,accepted_after_repair,validated_human_legacy
124292,THOMAS AQUINAS COLLEGE,private,CA,True,15,False,True,False,0,0,0,0,15,7,8,0,0,0,0,0,"{""historical_lead_only"": 7, ""true_no_upstream_url_evidence"": 8}",historical_lead_only,not_old_public_411_member,
127185,FORT LEWIS COLLEGE,public,CO,True,15,False,True,False,7,0,0,7,8,1,7,0,0,0,0,0,"{""accepted_source_row"": 7, ""historical_lead_only"": 1, ""true_no_upstream_url_evidence"": 7}",historical_lead_only,not_old_public_411_member,historical_lead
127556,MESA STATE COLLEGE,public,CO,True,15,False,True,False,0,0,0,0,15,12,3,0,0,0,0,0,"{""historical_lead_only"": 12, ""true_no_upstream_url_evidence"": 3}",historical_lead_only,not_old_public_411_member,
127565,METROPOLITAN STATE COLLEGE OF DENVER,public,CO,True,15,True,False,True,0,0,0,0,15,6,9,0,0,0,0,0,"{""historical_lead_only"": 6, ""true_no_upstream_url_evidence"": 9}",historical_lead_only,selected_unresolved_after_repair,
133650,FLORIDA AGRICULTURAL AND MECHANICAL UNIVERSITY,public,FL,True,15,True,False,True,3,0,0,3,12,1,11,0,0,0,0,0,"{""accepted_source_row"": 3, ""historical_lead_only"": 1, ""true_no_upstream_url_evidence"": 11}",historical_lead_only,accepted_after_repair,prior_programmatic; validated_human_legacy
139861,GEORGIA COLLEGE AND STATE UNIVERSITY,public,GA,True,15,False,True,False,0,0,0,0,15,15,0,0,0,0,0,0,"{""historical_lead_only"": 15}",historical_lead_only,not_old_public_411_member,
140164,KENNESAW STATE UNIVERSITY,public,GA,True,7,False,True,False,0,0,0,0,7,4,3,0,0,0,0,0,"{""historical_lead_only"": 4, ""true_no_upstream_url_evidence"": 3}",historical_lead_only,not_old_public_411_member,
140322,MACON STATE COLLEGE,public,GA,True,4,False,True,False,0,0,0,0,4,2,2,0,0,0,0,0,"{""historical_lead_only"": 2, ""true_no_upstream_url_evidence"": 2}",historical_lead_only,not_old_public_411_member,
141264,VALDOSTA STATE UNIVERSITY,public,GA,True,15,False,True,False,0,0,0,0,15,2,13,0,0,0,0,0,"{""historical_lead_only"": 2, ""true_no_upstream_url_evidence"": 13}",historical_lead_only,not_old_public_411_member,
141565,UNIVERSITY OF HAWAII AT HILO,public,HI,True,15,True,False,True,0,1,1,1,14,7,7,0,0,0,0,0,"{""accepted_source_row"": 1, ""historical_lead_only"": 7, ""true_no_upstream_url_evidence"": 7}",historical_lead_only,accepted_after_repair,validated_human_legacy
142285,UNIVERSITY OF IDAHO,public,ID,True,15,True,False,True,0,0,0,0,15,10,5,0,0,0,0,0,"{""historical_lead_only"": 10, ""true_no_upstream_url_evidence"": 5}",historical_lead_only,selected_unresolved_after_repair,
145637,UNIVERSITY OF ILLINOIS AT URBANA-CHAMPAIGN,public,IL,True,15,False,True,False,0,0,0,0,15,13,2,0,0,0,0,0,"{""historical_lead_only"": 13, ""true_no_upstream_url_evidence"": 2}",historical_lead_only,not_old_public_411_member,
149222,SOUTHERN ILLINOIS UNIVERSITY-CARBONDALE,public,IL,True,15,True,False,True,0,2,2,2,13,13,0,0,0,0,0,0,"{""accepted_source_row"": 2, ""historical_lead_only"": 13}",historical_lead_only,accepted_after_repair,validated_human_legacy
151102,INDIANA UNIVERSITY-PURDUE UNIVERSITY-FORT WAYNE,public,IN,True,15,True,False,True,0,1,1,1,14,10,4,0,0,0,0,0,"{""accepted_source_row"": 1, ""historical_lead_only"": 10, ""true_no_upstream_url_evidence"": 4}",historical_lead_only,accepted_after_repair,validated_human_legacy
153658,UNIVERSITY OF IOWA,public,IA,True,14,False,True,False,0,0,0,0,14,1,13,0,0,0,0,0,"{""historical_lead_only"": 1, ""true_no_upstream_url_evidence"": 13}",historical_lead_only,not_old_public_411_member,
155025,EMPORIA STATE UNIVERSITY,public,KS,True,13,True,False,True,0,1,1,1,12,6,6,0,0,0,0,0,"{""accepted_source_row"": 1, ""historical_lead_only"": 6, ""true_no_upstream_url_evidence"": 6}",historical_lead_only,accepted_after_repair,validated_human_legacy
155414,KANSAS WESLEYAN UNIVERSITY,private,KS,True,15,False,True,False,2,0,0,2,13,8,5,0,0,0,0,0,"{""accepted_source_row"": 2, ""historical_lead_only"": 8, ""true_no_upstream_url_evidence"": 5}",historical_lead_only,not_old_public_411_member,historical_lead
159966,NICHOLLS STATE UNIVERSITY,public,LA,True,15,False,True,False,0,0,0,0,15,10,5,0,0,0,0,0,"{""historical_lead_only"": 10, ""true_no_upstream_url_evidence"": 5}",historical_lead_only,not_old_public_411_member,
161244,UNIVERSITY OF MAINE AT MACHIAS,public,ME,True,13,True,False,True,0,1,1,1,12,1,11,0,0,0,0,0,"{""accepted_source_row"": 1, ""historical_lead_only"": 1, ""true_no_upstream_url_evidence"": 11}",historical_lead_only,accepted_after_repair,validated_human_legacy
161341,UNIVERSITY OF MAINE AT PRESQUE ISLE,public,ME,True,15,True,False,True,0,1,1,1,14,8,6,0,0,0,0,0,"{""accepted_source_row"": 1, ""historical_lead_only"": 8, ""true_no_upstream_url_evidence"": 6}",historical_lead_only,accepted_after_repair,validated_human_legacy
163204,UNIVERSITY OF MARYLAND-UNIVERSITY COLLEGE,public,MD,True,15,False,True,False,0,0,0,0,15,15,0,0,0,0,0,0,"{""historical_lead_only"": 15}",historical_lead_only,not_old_public_411_member,
165024,BRIDGEWATER STATE COLLEGE,public,MA,True,15,True,False,True,4,7,7,11,4,4,0,0,0,0,0,0,"{""accepted_source_row"": 11, ""historical_lead_only"": 4}",historical_lead_only,accepted_after_repair,prior_programmatic; validated_human_legacy
166513,UNIVERSITY OF MASSACHUSETTS-LOWELL,public,MA,True,15,True,False,True,5,2,2,7,8,1,7,0,0,0,0,0,"{""accepted_source_row"": 7, ""historical_lead_only"": 1, ""true_no_upstream_url_evidence"": 7}",historical_lead_only,accepted_after_repair,historical_lead; validated_human_legacy
166629,UNIVERSITY OF MASSACHUSETTS-AMHERST,public,MA,True,15,False,True,False,0,0,0,0,15,7,8,0,0,0,0,0,"{""historical_lead_only"": 7, ""true_no_upstream_url_evidence"": 8}",historical_lead_only,not_old_public_411_member,
167729,SALEM STATE COLLEGE,public,MA,True,15,False,True,False,6,0,0,6,9,1,8,0,0,0,0,0,"{""accepted_source_row"": 6, ""historical_lead_only"": 1, ""true_no_upstream_url_evidence"": 8}",historical_lead_only,not_old_public_411_member,historical_lead
169798,EASTERN MICHIGAN UNIVERSITY,public,MI,True,15,False,True,False,0,0,0,0,15,15,0,0,0,0,0,0,"{""historical_lead_only"": 15}",historical_lead_only,not_old_public_411_member,
170639,LAKE SUPERIOR STATE UNIVERSITY,public,MI,True,15,False,True,False,0,0,0,0,15,15,0,0,0,0,0,0,"{""historical_lead_only"": 15}",historical_lead_only,not_old_public_411_member,
170976,UNIVERSITY OF MICHIGAN-ANN ARBOR,public,MI,True,15,False,True,False,0,0,0,0,15,9,6,0,0,0,0,0,"{""historical_lead_only"": 9, ""true_no_upstream_url_evidence"": 6}",historical_lead_only,not_old_public_411_member,
171128,MICHIGAN TECHNOLOGICAL UNIVERSITY,public,MI,True,15,False,True,False,0,0,0,0,15,15,0,0,0,0,0,0,"{""historical_lead_only"": 15}",historical_lead_only,not_old_public_411_member,
171146,UNIVERSITY OF MICHIGAN-FLINT,public,MI,True,15,False,True,False,0,0,0,0,15,4,11,0,0,0,0,0,"{""historical_lead_only"": 4, ""true_no_upstream_url_evidence"": 11}",historical_lead_only,not_old_public_411_member,
171456,NORTHERN MICHIGAN UNIVERSITY,public,MI,True,15,False,True,False,0,0,0,0,15,15,0,0,0,0,0,0,"{""historical_lead_only"": 15}",historical_lead_only,not_old_public_411_member,
174020,METROPOLITAN STATE UNIVERSITY,public,MN,True,14,False,True,False,0,0,0,0,14,10,4,0,0,0,0,0,"{""historical_lead_only"": 10, ""true_no_upstream_url_evidence"": 4}",historical_lead_only,not_old_public_411_member,
174251,UNIVERSITY OF MINNESOTA-MORRIS,public,MN,True,15,False,True,False,0,0,0,0,15,15,0,0,0,0,0,0,"{""historical_lead_only"": 15}",historical_lead_only,not_old_public_411_member,
175078,SOUTHWEST MINNESOTA STATE UNIVERSITY,public,MN,True,14,False,True,False,0,0,0,0,14,1,13,0,0,0,0,0,"{""historical_lead_only"": 1, ""true_no_upstream_url_evidence"": 13}",historical_lead_only,not_old_public_411_member,
175616,DELTA STATE UNIVERSITY,public,MS,True,15,True,False,True,0,1,1,1,14,6,8,0,0,0,0,0,"{""accepted_source_row"": 1, ""historical_lead_only"": 6, ""true_no_upstream_url_evidence"": 8}",historical_lead_only,accepted_after_repair,validated_human_legacy
176035,MISSISSIPPI UNIVERSITY FOR WOMEN,public,MS,True,15,True,False,True,0,2,2,2,13,5,8,0,0,0,0,0,"{""accepted_source_row"": 2, ""historical_lead_only"": 5, ""true_no_upstream_url_evidence"": 8}",historical_lead_only,accepted_after_repair,validated_human_legacy
176080,MISSISSIPPI STATE UNIVERSITY,public,MS,True,15,False,True,False,0,0,0,0,15,14,1,0,0,0,0,0,"{""historical_lead_only"": 14, ""true_no_upstream_url_evidence"": 1}",historical_lead_only,not_old_public_411_member,
176965,CENTRAL MISSOURI STATE UNIVERSITY,public,MO,True,15,False,True,False,0,0,0,0,15,13,2,0,0,0,0,0,"{""historical_lead_only"": 13, ""true_no_upstream_url_evidence"": 2}",historical_lead_only,not_old_public_411_member,
177551,HARRIS-STOWE STATE COLLEGE,public,MO,True,14,False,True,False,0,0,0,0,14,2,12,0,0,0,0,0,"{""historical_lead_only"": 2, ""true_no_upstream_url_evidence"": 12}",historical_lead_only,not_old_public_411_member,
178420,UNIVERSITY OF MISSOURI-ST LOUIS,public,MO,True,15,False,True,False,0,0,0,0,15,15,0,0,0,0,0,0,"{""historical_lead_only"": 15}",historical_lead_only,not_old_public_411_member,
179326,SOUTHWEST BAPTIST UNIVERSITY,private,MO,True,15,False,True,False,0,0,0,0,15,6,9,0,0,0,0,0,"{""historical_lead_only"": 6, ""true_no_upstream_url_evidence"": 9}",historical_lead_only,not_old_public_411_member,
180461,MONTANA STATE UNIVERSITY-BOZEMAN,public,MT,True,15,False,True,False,0,0,0,0,15,11,4,0,0,0,0,0,"{""historical_lead_only"": 11, ""true_no_upstream_url_evidence"": 4}",historical_lead_only,not_old_public_411_member,
180522,MONTANA STATE UNIVERSITY-NORTHERN,public,MT,True,15,False,True,False,0,0,0,0,15,15,0,0,0,0,0,0,"{""historical_lead_only"": 15}",historical_lead_only,not_old_public_411_member,
180948,CHADRON STATE COLLEGE,public,NE,True,15,False,True,False,0,0,0,0,15,12,3,0,0,0,0,0,"{""historical_lead_only"": 12, ""true_no_upstream_url_evidence"": 3}",historical_lead_only,not_old_public_411_member,
181464,UNIVERSITY OF NEBRASKA AT LINCOLN,public,NE,True,15,True,False,True,0,1,1,1,14,5,9,0,0,0,0,0,"{""accepted_source_row"": 1, ""historical_lead_only"": 5, ""true_no_upstream_url_evidence"": 9}",historical_lead_only,accepted_after_repair,validated_human_legacy
183044,UNIVERSITY OF NEW HAMPSHIRE-MAIN CAMPUS,public,NH,True,15,False,True,False,0,0,0,0,15,15,0,0,0,0,0,0,"{""historical_lead_only"": 15}",historical_lead_only,not_old_public_411_member,
183062,KEENE STATE COLLEGE,public,NH,True,15,False,True,False,0,0,0,0,15,15,0,0,0,0,0,0,"{""historical_lead_only"": 15}",historical_lead_only,not_old_public_411_member,
183071,UNIVERSITY OF NEW HAMPSHIRE-MANCHESTER,public,NH,True,13,False,True,False,0,0,0,0,13,11,2,0,0,0,0,0,"{""historical_lead_only"": 11, ""true_no_upstream_url_evidence"": 2}",historical_lead_only,not_old_public_411_member,
187897,NEW MEXICO HIGHLANDS UNIVERSITY,public,NM,True,14,True,False,True,12,0,0,12,2,2,0,0,0,0,0,0,"{""accepted_source_row"": 12, ""historical_lead_only"": 2}",historical_lead_only,accepted_after_repair,historical_lead
190549,CUNY BROOKLYN COLLEGE,public,NY,True,15,False,True,False,0,0,0,0,15,4,11,0,0,0,0,0,"{""historical_lead_only"": 4, ""true_no_upstream_url_evidence"": 11}",historical_lead_only,not_old_public_411_member,
190600,CUNY JOHN JAY COLLEGE CRIMINAL JUSTICE,public,NY,True,15,False,True,False,0,0,0,0,15,15,0,0,0,0,0,0,"{""historical_lead_only"": 15}",historical_lead_only,not_old_public_411_member,
190646,CUNY MEDGAR EVERS COLLEGE,public,NY,True,13,False,True,False,0,0,0,0,13,10,3,0,0,0,0,0,"{""historical_lead_only"": 10, ""true_no_upstream_url_evidence"": 3}",historical_lead_only,not_old_public_411_member,
190655,CUNY NEW YORK CITY COLLEGE OF TECHNOLOGY,public,NY,True,15,False,True,False,0,0,0,0,15,10,5,0,0,0,0,0,"{""historical_lead_only"": 10, ""true_no_upstream_url_evidence"": 5}",historical_lead_only,not_old_public_411_member,
190691,CUNY YORK COLLEGE,public,NY,True,15,False,True,False,0,0,0,0,15,14,1,0,0,0,0,0,"{""historical_lead_only"": 14, ""true_no_upstream_url_evidence"": 1}",historical_lead_only,not_old_public_411_member,
196051,MORRISVILLE STATE COLLEGE,public,NY,True,14,False,True,False,0,0,0,0,14,2,12,0,0,0,0,0,"{""historical_lead_only"": 2, ""true_no_upstream_url_evidence"": 12}",historical_lead_only,not_old_public_411_member,
196060,SUNY AT ALBANY,public,NY,True,14,False,True,False,0,0,0,0,14,14,0,0,0,0,0,0,"{""historical_lead_only"": 14}",historical_lead_only,not_old_public_411_member,
196103,SUNY COLLEGE OF ENVIRONMENTAL SCIENCE AND FORESTRY,public,NY,True,14,False,True,False,0,0,0,0,14,9,5,0,0,0,0,0,"{""historical_lead_only"": 9, ""true_no_upstream_url_evidence"": 5}",historical_lead_only,not_old_public_411_member,
197036,UNITED STATES MILITARY ACADEMY,public,NY,True,5,False,True,False,0,0,0,0,5,1,4,0,0,0,0,0,"{""historical_lead_only"": 1, ""true_no_upstream_url_evidence"": 4}",historical_lead_only,not_old_public_411_member,
197869,APPALACHIAN STATE UNIVERSITY,public,NC,True,15,True,False,True,0,14,14,14,1,1,0,0,0,0,0,0,"{""accepted_source_row"": 14, ""historical_lead_only"": 1}",historical_lead_only,accepted_after_repair,prior_programmatic; validated_human_legacy
198507,ELIZABETH CITY STATE UNIVERSITY,public,NC,True,15,True,False,True,0,0,0,0,15,2,13,0,0,0,0,0,"{""historical_lead_only"": 2, ""true_no_upstream_url_evidence"": 13}",historical_lead_only,selected_unresolved_after_repair,
198543,FAYETTEVILLE STATE UNIVERSITY,public,NC,True,15,True,False,True,0,2,2,2,13,1,12,0,0,0,0,0,"{""accepted_source_row"": 2, ""historical_lead_only"": 1, ""true_no_upstream_url_evidence"": 12}",historical_lead_only,accepted_after_repair,prior_programmatic; validated_human_legacy
199865,WARREN WILSON COLLEGE,private,NC,True,15,False,True,False,0,0,0,0,15,8,7,0,0,0,0,0,"{""historical_lead_only"": 8, ""true_no_upstream_url_evidence"": 7}",historical_lead_only,not_old_public_411_member,
201441,BOWLING GREEN STATE UNIVERSITY-MAIN CAMPUS,public,OH,True,15,True,False,True,2,1,1,3,12,10,2,0,0,0,0,0,"{""accepted_source_row"": 3, ""historical_lead_only"": 10, ""true_no_upstream_url_evidence"": 2}",historical_lead_only,accepted_after_repair,prior_programmatic; validated_human_legacy
202046,Cleveland Institute of Art,private,OH,True,12,False,True,False,0,0,0,0,12,1,11,0,0,0,0,0,"{""historical_lead_only"": 1, ""true_no_upstream_url_evidence"": 11}",historical_lead_only,not_old_public_411_member,
202073,CLEVELAND INSTITUTE OF MUSIC,private,OH,True,15,False,True,False,0,0,0,0,15,6,9,0,0,0,0,0,"{""historical_lead_only"": 6, ""true_no_upstream_url_evidence"": 9}",historical_lead_only,not_old_public_411_member,
202134,CLEVELAND STATE UNIVERSITY,public,OH,True,15,True,False,True,6,0,0,6,9,5,4,0,0,0,0,0,"{""accepted_source_row"": 6, ""historical_lead_only"": 5, ""true_no_upstream_url_evidence"": 4}",historical_lead_only,accepted_after_repair,prior_programmatic; validated_human_legacy
204006,Miami University-Hamilton,public,OH,True,2,False,True,False,0,0,0,0,2,2,0,0,0,0,0,0,"{""historical_lead_only"": 2}",historical_lead_only,not_old_public_411_member,
204015,Miami University-Middletown,public,OH,True,2,False,True,False,0,0,0,0,2,1,1,0,0,0,0,0,"{""historical_lead_only"": 1, ""true_no_upstream_url_evidence"": 1}",historical_lead_only,not_old_public_411_member,
204680,OHIO STATE UNIVERSITY-MANSFIELD CAMPUS,public,OH,True,15,False,True,False,0,0,0,0,15,1,14,0,0,0,0,0,"{""historical_lead_only"": 1, ""true_no_upstream_url_evidence"": 14}",historical_lead_only,not_old_public_411_member,
204796,OHIO STATE UNIVERSITY-MAIN CAMPUS,public,OH,True,15,False,True,False,0,0,0,0,15,1,14,0,0,0,0,0,"{""historical_lead_only"": 1, ""true_no_upstream_url_evidence"": 14}",historical_lead_only,not_old_public_411_member,
204802,OHIO UNIVERSITY-EASTERN CAMPUS,public,OH,True,8,True,False,True,0,0,0,0,8,5,3,0,0,0,0,0,"{""historical_lead_only"": 5, ""true_no_upstream_url_evidence"": 3}",historical_lead_only,selected_unresolved_after_repair,
204820,OHIO UNIVERSITY-CHILLICOTHE BRANCH,public,OH,True,8,True,False,True,0,0,0,0,8,3,5,0,0,0,0,0,"{""historical_lead_only"": 3, ""true_no_upstream_url_evidence"": 5}",historical_lead_only,selected_unresolved_after_repair,
204839,OHIO UNIVERSITY-SOUTHERN CAMPUS,public,OH,True,8,True,False,True,0,0,0,0,8,3,5,0,0,0,0,0,"{""historical_lead_only"": 3, ""true_no_upstream_url_evidence"": 5}",historical_lead_only,selected_unresolved_after_repair,
204848,OHIO UNIVERSITY-LANCASTER BRANCH,public,OH,True,8,True,False,True,0,0,0,0,8,3,5,0,0,0,0,0,"{""historical_lead_only"": 3, ""true_no_upstream_url_evidence"": 5}",historical_lead_only,selected_unresolved_after_repair,
204857,OHIO UNIVERSITY-MAIN CAMPUS,public,OH,True,15,True,False,True,0,0,0,0,15,5,10,0,0,0,0,0,"{""historical_lead_only"": 5, ""true_no_upstream_url_evidence"": 10}",historical_lead_only,selected_unresolved_after_repair,
204866,OHIO UNIVERSITY-ZANESVILLE BRANCH,public,OH,True,8,True,False,True,0,0,0,0,8,3,5,0,0,0,0,0,"{""historical_lead_only"": 3, ""true_no_upstream_url_evidence"": 5}",historical_lead_only,selected_unresolved_after_repair,
206084,UNIVERSITY OF TOLEDO,public,OH,True,15,True,False,True,4,2,2,6,9,2,7,0,0,0,0,0,"{""accepted_source_row"": 6, ""historical_lead_only"": 2, ""true_no_upstream_url_evidence"": 7}",historical_lead_only,accepted_after_repair,validated_human_legacy
206604,WRIGHT STATE UNIVERSITY-MAIN CAMPUS,public,OH,True,15,True,False,True,5,1,1,6,9,8,1,0,0,0,0,0,"{""accepted_source_row"": 6, ""historical_lead_only"": 8, ""true_no_upstream_url_evidence"": 1}",historical_lead_only,accepted_after_repair,historical_lead; validated_human_legacy
207263,NORTHEASTERN STATE UNIVERSITY,public,OK,True,15,False,True,False,0,0,0,0,15,9,6,0,0,0,0,0,"{""historical_lead_only"": 9, ""true_no_upstream_url_evidence"": 6}",historical_lead_only,not_old_public_411_member,
207306,NORTHWESTERN OKLAHOMA STATE UNIVERSITY,public,OK,True,15,True,False,True,0,0,0,0,15,13,2,0,0,0,0,0,"{""historical_lead_only"": 13, ""true_no_upstream_url_evidence"": 2}",historical_lead_only,selected_unresolved_after_repair,
207661,ROGERS STATE UNIVERSITY,public,OK,True,15,True,False,True,2,0,0,2,13,2,11,0,0,0,0,0,"{""accepted_source_row"": 2, ""historical_lead_only"": 2, ""true_no_upstream_url_evidence"": 11}",historical_lead_only,accepted_after_repair,validated_human_legacy
210146,SOUTHERN OREGON UNIVERSITY,public,OR,True,15,True,False,True,8,1,1,9,6,6,0,0,0,0,0,0,"{""accepted_source_row"": 9, ""historical_lead_only"": 6}",historical_lead_only,accepted_after_repair,historical_lead; validated_human_legacy
212832,GWYNEDD MERCY COLLEGE,private,PA,True,15,False,True,False,1,0,0,1,14,1,13,0,0,0,0,0,"{""accepted_source_row"": 1, ""historical_lead_only"": 1, ""true_no_upstream_url_evidence"": 13}",historical_lead_only,not_old_public_411_member,unknown_or_current_only
218645,UNIVERSITY OF SOUTH CAROLINA AT AIKEN,public,SC,True,15,False,True,False,0,0,0,0,15,1,14,0,0,0,0,0,"{""historical_lead_only"": 1, ""true_no_upstream_url_evidence"": 14}",historical_lead_only,not_old_public_411_member,
220978,MIDDLE TENNESSEE STATE UNIVERSITY,public,TN,True,15,True,False,True,0,1,1,1,14,5,9,0,0,0,0,0,"{""accepted_source_row"": 1, ""historical_lead_only"": 5, ""true_no_upstream_url_evidence"": 9}",historical_lead_only,accepted_after_repair,validated_human_legacy
221759,THE UNIVERSITY OF TENNESSEE,public,TN,True,13,True,False,True,0,2,2,2,11,4,7,0,0,0,0,0,"{""accepted_source_row"": 2, ""historical_lead_only"": 4, ""true_no_upstream_url_evidence"": 7}",historical_lead_only,accepted_after_repair,validated_human_legacy
221953,TUSCULUM COLLEGE,private,TN,True,15,False,True,False,1,0,0,1,14,2,12,0,0,0,0,0,"{""accepted_source_row"": 1, ""historical_lead_only"": 2, ""true_no_upstream_url_evidence"": 12}",historical_lead_only,not_old_public_411_member,historical_lead
227377,THE UNIVERSITY OF TEXAS AT BROWNSVILLE,public,TX,True,8,False,True,False,0,0,0,0,8,7,1,0,0,0,0,0,"{""historical_lead_only"": 7, ""true_no_upstream_url_evidence"": 1}",historical_lead_only,not_old_public_411_member,
228714,TEXAS A & M UNIVERSITY-GALVESTON,public,TX,True,5,False,True,False,0,0,0,0,5,5,0,0,0,0,0,0,"{""historical_lead_only"": 5}",historical_lead_only,not_old_public_411_member,
228778,THE UNIVERSITY OF TEXAS AT AUSTIN,public,TX,True,15,False,True,False,0,0,0,0,15,15,0,0,0,0,0,0,"{""historical_lead_only"": 15}",historical_lead_only,not_old_public_411_member,
230913,JOHNSON STATE COLLEGE,public,VT,True,8,False,True,False,0,0,0,0,8,5,3,0,0,0,0,0,"{""historical_lead_only"": 5, ""true_no_upstream_url_evidence"": 3}",historical_lead_only,not_old_public_411_member,
233921,VIRGINIA POLYTECHNIC INSTITUTE AND STATE UNIV,public,VA,True,15,False,True,False,0,0,0,0,15,13,2,0,0,0,0,0,"{""historical_lead_only"": 13, ""true_no_upstream_url_evidence"": 2}",historical_lead_only,not_old_public_411_member,
234085,VIRGINIA MILITARY INSTITUTE,public,VA,True,15,False,True,False,5,0,0,5,10,7,3,0,0,0,0,0,"{""accepted_source_row"": 5, ""historical_lead_only"": 7, ""true_no_upstream_url_evidence"": 3}",historical_lead_only,not_old_public_411_member,historical_lead
235167,EVERGREEN STATE COLLEGE,public,WA,True,15,False,True,False,0,0,0,0,15,11,4,0,0,0,0,0,"{""historical_lead_only"": 11, ""true_no_upstream_url_evidence"": 4}",historical_lead_only,not_old_public_411_member,
236948,UNIVERSITY OF WASHINGTON-SEATTLE CAMPUS,public,WA,True,15,True,False,True,1,0,0,1,14,9,5,0,0,0,0,0,"{""accepted_source_row"": 1, ""historical_lead_only"": 9, ""true_no_upstream_url_evidence"": 5}",historical_lead_only,accepted_after_repair,validated_human_legacy
237011,WESTERN WASHINGTON UNIVERSITY,public,WA,True,15,True,False,True,7,0,0,7,8,8,0,0,0,0,0,0,"{""accepted_source_row"": 7, ""historical_lead_only"": 8}",historical_lead_only,accepted_after_repair,historical_lead
240365,UNIVERSITY OF WISCONSIN-OSHKOSH,public,WI,True,15,False,True,False,0,0,0,0,15,8,7,0,0,0,0,0,"{""historical_lead_only"": 8, ""true_no_upstream_url_evidence"": 7}",historical_lead_only,not_old_public_411_member,
240417,UNIVERSITY OF WISCONSIN-STOUT,public,WI,True,15,False,True,False,0,0,0,0,15,1,14,0,0,0,0,0,"{""historical_lead_only"": 1, ""true_no_upstream_url_evidence"": 14}",historical_lead_only,not_old_public_411_member,
240426,UNIVERSITY OF WISCONSIN-SUPERIOR,public,WI,True,15,False,True,False,0,0,0,0,15,5,10,0,0,0,0,0,"{""historical_lead_only"": 5, ""true_no_upstream_url_evidence"": 10}",historical_lead_only,not_old_public_411_member,
240444,UNIVERSITY OF WISCONSIN-MADISON,public,WI,True,15,False,True,False,0,0,0,0,15,15,0,0,0,0,0,0,"{""historical_lead_only"": 15}",historical_lead_only,not_old_public_411_member,
240453,UNIVERSITY OF WISCONSIN-MILWAUKEE,public,WI,True,15,False,True,False,0,0,0,0,15,15,0,0,0,0,0,0,"{""historical_lead_only"": 15}",historical_lead_only,not_old_public_411_member,
240480,UNIVERSITY OF WISCONSIN-STEVENS POINT,public,WI,True,15,False,True,False,0,0,0,0,15,12,3,0,0,0,0,0,"{""historical_lead_only"": 12, ""true_no_upstream_url_evidence"": 3}",historical_lead_only,not_old_public_411_member,
241766,CONSERVATORY OF MUSIC OF PUERTO RICO,public,PR,True,13,False,True,False,0,0,0,0,13,1,12,0,0,0,0,0,"{""historical_lead_only"": 1, ""true_no_upstream_url_evidence"": 12}",historical_lead_only,not_old_public_411_member,
241951,ESCUELA DE ARTES PLASTICAS DE PUERTO RICO,public,PR,True,9,False,True,False,0,0,0,0,9,1,8,0,0,0,0,0,"{""historical_lead_only"": 1, ""true_no_upstream_url_evidence"": 8}",historical_lead_only,not_old_public_411_member,
243133,UNIVERSITY OF PUERTO RICO-BAYAMON,public,PR,True,14,False,True,False,0,0,0,0,14,3,11,0,0,0,0,0,"{""historical_lead_only"": 3, ""true_no_upstream_url_evidence"": 11}",historical_lead_only,not_old_public_411_member,
243151,UNIVERSITY OF PUERTO RICO-CAYEY UNIVERSITY COLLEGE,public,PR,True,13,False,True,False,0,0,0,0,13,5,8,0,0,0,0,0,"{""historical_lead_only"": 5, ""true_no_upstream_url_evidence"": 8}",historical_lead_only,not_old_public_411_member,
243197,UNIVERSITY OF PUERTO RICO-MAYAGUEZ,public,PR,True,14,False,True,False,0,0,0,0,14,11,3,0,0,0,0,0,"{""historical_lead_only"": 11, ""true_no_upstream_url_evidence"": 3}",historical_lead_only,not_old_public_411_member,
377564,University of Washington-Tacoma Campus,public,WA,True,2,False,True,False,0,0,0,0,2,2,0,0,0,0,0,0,"{""historical_lead_only"": 2}",historical_lead_only,not_old_public_411_member,
430810,NEW HAMPSHIRE INSTITUTE OF ART,private,NH,True,10,False,True,False,0,0,0,0,10,10,0,0,0,0,0,0,"{""historical_lead_only"": 10}",historical_lead_only,not_old_public_411_member,
176017,UNIVERSITY OF MISSISSIPPI MAIN CAMPUS,public,MS,True,15,False,True,False,0,0,0,0,15,8,6,0,0,0,1,0,"{""historical_lead_only"": 8, ""no_materializable_row"": 1, ""true_no_upstream_url_evidence"": 6}",no_materializable_row,not_old_public_411_member,
180179,MONTANA STATE UNIVERSITY-BILLINGS,public,MT,True,15,False,True,False,4,0,0,4,11,5,0,0,0,0,6,0,"{""accepted_source_row"": 4, ""historical_lead_only"": 5, ""no_materializable_row"": 6}",no_materializable_row,not_old_public_411_member,historical_lead
215275,UNIVERSITY OF PITTSBURGH-GREENSBURG,public,PA,True,14,True,False,True,2,1,1,3,11,3,7,0,0,0,1,0,"{""accepted_source_row"": 3, ""historical_lead_only"": 3, ""no_materializable_row"": 1, ""true_no_upstream_url_evidence"": 7}",no_materializable_row,accepted_after_repair,validated_human_legacy
215284,UNIVERSITY OF PITTSBURGH-JOHNSTOWN,public,PA,True,14,True,False,True,2,1,1,3,11,1,9,0,0,0,1,0,"{""accepted_source_row"": 3, ""historical_lead_only"": 1, ""no_materializable_row"": 1, ""true_no_upstream_url_evidence"": 9}",no_materializable_row,accepted_after_repair,validated_human_legacy
232423,JAMES MADISON UNIVERSITY,public,VA,True,15,True,False,True,0,9,9,9,6,3,2,0,0,0,1,0,"{""accepted_source_row"": 9, ""historical_lead_only"": 3, ""no_materializable_row"": 1, ""true_no_upstream_url_evidence"": 2}",no_materializable_row,accepted_after_repair,prior_programmatic
107877,WILLIAMS BAPTIST COLLEGE,private,AR,True,15,False,True,False,0,0,0,0,15,0,10,0,0,5,0,0,"{""provenance_taxonomy_conflict"": 5, ""true_no_upstream_url_evidence"": 10}",provenance_taxonomy_conflict,not_old_public_411_member,
123280,SHASTA BIBLE COLLEGE,private,CA,True,9,False,True,False,5,0,0,5,4,0,3,0,0,1,0,0,"{""accepted_source_row"": 5, ""provenance_taxonomy_conflict"": 1, ""true_no_upstream_url_evidence"": 3}",provenance_taxonomy_conflict,not_old_public_411_member,historical_lead
132879,FLORIDA CHRISTIAN COLLEGE INC,private,FL,True,15,False,True,False,0,0,0,0,15,0,12,0,0,3,0,0,"{""provenance_taxonomy_conflict"": 3, ""true_no_upstream_url_evidence"": 12}",provenance_taxonomy_conflict,not_old_public_411_member,
146667,LINCOLN CHRISTIAN COLLEGE AND SEMINARY,private,IL,True,15,False,True,False,8,0,0,8,7,0,6,0,0,1,0,0,"{""accepted_source_row"": 8, ""provenance_taxonomy_conflict"": 1, ""true_no_upstream_url_evidence"": 6}",provenance_taxonomy_conflict,not_old_public_411_member,historical_lead
152567,TRI-STATE UNIVERSITY,private,IN,True,15,False,True,False,8,0,0,8,7,0,4,0,0,3,0,0,"{""accepted_source_row"": 8, ""provenance_taxonomy_conflict"": 3, ""true_no_upstream_url_evidence"": 4}",provenance_taxonomy_conflict,not_old_public_411_member,historical_lead
153834,LUTHER COLLEGE,private,IA,True,15,False,True,False,6,0,0,6,9,0,0,1,0,8,0,0,"{""accepted_source_row"": 6, ""candidate_retrieval_failure"": 1, ""provenance_taxonomy_conflict"": 8}",provenance_taxonomy_conflict,not_old_public_411_member,unknown_or_current_only
153861,MAHARISHI UNIVERSITY OF MANAGEMENT,private,IA,True,15,False,True,False,0,0,0,0,15,0,12,0,0,3,0,0,"{""provenance_taxonomy_conflict"": 3, ""true_no_upstream_url_evidence"": 12}",provenance_taxonomy_conflict,not_old_public_411_member,
163462,MOUNT SAINT MARYS COLLEGE,private,MD,True,15,False,True,False,0,0,0,0,15,0,10,0,0,5,0,0,"{""provenance_taxonomy_conflict"": 5, ""true_no_upstream_url_evidence"": 10}",provenance_taxonomy_conflict,not_old_public_411_member,
164632,BAY PATH COLLEGE,private,MA,True,15,False,True,False,3,0,0,3,12,0,11,0,0,1,0,0,"{""accepted_source_row"": 3, ""provenance_taxonomy_conflict"": 1, ""true_no_upstream_url_evidence"": 11}",provenance_taxonomy_conflict,not_old_public_411_member,historical_lead
165936,GORDON COLLEGE,private,MA,True,15,False,True,False,0,0,0,0,15,0,4,0,0,11,0,0,"{""provenance_taxonomy_conflict"": 11, ""true_no_upstream_url_evidence"": 4}",provenance_taxonomy_conflict,not_old_public_411_member,
174206,CROSSROADS COLLEGE,private,MN,True,8,False,True,False,0,0,0,0,8,0,0,0,0,8,0,0,"{""provenance_taxonomy_conflict"": 8}",provenance_taxonomy_conflict,not_old_public_411_member,
174932,COLLEGE OF VISUAL ARTS,private,MN,True,4,False,True,False,0,0,0,0,4,0,0,0,0,4,0,0,"{""provenance_taxonomy_conflict"": 4}",provenance_taxonomy_conflict,not_old_public_411_member,
175430,BLUE MOUNTAIN COLLEGE,private,MS,True,15,False,True,False,0,0,0,0,15,0,2,0,0,13,0,0,"{""provenance_taxonomy_conflict"": 13, ""true_no_upstream_url_evidence"": 2}",provenance_taxonomy_conflict,not_old_public_411_member,
176664,BAPTIST BIBLE COLLEGE AND GRADUATE SCHOOL,private,MO,True,15,False,True,False,0,0,0,0,15,0,7,0,0,8,0,0,"{""provenance_taxonomy_conflict"": 8, ""true_no_upstream_url_evidence"": 7}",provenance_taxonomy_conflict,not_old_public_411_member,
183974,CENTENARY COLLEGE,private,NJ,True,15,False,True,False,0,0,0,0,15,0,6,0,0,9,0,0,"{""provenance_taxonomy_conflict"": 9, ""true_no_upstream_url_evidence"": 6}",provenance_taxonomy_conflict,not_old_public_411_member,
190725,DAEMEN COLLEGE,private,NY,True,15,False,True,False,5,0,0,5,10,0,8,0,0,2,0,0,"{""accepted_source_row"": 5, ""provenance_taxonomy_conflict"": 2, ""true_no_upstream_url_evidence"": 8}",provenance_taxonomy_conflict,not_old_public_411_member,historical_lead; unknown_or_current_only
195526,SKIDMORE COLLEGE,private,NY,True,15,False,True,False,13,0,0,13,2,0,0,0,0,2,0,0,"{""accepted_source_row"": 13, ""provenance_taxonomy_conflict"": 2}",provenance_taxonomy_conflict,not_old_public_411_member,historical_lead
199458,ROANOKE BIBLE COLLEGE,private,NC,True,14,False,True,False,8,0,0,8,6,0,5,0,0,1,0,0,"{""accepted_source_row"": 8, ""provenance_taxonomy_conflict"": 1, ""true_no_upstream_url_evidence"": 5}",provenance_taxonomy_conflict,not_old_public_411_member,historical_lead
220516,KING COLLEGE,private,TN,True,15,False,True,False,7,0,0,7,8,0,7,0,0,1,0,0,"{""accepted_source_row"": 7, ""provenance_taxonomy_conflict"": 1, ""true_no_upstream_url_evidence"": 7}",provenance_taxonomy_conflict,not_old_public_411_member,historical_lead
227863,UNIVERSITY OF ST THOMAS,private,TX,True,15,False,True,False,14,0,0,14,1,0,0,0,0,1,0,0,"{""accepted_source_row"": 14, ""provenance_taxonomy_conflict"": 1}",provenance_taxonomy_conflict,not_old_public_411_member,historical_lead; unknown_or_current_only
228325,SOUTHWESTERN ASSEMBLIES OF GOD UNIVERSITY,private,TX,True,15,False,True,False,0,0,0,0,15,0,8,0,0,7,0,0,"{""provenance_taxonomy_conflict"": 7, ""true_no_upstream_url_evidence"": 8}",provenance_taxonomy_conflict,not_old_public_411_member,
239743,SILVER LAKE COLLEGE,private,WI,True,12,False,True,False,0,0,0,0,12,0,0,0,0,12,0,0,"{""provenance_taxonomy_conflict"": 12}",provenance_taxonomy_conflict,not_old_public_411_member,
439701,King's College and Seminary,private,CA,True,7,False,True,False,0,0,0,0,7,0,2,0,0,5,0,0,"{""provenance_taxonomy_conflict"": 5, ""true_no_upstream_url_evidence"": 2}",provenance_taxonomy_conflict,not_old_public_411_member,
443049,FAITH EVANGELICAL LUTHERAN SEMINARY,private,WA,True,11,False,True,False,0,0,0,0,11,0,8,0,0,3,0,0,"{""provenance_taxonomy_conflict"": 3, ""true_no_upstream_url_evidence"": 8}",provenance_taxonomy_conflict,not_old_public_411_member,
447953,School of Urban Missions,private,CA,True,8,False,True,False,0,0,0,0,8,0,0,0,0,8,0,0,"{""provenance_taxonomy_conflict"": 8}",provenance_taxonomy_conflict,not_old_public_411_member,
199184,NORTH CAROLINA SCHOOL OF THE ARTS,public,NC,True,15,True,False,False,0,0,0,0,15,11,2,0,2,0,0,0,"{""historical_lead_only"": 11, ""source_review_rejected_insufficient_evidence"": 2, ""true_no_upstream_url_evidence"": 2}",source_review_rejected_insufficient_evidence,not_old_public_411_member,
211158,BLOOMSBURG UNIVERSITY OF PENNSYLVANIA,public,PA,True,14,False,True,False,4,0,0,4,10,0,1,5,4,0,0,0,"{""accepted_source_row"": 4, ""candidate_retrieval_failure"": 5, ""source_review_rejected_insufficient_evidence"": 4, ""true_no_upstream_url_evidence"": 1}",source_review_rejected_insufficient_evidence,not_old_public_411_member,historical_lead
110574,CALIFORNIA STATE UNIVERSITY-HAYWARD,public,CA,True,15,True,False,True,2,11,11,13,2,0,0,0,2,0,0,0,"{""accepted_source_row"": 13, ""source_review_rejected_wrong_institution"": 2}",source_review_rejected_wrong_institution,accepted_after_repair,prior_programmatic; validated_human_legacy
128106,UNIVERSITY OF SOUTHERN COLORADO,public,CO,True,15,True,False,True,0,14,14,14,1,0,0,0,1,0,0,0,"{""accepted_source_row"": 14, ""source_review_rejected_wrong_institution"": 1}",source_review_rejected_wrong_institution,accepted_after_repair,prior_programmatic
139366,COLUMBUS STATE UNIVERSITY,public,GA,True,15,True,False,True,0,0,0,0,15,0,0,0,15,0,0,0,"{""source_review_rejected_wrong_institution"": 15}",source_review_rejected_wrong_institution,selected_unresolved_after_repair,
139931,GEORGIA SOUTHERN UNIVERSITY,public,GA,True,15,True,False,True,0,3,3,3,12,0,0,0,12,0,0,0,"{""accepted_source_row"": 3, ""source_review_rejected_wrong_institution"": 12}",source_review_rejected_wrong_institution,accepted_after_repair,prior_programmatic
169479,DAVENPORT UNIVERSITY-GRAND RAPIDS CAMPUS,private,MI,True,15,True,False,False,0,1,1,1,14,0,3,8,3,0,0,0,"{""accepted_source_row"": 1, ""candidate_retrieval_failure"": 8, ""source_review_rejected_wrong_institution"": 3, ""true_no_upstream_url_evidence"": 3}",source_review_rejected_wrong_institution,not_old_public_411_member,validated_human_legacy
174491,NORTHWESTERN COLLEGE,private,MN,True,15,True,False,False,4,0,0,4,11,0,7,0,4,0,0,0,"{""accepted_source_row"": 4, ""source_review_rejected_wrong_institution"": 4, ""true_no_upstream_url_evidence"": 7}",source_review_rejected_wrong_institution,not_old_public_411_member,unknown_or_current_only; validated_human_legacy
190558,CUNY COLLEGE OF STATEN ISLAND,public,NY,True,15,True,False,True,0,0,0,0,15,0,0,7,8,0,0,0,"{""candidate_retrieval_failure"": 7, ""source_review_rejected_wrong_institution"": 8}",source_review_rejected_wrong_institution,selected_unresolved_after_repair,
194569,PRACTICAL BIBLE COLLEGE,private,NY,True,15,False,True,False,13,0,0,13,2,0,0,0,2,0,0,0,"{""accepted_source_row"": 13, ""source_review_rejected_wrong_institution"": 2}",source_review_rejected_wrong_institution,not_old_public_411_member,validated_human_legacy
214069,COLLEGE MISERICORDIA,private,PA,True,15,True,False,False,9,0,0,9,6,0,2,0,4,0,0,0,"{""accepted_source_row"": 9, ""source_review_rejected_wrong_institution"": 4, ""true_no_upstream_url_evidence"": 2}",source_review_rejected_wrong_institution,not_old_public_411_member,validated_human_legacy
482149,Georgia Regents University,public,GA,True,4,True,False,False,2,0,0,2,2,0,0,0,2,0,0,0,"{""accepted_source_row"": 2, ""source_review_rejected_wrong_institution"": 2}",source_review_rejected_wrong_institution,not_old_public_411_member,prior_programmatic
130253,SACRED HEART UNIVERSITY,private,CT,True,15,True,False,False,13,0,0,13,2,0,1,0,1,0,0,0,"{""accepted_source_row"": 13, ""source_review_rejected_wrong_scope_or_year"": 1, ""true_no_upstream_url_evidence"": 1}",source_review_rejected_wrong_scope_or_year,not_old_public_411_member,validated_human_legacy
159717,MCNEESE STATE UNIVERSITY,public,LA,True,15,True,False,True,0,0,0,0,15,0,6,0,9,0,0,0,"{""source_review_rejected_wrong_scope_or_year"": 9, ""true_no_upstream_url_evidence"": 6}",source_review_rejected_wrong_scope_or_year,selected_unresolved_after_repair,
161518,SAINT JOSEPHS COLLEGE,private,ME,True,15,True,False,False,0,0,0,0,15,0,9,0,6,0,0,0,"{""source_review_rejected_wrong_scope_or_year"": 6, ""true_no_upstream_url_evidence"": 9}",source_review_rejected_wrong_scope_or_year,not_old_public_411_member,
175342,ALCORN STATE UNIVERSITY,public,MS,True,15,False,True,False,0,3,3,3,12,4,6,0,2,0,0,0,"{""accepted_source_row"": 3, ""historical_lead_only"": 4, ""source_review_rejected_wrong_scope_or_year"": 2, ""true_no_upstream_url_evidence"": 6}",source_review_rejected_wrong_scope_or_year,not_old_public_411_member,prior_programmatic
229027,THE UNIVERSITY OF TEXAS AT SAN ANTONIO,public,TX,True,15,True,False,True,0,0,0,0,15,0,10,0,5,0,0,0,"{""source_review_rejected_wrong_scope_or_year"": 5, ""true_no_upstream_url_evidence"": 10}",source_review_rejected_wrong_scope_or_year,selected_unresolved_after_repair,
237792,SHEPHERD COLLEGE,public,WV,True,15,True,False,True,0,1,1,1,14,1,11,0,2,0,0,0,"{""accepted_source_row"": 1, ""historical_lead_only"": 1, ""source_review_rejected_wrong_scope_or_year"": 2, ""true_no_upstream_url_evidence"": 11}",source_review_rejected_wrong_scope_or_year,accepted_after_repair,validated_human_legacy
100690,SOUTHERN CHRISTIAN UNIVERSITY,private,AL,True,7,False,True,False,0,0,0,0,7,0,7,0,0,0,0,0,"{""true_no_upstream_url_evidence"": 7}",true_no_upstream_url_evidence,not_old_public_411_member,
100858,AUBURN UNIVERSITY MAIN CAMPUS,public,AL,True,15,True,False,True,0,5,5,5,10,0,10,0,0,0,0,0,"{""accepted_source_row"": 5, ""true_no_upstream_url_evidence"": 10}",true_no_upstream_url_evidence,accepted_after_repair,prior_programmatic
101073,CONCORDIA COLLEGE,private,AL,True,8,False,True,False,0,0,0,0,8,0,8,0,0,0,0,0,"{""true_no_upstream_url_evidence"": 8}",true_no_upstream_url_evidence,not_old_public_411_member,
101189,FAULKNER UNIVERSITY,private,AL,True,15,False,True,False,9,0,0,9,6,0,6,0,0,0,0,0,"{""accepted_source_row"": 9, ""true_no_upstream_url_evidence"": 6}",true_no_upstream_url_evidence,not_old_public_411_member,historical_lead; unknown_or_current_only
102270,STILLMAN COLLEGE,private,AL,True,15,True,False,False,1,0,0,1,14,0,14,0,0,0,0,0,"{""accepted_source_row"": 1, ""true_no_upstream_url_evidence"": 14}",true_no_upstream_url_evidence,not_old_public_411_member,validated_human_legacy
102669,ALASKA PACIFIC UNIVERSITY,private,AK,True,15,False,True,False,0,7,7,7,8,0,8,0,0,0,0,0,"{""accepted_source_row"": 7, ""true_no_upstream_url_evidence"": 8}",true_no_upstream_url_evidence,not_old_public_411_member,prior_programmatic
105899,SOUTHWESTERN CONSERVATIVE BAPTIST BIBLE COLLEGE,private,AZ,True,13,False,True,False,0,0,0,0,13,0,13,0,0,0,0,0,"{""true_no_upstream_url_evidence"": 13}",true_no_upstream_url_evidence,not_old_public_411_member,
106306,ARKANSAS BAPTIST COLLEGE,private,AR,True,8,True,False,False,0,0,0,0,8,0,8,0,0,0,0,0,"{""true_no_upstream_url_evidence"": 8}",true_no_upstream_url_evidence,not_old_public_411_member,
106467,ARKANSAS TECH UNIVERSITY,public,AR,True,15,True,False,True,0,14,14,14,1,0,1,0,0,0,0,0,"{""accepted_source_row"": 14, ""true_no_upstream_url_evidence"": 1}",true_no_upstream_url_evidence,accepted_after_repair,prior_programmatic
106485,UNIVERSITY OF ARKANSAS AT MONTICELLO,public,AR,True,15,True,False,True,5,0,0,5,10,0,10,0,0,0,0,0,"{""accepted_source_row"": 5, ""true_no_upstream_url_evidence"": 10}",true_no_upstream_url_evidence,accepted_after_repair,historical_lead; validated_human_legacy
107512,OUACHITA BAPTIST UNIVERSITY,private,AR,True,15,False,True,False,11,0,0,11,4,0,4,0,0,0,0,0,"{""accepted_source_row"": 11, ""true_no_upstream_url_evidence"": 4}",true_no_upstream_url_evidence,not_old_public_411_member,historical_lead
110051,BETHANY COLLEGE OF THE ASSEMBLIES OF GOD,private,CA,True,3,False,True,False,0,0,0,0,3,0,3,0,0,0,0,0,"{""true_no_upstream_url_evidence"": 3}",true_no_upstream_url_evidence,not_old_public_411_member,
110413,CALIFORNIA LUTHERAN UNIVERSITY,private,CA,True,15,False,True,False,4,0,0,4,11,0,11,0,0,0,0,0,"{""accepted_source_row"": 4, ""true_no_upstream_url_evidence"": 11}",true_no_upstream_url_evidence,not_old_public_411_member,historical_lead
110486,CALIFORNIA STATE UNIVERSITY-BAKERSFIELD,public,CA,True,15,True,False,True,0,14,14,14,1,0,1,0,0,0,0,0,"{""accepted_source_row"": 14, ""true_no_upstream_url_evidence"": 1}",true_no_upstream_url_evidence,accepted_after_repair,prior_programmatic
110538,CALIFORNIA STATE UNIVERSITY-CHICO,public,CA,True,15,True,False,True,6,2,2,8,7,0,7,0,0,0,0,0,"{""accepted_source_row"": 8, ""true_no_upstream_url_evidence"": 7}",true_no_upstream_url_evidence,accepted_after_repair,prior_programmatic; validated_human_legacy
110635,UNIVERSITY OF CALIFORNIA-BERKELEY,public,CA,True,8,False,True,False,0,0,0,0,8,0,8,0,0,0,0,0,"{""true_no_upstream_url_evidence"": 8}",true_no_upstream_url_evidence,not_old_public_411_member,
110714,UNIVERSITY OF CALIFORNIA-SANTA CRUZ,public,CA,True,8,True,False,True,7,0,0,7,1,0,1,0,0,0,0,0,"{""accepted_source_row"": 7, ""true_no_upstream_url_evidence"": 1}",true_no_upstream_url_evidence,accepted_after_repair,historical_lead; validated_human_legacy
112075,CONCORDIA UNIVERSITY,private,CA,True,15,False,True,False,12,0,0,12,3,0,3,0,0,0,0,0,"{""accepted_source_row"": 12, ""true_no_upstream_url_evidence"": 3}",true_no_upstream_url_evidence,not_old_public_411_member,historical_lead; unknown_or_current_only
112312,CLEVELAND CHIROPRACTIC COLLEGE OF LOS ANGELES,private,CA,True,2,False,True,False,0,0,0,0,2,0,2,0,0,0,0,0,"{""true_no_upstream_url_evidence"": 2}",true_no_upstream_url_evidence,not_old_public_411_member,
113698,DOMINICAN UNIVERSITY OF CALIFORNIA,private,CA,True,15,False,True,False,3,0,0,3,12,0,12,0,0,0,0,0,"{""accepted_source_row"": 3, ""true_no_upstream_url_evidence"": 12}",true_no_upstream_url_evidence,not_old_public_411_member,unknown_or_current_only
114813,FRESNO PACIFIC UNIVERSITY,private,CA,True,15,True,False,False,1,0,0,1,14,0,14,0,0,0,0,0,"{""accepted_source_row"": 1, ""true_no_upstream_url_evidence"": 14}",true_no_upstream_url_evidence,not_old_public_411_member,validated_human_legacy
117557,LINCOLN UNIVERSITY,private,CA,True,9,False,True,False,8,0,0,8,1,0,1,0,0,0,0,0,"{""accepted_source_row"": 8, ""true_no_upstream_url_evidence"": 1}",true_no_upstream_url_evidence,not_old_public_411_member,historical_lead; unknown_or_current_only
117627,LA SIERRA UNIVERSITY,private,CA,True,15,False,True,False,0,0,0,0,15,0,15,0,0,0,0,0,"{""true_no_upstream_url_evidence"": 15}",true_no_upstream_url_evidence,not_old_public_411_member,
117751,THE MASTER'S COLLEGE AND SEMINARY,private,CA,True,15,True,False,False,0,0,0,0,15,0,15,0,0,0,0,0,"{""true_no_upstream_url_evidence"": 15}",true_no_upstream_url_evidence,not_old_public_411_member,
118541,Marymount College,private,CA,True,6,False,True,False,5,0,0,5,1,0,1,0,0,0,0,0,"{""accepted_source_row"": 5, ""true_no_upstream_url_evidence"": 1}",true_no_upstream_url_evidence,not_old_public_411_member,historical_lead; unknown_or_current_only
120403,OTIS COLLEGE OF ART AND DESIGN,private,CA,True,15,True,False,False,13,0,0,13,2,0,2,0,0,0,0,0,"{""accepted_source_row"": 13, ""true_no_upstream_url_evidence"": 2}",true_no_upstream_url_evidence,not_old_public_411_member,unknown_or_current_only; validated_human_legacy
120865,PACIFIC UNION COLLEGE,private,CA,True,15,False,True,False,1,0,0,1,14,0,14,0,0,0,0,0,"{""accepted_source_row"": 1, ""true_no_upstream_url_evidence"": 14}",true_no_upstream_url_evidence,not_old_public_411_member,historical_lead
121257,PITZER COLLEGE,private,CA,True,15,True,False,False,0,0,0,0,15,0,15,0,0,0,0,0,"{""true_no_upstream_url_evidence"": 15}",true_no_upstream_url_evidence,not_old_public_411_member,
121345,POMONA COLLEGE,private,CA,True,15,False,True,False,6,0,0,6,9,0,9,0,0,0,0,0,"{""accepted_source_row"": 6, ""true_no_upstream_url_evidence"": 9}",true_no_upstream_url_evidence,not_old_public_411_member,historical_lead
122296,SAMUEL MERRITT COLLEGE,private,CA,True,3,False,True,False,0,0,0,0,3,0,3,0,0,0,0,0,"{""true_no_upstream_url_evidence"": 3}",true_no_upstream_url_evidence,not_old_public_411_member,
122436,UNIVERSITY OF SAN DIEGO,private,CA,True,15,True,False,False,13,0,0,13,2,0,2,0,0,0,0,0,"{""accepted_source_row"": 13, ""true_no_upstream_url_evidence"": 2}",true_no_upstream_url_evidence,not_old_public_411_member,validated_human_legacy
122728,SAN JOSE CHRISTIAN COLLEGE,private,CA,True,15,False,True,False,13,0,0,13,2,0,2,0,0,0,0,0,"{""accepted_source_row"": 13, ""true_no_upstream_url_evidence"": 2}",true_no_upstream_url_evidence,not_old_public_411_member,historical_lead
123457,SIMPSON COLLEGE,private,CA,True,15,False,True,False,4,0,0,4,11,0,11,0,0,0,0,0,"{""accepted_source_row"": 4, ""true_no_upstream_url_evidence"": 11}",true_no_upstream_url_evidence,not_old_public_411_member,historical_lead
123651,VANGUARD UNIVERSITY OF SOUTHERN CALIFORNIA,private,CA,True,15,True,False,False,0,0,0,0,15,0,15,0,0,0,0,0,"{""true_no_upstream_url_evidence"": 15}",true_no_upstream_url_evidence,not_old_public_411_member,
124487,TRINITY LIFE BIBLE COLLEGE,private,CA,True,5,False,True,False,0,0,0,0,5,0,5,0,0,0,0,0,"{""true_no_upstream_url_evidence"": 5}",true_no_upstream_url_evidence,not_old_public_411_member,
125897,WOODBURY UNIVERSITY,private,CA,True,15,False,True,False,0,0,0,0,15,0,15,0,0,0,0,0,"{""true_no_upstream_url_evidence"": 15}",true_no_upstream_url_evidence,not_old_public_411_member,
126669,COLORADO CHRISTIAN UNIVERSITY,private,CO,True,15,True,False,False,0,0,0,0,15,0,15,0,0,0,0,0,"{""true_no_upstream_url_evidence"": 15}",true_no_upstream_url_evidence,not_old_public_411_member,
128328,UNITED STATES AIR FORCE ACADEMY,public,CO,True,6,True,False,True,0,0,0,0,6,0,6,0,0,0,0,0,"{""true_no_upstream_url_evidence"": 6}",true_no_upstream_url_evidence,selected_unresolved_after_repair,
128391,WESTERN STATE COLLEGE OF COLORADO,public,CO,True,15,False,True,False,0,0,0,0,15,0,15,0,0,0,0,0,"{""true_no_upstream_url_evidence"": 15}",true_no_upstream_url_evidence,not_old_public_411_member,
129534,Holy Apostles College and Seminary,private,CT,True,5,False,True,False,1,0,0,1,4,0,4,0,0,0,0,0,"{""accepted_source_row"": 1, ""true_no_upstream_url_evidence"": 4}",true_no_upstream_url_evidence,not_old_public_411_member,historical_lead
130493,SOUTHERN CONNECTICUT STATE UNIVERSITY,public,CT,True,15,True,False,True,11,0,0,11,4,0,4,0,0,0,0,0,"{""accepted_source_row"": 11, ""true_no_upstream_url_evidence"": 4}",true_no_upstream_url_evidence,accepted_after_repair,historical_lead; validated_human_legacy
130697,WESLEYAN UNIVERSITY,private,CT,True,15,True,False,False,10,0,0,10,5,0,5,0,0,0,0,0,"{""accepted_source_row"": 10, ""true_no_upstream_url_evidence"": 5}",true_no_upstream_url_evidence,not_old_public_411_member,historical_lead
130776,WESTERN CONNECTICUT STATE UNIVERSITY,public,CT,True,15,True,False,True,0,7,7,7,8,0,8,0,0,0,0,0,"{""accepted_source_row"": 7, ""true_no_upstream_url_evidence"": 8}",true_no_upstream_url_evidence,accepted_after_repair,prior_programmatic; validated_human_legacy
130794,YALE UNIVERSITY,private,CT,True,15,True,False,False,11,0,0,11,4,0,4,0,0,0,0,0,"{""accepted_source_row"": 11, ""true_no_upstream_url_evidence"": 4}",true_no_upstream_url_evidence,not_old_public_411_member,unknown_or_current_only; validated_human_legacy
130934,DELAWARE STATE UNIVERSITY,public,DE,True,15,True,False,True,0,5,5,5,10,0,10,0,0,0,0,0,"{""accepted_source_row"": 5, ""true_no_upstream_url_evidence"": 10}",true_no_upstream_url_evidence,accepted_after_repair,prior_programmatic; validated_human_legacy
133492,ECKERD COLLEGE,private,FL,True,15,True,False,False,0,13,13,13,2,0,2,0,0,0,0,0,"{""accepted_source_row"": 13, ""true_no_upstream_url_evidence"": 2}",true_no_upstream_url_evidence,not_old_public_411_member,validated_human_legacy
133669,FLORIDA ATLANTIC UNIVERSITY-BOCA RATON,public,FL,True,15,True,False,True,0,0,0,0,15,0,15,0,0,0,0,0,"{""true_no_upstream_url_evidence"": 15}",true_no_upstream_url_evidence,selected_unresolved_after_repair,
133711,FLAGLER COLLEGE,private,FL,True,15,False,True,False,6,0,0,6,9,0,9,0,0,0,0,0,"{""accepted_source_row"": 6, ""true_no_upstream_url_evidence"": 9}",true_no_upstream_url_evidence,not_old_public_411_member,historical_lead
133809,FLORIDA COLLEGE,private,FL,True,15,False,True,False,9,0,0,9,6,0,6,0,0,0,0,0,"{""accepted_source_row"": 9, ""true_no_upstream_url_evidence"": 6}",true_no_upstream_url_evidence,not_old_public_411_member,historical_lead
135364,Luther Rice University,private,GA,True,5,False,True,False,2,0,0,2,3,0,3,0,0,0,0,0,"{""accepted_source_row"": 2, ""true_no_upstream_url_evidence"": 3}",true_no_upstream_url_evidence,not_old_public_411_member,historical_lead
137272,SAINT JOHN VIANNEY COLLEGE SEMINARY,private,FL,True,15,False,True,False,0,0,0,0,15,0,15,0,0,0,0,0,"{""true_no_upstream_url_evidence"": 15}",true_no_upstream_url_evidence,not_old_public_411_member,
137476,SAINT THOMAS UNIVERSITY,private,FL,True,15,True,False,False,5,0,0,5,10,0,10,0,0,0,0,0,"{""accepted_source_row"": 5, ""true_no_upstream_url_evidence"": 10}",true_no_upstream_url_evidence,not_old_public_411_member,validated_human_legacy
138293,WEBBER INTERNATIONAL UNIVERSITY,private,FL,True,15,False,True,False,3,0,0,3,12,0,12,0,0,0,0,0,"{""accepted_source_row"": 3, ""true_no_upstream_url_evidence"": 12}",true_no_upstream_url_evidence,not_old_public_411_member,historical_lead; unknown_or_current_only
138558,Abraham Baldwin Agricultural College,public,GA,True,9,True,False,False,0,1,1,1,8,0,8,0,0,0,0,0,"{""accepted_source_row"": 1, ""true_no_upstream_url_evidence"": 8}",true_no_upstream_url_evidence,not_old_public_411_member,validated_human_legacy
138600,AGNES SCOTT COLLEGE,private,GA,True,15,False,True,False,0,0,0,0,15,0,15,0,0,0,0,0,"{""true_no_upstream_url_evidence"": 15}",true_no_upstream_url_evidence,not_old_public_411_member,
139153,BEULAH HEIGHTS BIBLE COLLEGE,private,GA,True,7,False,True,False,1,0,0,1,6,0,6,0,0,0,0,0,"{""accepted_source_row"": 1, ""true_no_upstream_url_evidence"": 6}",true_no_upstream_url_evidence,not_old_public_411_member,unknown_or_current_only
139393,COVENANT COLLEGE,private,GA,True,15,True,False,False,3,0,0,3,12,0,12,0,0,0,0,0,"{""accepted_source_row"": 3, ""true_no_upstream_url_evidence"": 12}",true_no_upstream_url_evidence,not_old_public_411_member,prior_programmatic; validated_human_legacy
139463,DALTON STATE COLLEGE,public,GA,True,14,True,False,False,4,2,2,6,8,0,8,0,0,0,0,0,"{""accepted_source_row"": 6, ""true_no_upstream_url_evidence"": 8}",true_no_upstream_url_evidence,not_old_public_411_member,prior_programmatic; validated_human_legacy
139755,GEORGIA INSTITUTE OF TECHNOLOGY-MAIN CAMPUS,public,GA,True,15,True,False,True,11,0,0,11,4,0,4,0,0,0,0,0,"{""accepted_source_row"": 11, ""true_no_upstream_url_evidence"": 4}",true_no_upstream_url_evidence,accepted_after_repair,prior_programmatic; validated_human_legacy
139764,GEORGIA SOUTHWESTERN STATE UNIVERSITY,public,GA,True,15,True,False,True,2,0,0,2,13,0,13,0,0,0,0,0,"{""accepted_source_row"": 2, ""true_no_upstream_url_evidence"": 13}",true_no_upstream_url_evidence,accepted_after_repair,validated_human_legacy
140234,LAGRANGE COLLEGE,private,GA,True,15,False,True,False,6,0,0,6,9,0,9,0,0,0,0,0,"{""accepted_source_row"": 6, ""true_no_upstream_url_evidence"": 9}",true_no_upstream_url_evidence,not_old_public_411_member,historical_lead
140553,MOREHOUSE COLLEGE,private,GA,True,15,False,True,False,0,0,0,0,15,0,15,0,0,0,0,0,"{""true_no_upstream_url_evidence"": 15}",true_no_upstream_url_evidence,not_old_public_411_member,
140696,OGLETHORPE UNIVERSITY,private,GA,True,15,True,False,False,5,0,0,5,10,0,10,0,0,0,0,0,"{""accepted_source_row"": 5, ""true_no_upstream_url_evidence"": 10}",true_no_upstream_url_evidence,not_old_public_411_member,validated_human_legacy
140872,REINHARDT COLLEGE,private,GA,True,14,True,False,False,0,0,0,0,14,0,14,0,0,0,0,0,"{""true_no_upstream_url_evidence"": 14}",true_no_upstream_url_evidence,not_old_public_411_member,
140988,SHORTER COLLEGE,private,GA,True,15,False,True,False,7,0,0,7,8,0,8,0,0,0,0,0,"{""accepted_source_row"": 7, ""true_no_upstream_url_evidence"": 8}",true_no_upstream_url_evidence,not_old_public_411_member,historical_lead; unknown_or_current_only
141185,TOCCOA FALLS COLLEGE,private,GA,True,15,False,True,False,4,0,0,4,11,0,11,0,0,0,0,0,"{""accepted_source_row"": 4, ""true_no_upstream_url_evidence"": 11}",true_no_upstream_url_evidence,not_old_public_411_member,historical_lead; unknown_or_current_only
141334,STATE UNIVERSITY OF WEST GEORGIA,public,GA,True,15,True,False,True,3,0,0,3,12,0,12,0,0,0,0,0,"{""accepted_source_row"": 3, ""true_no_upstream_url_evidence"": 12}",true_no_upstream_url_evidence,accepted_after_repair,historical_lead; validated_human_legacy
141981,University of Hawaii-West Oahu,public,HI,True,8,True,False,False,5,0,0,5,3,0,3,0,0,0,0,0,"{""accepted_source_row"": 5, ""true_no_upstream_url_evidence"": 3}",true_no_upstream_url_evidence,not_old_public_411_member,historical_lead; validated_human_legacy
142090,BOISE BIBLE COLLEGE,private,ID,True,15,False,True,False,14,0,0,14,1,0,1,0,0,0,0,0,"{""accepted_source_row"": 14, ""true_no_upstream_url_evidence"": 1}",true_no_upstream_url_evidence,not_old_public_411_member,historical_lead; unknown_or_current_only
142276,IDAHO STATE UNIVERSITY,public,ID,True,15,True,False,True,9,0,0,9,6,0,6,0,0,0,0,0,"{""accepted_source_row"": 9, ""true_no_upstream_url_evidence"": 6}",true_no_upstream_url_evidence,accepted_after_repair,historical_lead; prior_programmatic; validated_human_legacy
143084,AUGUSTANA COLLEGE,private,IL,True,15,False,True,False,7,0,0,7,8,0,8,0,0,0,0,0,"{""accepted_source_row"": 7, ""true_no_upstream_url_evidence"": 8}",true_no_upstream_url_evidence,not_old_public_411_member,historical_lead
143118,AURORA UNIVERSITY,private,IL,True,15,False,True,False,0,0,0,0,15,0,15,0,0,0,0,0,"{""true_no_upstream_url_evidence"": 15}",true_no_upstream_url_evidence,not_old_public_411_member,
143288,BLACKBURN COLLEGE,private,IL,True,15,False,True,False,0,0,0,0,15,0,15,0,0,0,0,0,"{""true_no_upstream_url_evidence"": 15}",true_no_upstream_url_evidence,not_old_public_411_member,
143358,BRADLEY UNIVERSITY,private,IL,True,15,True,False,False,0,0,0,0,15,0,15,0,0,0,0,0,"{""true_no_upstream_url_evidence"": 15}",true_no_upstream_url_evidence,not_old_public_411_member,
144351,CONCORDIA UNIVERSITY,private,IL,True,15,True,False,False,8,0,0,8,7,0,7,0,0,0,0,0,"{""accepted_source_row"": 8, ""true_no_upstream_url_evidence"": 7}",true_no_upstream_url_evidence,not_old_public_411_member,validated_human_legacy
144962,ELMHURST COLLEGE,private,IL,True,15,True,False,False,3,0,0,3,12,0,12,0,0,0,0,0,"{""accepted_source_row"": 3, ""true_no_upstream_url_evidence"": 12}",true_no_upstream_url_evidence,not_old_public_411_member,validated_human_legacy
145497,HEBREW THEOLOGICAL COLLEGE,private,IL,True,15,False,True,False,0,0,0,0,15,0,15,0,0,0,0,0,"{""true_no_upstream_url_evidence"": 15}",true_no_upstream_url_evidence,not_old_public_411_member,
145691,ILLINOIS COLLEGE,private,IL,True,15,False,True,False,4,0,0,4,11,0,11,0,0,0,0,0,"{""accepted_source_row"": 4, ""true_no_upstream_url_evidence"": 11}",true_no_upstream_url_evidence,not_old_public_411_member,historical_lead
145813,ILLINOIS STATE UNIVERSITY,public,IL,True,15,True,False,True,0,13,13,13,2,0,2,0,0,0,0,0,"{""accepted_source_row"": 13, ""true_no_upstream_url_evidence"": 2}",true_no_upstream_url_evidence,accepted_after_repair,prior_programmatic; validated_human_legacy
147244,MILLIKIN UNIVERSITY,private,IL,True,15,True,False,False,12,0,0,12,3,0,3,0,0,0,0,0,"{""accepted_source_row"": 12, ""true_no_upstream_url_evidence"": 3}",true_no_upstream_url_evidence,not_old_public_411_member,validated_human_legacy
147679,NORTH PARK UNIVERSITY,private,IL,True,15,False,True,False,12,0,0,12,3,0,3,0,0,0,0,0,"{""accepted_source_row"": 12, ""true_no_upstream_url_evidence"": 3}",true_no_upstream_url_evidence,not_old_public_411_member,historical_lead; unknown_or_current_only
147703,NORTHERN ILLINOIS UNIVERSITY,public,IL,True,15,True,False,True,11,0,0,11,4,0,4,0,0,0,0,0,"{""accepted_source_row"": 11, ""true_no_upstream_url_evidence"": 4}",true_no_upstream_url_evidence,accepted_after_repair,historical_lead; validated_human_legacy
147828,OLIVET NAZARENE UNIVERSITY,private,IL,True,15,True,False,False,4,0,0,4,11,0,11,0,0,0,0,0,"{""accepted_source_row"": 4, ""true_no_upstream_url_evidence"": 11}",true_no_upstream_url_evidence,not_old_public_411_member,validated_human_legacy
148405,ROCKFORD COLLEGE,private,IL,True,15,False,True,False,8,0,0,8,7,0,7,0,0,0,0,0,"{""accepted_source_row"": 8, ""true_no_upstream_url_evidence"": 7}",true_no_upstream_url_evidence,not_old_public_411_member,historical_lead
148487,ROOSEVELT UNIVERSITY,private,IL,True,15,True,False,False,0,0,0,0,15,0,15,0,0,0,0,0,"{""true_no_upstream_url_evidence"": 15}",true_no_upstream_url_evidence,not_old_public_411_member,
148584,UNIVERSITY OF ST FRANCIS,private,IL,True,15,False,True,False,0,0,0,0,15,0,15,0,0,0,0,0,"{""true_no_upstream_url_evidence"": 15}",true_no_upstream_url_evidence,not_old_public_411_member,
148849,SHIMER COLLEGE,private,IL,True,9,False,True,False,0,0,0,0,9,0,9,0,0,0,0,0,"{""true_no_upstream_url_evidence"": 9}",true_no_upstream_url_evidence,not_old_public_411_member,
149514,TRINITY INTERNATIONAL UNIVERSITY,private,IL,True,15,True,False,False,1,0,0,1,14,0,14,0,0,0,0,0,"{""accepted_source_row"": 1, ""true_no_upstream_url_evidence"": 14}",true_no_upstream_url_evidence,not_old_public_411_member,validated_human_legacy
149639,VANDERCOOK COLLEGE OF MUSIC,private,IL,True,14,False,True,False,0,0,0,0,14,0,14,0,0,0,0,0,"{""true_no_upstream_url_evidence"": 14}",true_no_upstream_url_evidence,not_old_public_411_member,
150172,CALUMET COLLEGE OF SAINT JOSEPH,private,IN,True,14,True,False,False,0,2,2,2,12,0,12,0,0,0,0,0,"{""accepted_source_row"": 2, ""true_no_upstream_url_evidence"": 12}",true_no_upstream_url_evidence,not_old_public_411_member,prior_programmatic
150534,UNIVERSITY OF EVANSVILLE,private,IN,True,15,False,True,False,10,0,0,10,5,0,5,0,0,0,0,0,"{""accepted_source_row"": 10, ""true_no_upstream_url_evidence"": 5}",true_no_upstream_url_evidence,not_old_public_411_member,prior_programmatic; unknown_or_current_only
151290,INDIANA INSTITUTE OF TECHNOLOGY,private,IN,True,15,True,False,False,2,8,8,10,5,0,5,0,0,0,0,0,"{""accepted_source_row"": 10, ""true_no_upstream_url_evidence"": 5}",true_no_upstream_url_evidence,not_old_public_411_member,validated_human_legacy
152248,PURDUE UNIVERSITY-CALUMET CAMPUS,public,IN,True,9,False,True,False,0,0,0,0,9,0,9,0,0,0,0,0,"{""true_no_upstream_url_evidence"": 9}",true_no_upstream_url_evidence,not_old_public_411_member,
152266,PURDUE UNIVERSITY-NORTH CENTRAL CAMPUS,public,IN,True,9,False,True,False,0,0,0,0,9,0,9,0,0,0,0,0,"{""true_no_upstream_url_evidence"": 9}",true_no_upstream_url_evidence,not_old_public_411_member,
153302,EMMAUS BIBLE COLLEGE,private,IA,True,15,False,True,False,0,0,0,0,15,0,15,0,0,0,0,0,"{""true_no_upstream_url_evidence"": 15}",true_no_upstream_url_evidence,not_old_public_411_member,
154004,MORNINGSIDE COLLEGE,private,IA,True,15,True,False,False,1,0,0,1,14,0,14,0,0,0,0,0,"{""accepted_source_row"": 1, ""true_no_upstream_url_evidence"": 14}",true_no_upstream_url_evidence,not_old_public_411_member,validated_human_legacy
154235,SAINT AMBROSE UNIVERSITY,private,IA,True,15,False,True,False,11,0,0,11,4,0,4,0,0,0,0,0,"{""accepted_source_row"": 11, ""true_no_upstream_url_evidence"": 4}",true_no_upstream_url_evidence,not_old_public_411_member,prior_programmatic; unknown_or_current_only
154350,SIMPSON COLLEGE,private,IA,True,15,False,True,False,2,0,0,2,13,0,13,0,0,0,0,0,"{""accepted_source_row"": 2, ""true_no_upstream_url_evidence"": 13}",true_no_upstream_url_evidence,not_old_public_411_member,historical_lead; unknown_or_current_only
154493,UPPER IOWA UNIVERSITY,private,IA,True,15,True,False,False,2,0,0,2,13,0,13,0,0,0,0,0,"{""accepted_source_row"": 2, ""true_no_upstream_url_evidence"": 13}",true_no_upstream_url_evidence,not_old_public_411_member,unknown_or_current_only
154712,BENEDICTINE COLLEGE,private,KS,True,15,True,False,False,10,0,0,10,5,0,5,0,0,0,0,0,"{""accepted_source_row"": 10, ""true_no_upstream_url_evidence"": 5}",true_no_upstream_url_evidence,not_old_public_411_member,validated_human_legacy
154721,BETHANY COLLEGE,private,KS,True,15,False,True,False,10,0,0,10,5,0,5,0,0,0,0,0,"{""accepted_source_row"": 10, ""true_no_upstream_url_evidence"": 5}",true_no_upstream_url_evidence,not_old_public_411_member,historical_lead
154855,CENTRAL CHRISTIAN COLLEGE OF KANSAS,private,KS,True,15,False,True,False,0,0,0,0,15,0,15,0,0,0,0,0,"{""true_no_upstream_url_evidence"": 15}",true_no_upstream_url_evidence,not_old_public_411_member,
155061,FORT HAYS STATE UNIVERSITY,public,KS,True,14,False,True,False,0,0,0,0,14,0,14,0,0,0,0,0,"{""true_no_upstream_url_evidence"": 14}",true_no_upstream_url_evidence,not_old_public_411_member,
155089,FRIENDS UNIVERSITY,private,KS,True,15,False,True,False,2,0,0,2,13,0,13,0,0,0,0,0,"{""accepted_source_row"": 2, ""true_no_upstream_url_evidence"": 13}",true_no_upstream_url_evidence,not_old_public_411_member,historical_lead; unknown_or_current_only
155317,UNIVERSITY OF KANSAS MAIN CAMPUS,public,KS,True,15,True,False,True,7,0,0,7,8,0,8,0,0,0,0,0,"{""accepted_source_row"": 7, ""true_no_upstream_url_evidence"": 8}",true_no_upstream_url_evidence,accepted_after_repair,historical_lead; validated_human_legacy
155496,MANHATTAN CHRISTIAN COLLEGE,private,KS,True,15,False,True,False,10,0,0,10,5,0,5,0,0,0,0,0,"{""accepted_source_row"": 10, ""true_no_upstream_url_evidence"": 5}",true_no_upstream_url_evidence,not_old_public_411_member,historical_lead
155627,OTTAWA UNIVERSITY,private,KS,True,15,False,True,False,11,0,0,11,4,0,4,0,0,0,0,0,"{""accepted_source_row"": 11, ""true_no_upstream_url_evidence"": 4}",true_no_upstream_url_evidence,not_old_public_411_member,historical_lead
155812,SAINT MARY COLLEGE,private,KS,True,15,False,True,False,9,0,0,9,6,0,6,0,0,0,0,0,"{""accepted_source_row"": 9, ""true_no_upstream_url_evidence"": 6}",true_no_upstream_url_evidence,not_old_public_411_member,historical_lead
155937,STERLING COLLEGE,private,KS,True,15,False,True,False,3,0,0,3,12,0,12,0,0,0,0,0,"{""accepted_source_row"": 3, ""true_no_upstream_url_evidence"": 12}",true_no_upstream_url_evidence,not_old_public_411_member,historical_lead
156213,ASBURY COLLEGE,private,KY,True,15,False,True,False,5,0,0,5,10,0,10,0,0,0,0,0,"{""accepted_source_row"": 5, ""true_no_upstream_url_evidence"": 10}",true_no_upstream_url_evidence,not_old_public_411_member,historical_lead
156356,BRESCIA UNIVERSITY,private,KY,True,14,False,True,False,7,0,0,7,7,0,7,0,0,0,0,0,"{""accepted_source_row"": 7, ""true_no_upstream_url_evidence"": 7}",true_no_upstream_url_evidence,not_old_public_411_member,historical_lead; unknown_or_current_only
156417,CLEAR CREEK BAPTIST BIBLE COLLEGE,private,KY,True,14,False,True,False,8,0,0,8,6,0,6,0,0,0,0,0,"{""accepted_source_row"": 8, ""true_no_upstream_url_evidence"": 6}",true_no_upstream_url_evidence,not_old_public_411_member,historical_lead; unknown_or_current_only
157058,KENTUCKY STATE UNIVERSITY,public,KY,True,15,True,False,True,0,1,1,1,14,0,14,0,0,0,0,0,"{""accepted_source_row"": 1, ""true_no_upstream_url_evidence"": 14}",true_no_upstream_url_evidence,accepted_after_repair,validated_human_legacy
157386,MOREHEAD STATE UNIVERSITY,public,KY,True,15,True,False,True,0,1,1,1,14,0,14,0,0,0,0,0,"{""accepted_source_row"": 1, ""true_no_upstream_url_evidence"": 14}",true_no_upstream_url_evidence,accepted_after_repair,validated_human_legacy
157401,MURRAY STATE UNIVERSITY,public,KY,True,15,True,False,True,0,0,0,0,15,0,15,0,0,0,0,0,"{""true_no_upstream_url_evidence"": 15}",true_no_upstream_url_evidence,selected_unresolved_after_repair,
157748,SOUTHERN BAPTIST THEOLOGICAL SEMINARY,private,KY,True,14,False,True,False,8,0,0,8,6,0,6,0,0,0,0,0,"{""accepted_source_row"": 8, ""true_no_upstream_url_evidence"": 6}",true_no_upstream_url_evidence,not_old_public_411_member,historical_lead; unknown_or_current_only
157809,THOMAS MORE COLLEGE,private,KY,True,15,False,True,False,10,0,0,10,5,0,5,0,0,0,0,0,"{""accepted_source_row"": 10, ""true_no_upstream_url_evidence"": 5}",true_no_upstream_url_evidence,not_old_public_411_member,historical_lead
159009,GRAMBLING STATE UNIVERSITY,public,LA,True,15,True,False,True,12,0,0,12,3,0,3,0,0,0,0,0,"{""accepted_source_row"": 12, ""true_no_upstream_url_evidence"": 3}",true_no_upstream_url_evidence,accepted_after_repair,historical_lead; validated_human_legacy
159391,LOUISIANA STATE UNIV & AG & MECH & HEBERT LAWS CTR,public,LA,True,15,True,False,True,5,0,0,5,10,0,10,0,0,0,0,0,"{""accepted_source_row"": 5, ""true_no_upstream_url_evidence"": 10}",true_no_upstream_url_evidence,accepted_after_repair,historical_lead; validated_human_legacy
159656,LOYOLA UNIVERSITY NEW ORLEANS,private,LA,True,13,True,False,False,8,0,0,8,5,0,5,0,0,0,0,0,"{""accepted_source_row"": 8, ""true_no_upstream_url_evidence"": 5}",true_no_upstream_url_evidence,not_old_public_411_member,validated_human_legacy
159948,NEW ORLEANS BAPTIST THEOLOGICAL SEMINARY,private,LA,True,12,True,False,False,0,0,0,0,12,0,12,0,0,0,0,0,"{""true_no_upstream_url_evidence"": 12}",true_no_upstream_url_evidence,not_old_public_411_member,
161165,HUSSON COLLEGE,private,ME,True,7,False,True,False,0,0,0,0,7,0,7,0,0,0,0,0,"{""true_no_upstream_url_evidence"": 7}",true_no_upstream_url_evidence,not_old_public_411_member,
161217,UNIVERSITY OF MAINE AT AUGUSTA,public,ME,True,15,True,False,False,2,0,0,2,13,0,13,0,0,0,0,0,"{""accepted_source_row"": 2, ""true_no_upstream_url_evidence"": 13}",true_no_upstream_url_evidence,not_old_public_411_member,validated_human_legacy
161299,MAINE MARITIME ACADEMY,public,ME,True,7,True,False,False,0,0,0,0,7,0,7,0,0,0,0,0,"{""true_no_upstream_url_evidence"": 7}",true_no_upstream_url_evidence,not_old_public_411_member,
161882,BALTIMORE INTERNATIONAL COLLEGE,private,MD,True,3,False,True,False,0,0,0,0,3,0,3,0,0,0,0,0,"{""true_no_upstream_url_evidence"": 3}",true_no_upstream_url_evidence,not_old_public_411_member,
162210,COLUMBIA UNION COLLEGE,private,MD,True,15,True,False,False,7,0,0,7,8,0,8,0,0,0,0,0,"{""accepted_source_row"": 7, ""true_no_upstream_url_evidence"": 8}",true_no_upstream_url_evidence,not_old_public_411_member,validated_human_legacy
162283,COPPIN STATE COLLEGE,public,MD,True,15,False,True,False,0,0,0,0,15,0,15,0,0,0,0,0,"{""true_no_upstream_url_evidence"": 15}",true_no_upstream_url_evidence,not_old_public_411_member,
162584,FROSTBURG STATE UNIVERSITY,public,MD,True,15,True,False,True,11,0,0,11,4,0,4,0,0,0,0,0,"{""accepted_source_row"": 11, ""true_no_upstream_url_evidence"": 4}",true_no_upstream_url_evidence,accepted_after_repair,prior_programmatic; validated_human_legacy
163286,UNIVERSITY OF MARYLAND-COLLEGE PARK,public,MD,True,15,True,False,True,0,0,0,0,15,0,15,0,0,0,0,0,"{""true_no_upstream_url_evidence"": 15}",true_no_upstream_url_evidence,selected_unresolved_after_repair,
163453,MORGAN STATE UNIVERSITY,public,MD,True,15,True,False,True,4,0,0,4,11,0,11,0,0,0,0,0,"{""accepted_source_row"": 4, ""true_no_upstream_url_evidence"": 11}",true_no_upstream_url_evidence,accepted_after_repair,validated_human_legacy
164173,VILLA JULIE COLLEGE,private,MD,True,15,True,False,False,5,0,0,5,10,0,10,0,0,0,0,0,"{""accepted_source_row"": 5, ""true_no_upstream_url_evidence"": 10}",true_no_upstream_url_evidence,not_old_public_411_member,validated_human_legacy
164571,ATLANTIC UNION COLLEGE,private,MA,True,3,False,True,False,0,0,0,0,3,0,3,0,0,0,0,0,"{""true_no_upstream_url_evidence"": 3}",true_no_upstream_url_evidence,not_old_public_411_member,
165699,ENDICOTT COLLEGE,private,MA,True,15,True,False,False,0,12,12,12,3,0,3,0,0,0,0,0,"{""accepted_source_row"": 12, ""true_no_upstream_url_evidence"": 3}",true_no_upstream_url_evidence,not_old_public_411_member,validated_human_legacy
166018,HAMPSHIRE COLLEGE,private,MA,True,14,False,True,False,4,0,0,4,10,0,10,0,0,0,0,0,"{""accepted_source_row"": 4, ""true_no_upstream_url_evidence"": 10}",true_no_upstream_url_evidence,not_old_public_411_member,historical_lead
166391,LASELL COLLEGE,private,MA,True,15,False,True,False,4,0,0,4,11,0,11,0,0,0,0,0,"{""accepted_source_row"": 4, ""true_no_upstream_url_evidence"": 11}",true_no_upstream_url_evidence,not_old_public_411_member,historical_lead; unknown_or_current_only
166656,MASSACHUSETTS COLLEGE OF PHARMACY & HEALTH SCIENCE,private,MA,True,15,False,True,False,0,0,0,0,15,0,15,0,0,0,0,0,"{""true_no_upstream_url_evidence"": 15}",true_no_upstream_url_evidence,not_old_public_411_member,
166674,MASSACHUSETTS COLLEGE OF ART,public,MA,True,15,True,False,True,0,1,1,1,14,0,14,0,0,0,0,0,"{""accepted_source_row"": 1, ""true_no_upstream_url_evidence"": 14}",true_no_upstream_url_evidence,accepted_after_repair,validated_human_legacy
166692,MASSACHUSETTS MARITIME ACADEMY,public,MA,True,15,True,False,True,0,1,1,1,14,0,14,0,0,0,0,0,"{""accepted_source_row"": 1, ""true_no_upstream_url_evidence"": 14}",true_no_upstream_url_evidence,accepted_after_repair,validated_human_legacy
166911,MONTSERRAT COLLEGE OF ART,private,MA,True,15,False,True,False,1,0,0,1,14,0,14,0,0,0,0,0,"{""accepted_source_row"": 1, ""true_no_upstream_url_evidence"": 14}",true_no_upstream_url_evidence,not_old_public_411_member,historical_lead
166939,MOUNT HOLYOKE COLLEGE,private,MA,True,15,True,False,False,11,0,0,11,4,0,4,0,0,0,0,0,"{""accepted_source_row"": 11, ""true_no_upstream_url_evidence"": 4}",true_no_upstream_url_evidence,not_old_public_411_member,unknown_or_current_only; validated_human_legacy
167835,SMITH COLLEGE,private,MA,True,15,False,True,False,0,0,0,0,15,0,15,0,0,0,0,0,"{""true_no_upstream_url_evidence"": 15}",true_no_upstream_url_evidence,not_old_public_411_member,
167899,SPRINGFIELD COLLEGE,private,MA,True,14,True,False,False,0,13,13,13,1,0,1,0,0,0,0,0,"{""accepted_source_row"": 13, ""true_no_upstream_url_evidence"": 1}",true_no_upstream_url_evidence,not_old_public_411_member,validated_human_legacy
168148,TUFTS UNIVERSITY,private,MA,True,15,True,False,False,0,0,0,0,15,0,15,0,0,0,0,0,"{""true_no_upstream_url_evidence"": 15}",true_no_upstream_url_evidence,not_old_public_411_member,
168227,WENTWORTH INSTITUTE OF TECHNOLOGY,private,MA,True,15,True,False,False,7,0,0,7,8,0,8,0,0,0,0,0,"{""accepted_source_row"": 7, ""true_no_upstream_url_evidence"": 8}",true_no_upstream_url_evidence,not_old_public_411_member,validated_human_legacy
168263,WESTFIELD STATE COLLEGE,public,MA,True,15,True,False,True,1,0,0,1,14,0,14,0,0,0,0,0,"{""accepted_source_row"": 1, ""true_no_upstream_url_evidence"": 14}",true_no_upstream_url_evidence,accepted_after_repair,validated_human_legacy
168786,AQUINAS COLLEGE,private,MI,True,15,False,True,False,8,0,0,8,7,0,7,0,0,0,0,0,"{""accepted_source_row"": 8, ""true_no_upstream_url_evidence"": 7}",true_no_upstream_url_evidence,not_old_public_411_member,historical_lead
169327,Cleary University,private,MI,True,9,False,True,False,4,0,0,4,5,0,5,0,0,0,0,0,"{""accepted_source_row"": 4, ""true_no_upstream_url_evidence"": 5}",true_no_upstream_url_evidence,not_old_public_411_member,historical_lead
169363,CONCORDIA UNIVERSITY,private,MI,True,14,False,True,False,0,0,0,0,14,0,14,0,0,0,0,0,"{""true_no_upstream_url_evidence"": 14}",true_no_upstream_url_evidence,not_old_public_411_member,
169910,FERRIS STATE UNIVERSITY,public,MI,True,15,False,True,False,14,0,0,14,1,0,1,0,0,0,0,0,"{""accepted_source_row"": 14, ""true_no_upstream_url_evidence"": 1}",true_no_upstream_url_evidence,not_old_public_411_member,historical_lead
170037,CORNERSTONE UNIVERSITY,private,MI,True,15,False,True,False,10,0,0,10,5,0,5,0,0,0,0,0,"{""accepted_source_row"": 10, ""true_no_upstream_url_evidence"": 5}",true_no_upstream_url_evidence,not_old_public_411_member,historical_lead
170842,MARYGROVE COLLEGE,private,MI,True,11,False,True,False,3,0,0,3,8,0,8,0,0,0,0,0,"{""accepted_source_row"": 3, ""true_no_upstream_url_evidence"": 8}",true_no_upstream_url_evidence,not_old_public_411_member,historical_lead; unknown_or_current_only
171599,OLIVET COLLEGE,private,MI,True,15,True,False,False,3,0,0,3,12,0,12,0,0,0,0,0,"{""accepted_source_row"": 3, ""true_no_upstream_url_evidence"": 12}",true_no_upstream_url_evidence,not_old_public_411_member,validated_human_legacy
172033,SACRED HEART MAJOR SEMINARY,private,MI,True,8,True,False,False,2,0,0,2,6,0,6,0,0,0,0,0,"{""accepted_source_row"": 2, ""true_no_upstream_url_evidence"": 6}",true_no_upstream_url_evidence,not_old_public_411_member,validated_human_legacy
173142,BETHANY LUTHERAN COLLEGE,private,MN,True,15,False,True,False,12,0,0,12,3,0,3,0,0,0,0,0,"{""accepted_source_row"": 12, ""true_no_upstream_url_evidence"": 3}",true_no_upstream_url_evidence,not_old_public_411_member,historical_lead; unknown_or_current_only
173258,CARLETON COLLEGE,private,MN,True,15,False,True,False,8,0,0,8,7,0,7,0,0,0,0,0,"{""accepted_source_row"": 8, ""true_no_upstream_url_evidence"": 7}",true_no_upstream_url_evidence,not_old_public_411_member,historical_lead
173300,CONCORDIA COLLEGE AT MOORHEAD,private,MN,True,15,False,True,False,0,0,0,0,15,0,15,0,0,0,0,0,"{""true_no_upstream_url_evidence"": 15}",true_no_upstream_url_evidence,not_old_public_411_member,
173452,MARTIN LUTHER COLLEGE,private,MN,True,10,False,True,False,0,0,0,0,10,0,10,0,0,0,0,0,"{""true_no_upstream_url_evidence"": 10}",true_no_upstream_url_evidence,not_old_public_411_member,
173902,MACALESTER COLLEGE,private,MN,True,15,False,True,False,8,0,0,8,7,0,7,0,0,0,0,0,"{""accepted_source_row"": 8, ""true_no_upstream_url_evidence"": 7}",true_no_upstream_url_evidence,not_old_public_411_member,historical_lead; unknown_or_current_only
174066,UNIVERSITY OF MINNESOTA-TWIN CITIES,public,MN,True,15,False,True,False,0,0,0,0,15,0,15,0,0,0,0,0,"{""true_no_upstream_url_evidence"": 15}",true_no_upstream_url_evidence,not_old_public_411_member,
174358,MINNESOTA STATE UNIVERSITY-MOORHEAD,public,MN,True,14,False,True,False,13,0,0,13,1,0,1,0,0,0,0,0,"{""accepted_source_row"": 13, ""true_no_upstream_url_evidence"": 1}",true_no_upstream_url_evidence,not_old_public_411_member,historical_lead
174747,COLLEGE OF SAINT BENEDICT,private,MN,True,15,False,True,False,12,0,0,12,3,0,3,0,0,0,0,0,"{""accepted_source_row"": 12, ""true_no_upstream_url_evidence"": 3}",true_no_upstream_url_evidence,not_old_public_411_member,prior_programmatic; unknown_or_current_only
174844,SAINT OLAF COLLEGE,private,MN,True,15,True,False,False,11,0,0,11,4,0,4,0,0,0,0,0,"{""accepted_source_row"": 11, ""true_no_upstream_url_evidence"": 4}",true_no_upstream_url_evidence,not_old_public_411_member,unknown_or_current_only; validated_human_legacy
175005,COLLEGE OF ST CATHERINE,private,MN,True,15,True,False,False,3,0,0,3,12,0,12,0,0,0,0,0,"{""accepted_source_row"": 3, ""true_no_upstream_url_evidence"": 12}",true_no_upstream_url_evidence,not_old_public_411_member,validated_human_legacy
176044,MISSISSIPPI VALLEY STATE UNIVERSITY,public,MS,True,15,True,False,True,4,0,0,4,11,0,11,0,0,0,0,0,"{""accepted_source_row"": 4, ""true_no_upstream_url_evidence"": 11}",true_no_upstream_url_evidence,accepted_after_repair,historical_lead; validated_human_legacy
176406,TOUGALOO COLLEGE,private,MS,True,15,False,True,False,4,0,0,4,11,0,11,0,0,0,0,0,"{""accepted_source_row"": 4, ""true_no_upstream_url_evidence"": 11}",true_no_upstream_url_evidence,not_old_public_411_member,historical_lead; unknown_or_current_only
176479,WILLIAM CAREY COLLEGE,private,MS,True,15,True,False,False,0,0,0,0,15,0,15,0,0,0,0,0,"{""true_no_upstream_url_evidence"": 15}",true_no_upstream_url_evidence,not_old_public_411_member,
176628,AVILA UNIVERSITY,private,MO,True,15,False,True,False,1,0,0,1,14,0,14,0,0,0,0,0,"{""accepted_source_row"": 1, ""true_no_upstream_url_evidence"": 14}",true_no_upstream_url_evidence,not_old_public_411_member,prior_programmatic
177038,Cleveland Chiropractic College,private,MO,True,4,False,True,False,0,0,0,0,4,0,4,0,0,0,0,0,"{""true_no_upstream_url_evidence"": 4}",true_no_upstream_url_evidence,not_old_public_411_member,
177083,CONCEPTION SEMINARY COLLEGE,private,MO,True,10,False,True,False,0,0,0,0,10,0,10,0,0,0,0,0,"{""true_no_upstream_url_evidence"": 10}",true_no_upstream_url_evidence,not_old_public_411_member,
177144,CULVER-STOCKTON COLLEGE,private,MO,True,15,False,True,False,2,0,0,2,13,0,13,0,0,0,0,0,"{""accepted_source_row"": 2, ""true_no_upstream_url_evidence"": 13}",true_no_upstream_url_evidence,not_old_public_411_member,historical_lead
177339,EVANGEL UNIVERSITY,private,MO,True,15,False,True,False,4,0,0,4,11,0,11,0,0,0,0,0,"{""accepted_source_row"": 4, ""true_no_upstream_url_evidence"": 11}",true_no_upstream_url_evidence,not_old_public_411_member,historical_lead; prior_programmatic; unknown_or_current_only
177940,LINCOLN UNIVERSITY,public,MO,True,15,True,False,True,4,0,0,4,11,0,11,0,0,0,0,0,"{""accepted_source_row"": 4, ""true_no_upstream_url_evidence"": 11}",true_no_upstream_url_evidence,accepted_after_repair,validated_human_legacy
178059,MARYVILLE UNIVERSITY OF SAINT LOUIS,private,MO,True,15,True,False,False,9,0,0,9,6,0,6,0,0,0,0,0,"{""accepted_source_row"": 9, ""true_no_upstream_url_evidence"": 6}",true_no_upstream_url_evidence,not_old_public_411_member,validated_human_legacy
178341,MISSOURI SOUTHERN STATE COLLEGE,public,MO,True,15,False,True,False,0,2,2,2,13,0,13,0,0,0,0,0,"{""accepted_source_row"": 2, ""true_no_upstream_url_evidence"": 13}",true_no_upstream_url_evidence,not_old_public_411_member,prior_programmatic
178369,MISSOURI VALLEY COLLEGE,private,MO,True,15,False,True,False,0,0,0,0,15,0,15,0,0,0,0,0,"{""true_no_upstream_url_evidence"": 15}",true_no_upstream_url_evidence,not_old_public_411_member,
178387,MISSOURI WESTERN STATE COLLEGE,public,MO,True,15,True,False,True,0,1,1,1,14,0,14,0,0,0,0,0,"{""accepted_source_row"": 1, ""true_no_upstream_url_evidence"": 14}",true_no_upstream_url_evidence,accepted_after_repair,validated_human_legacy
179256,SAINT LOUIS CHRISTIAN COLLEGE,private,MO,True,13,False,True,False,0,0,0,0,13,0,13,0,0,0,0,0,"{""true_no_upstream_url_evidence"": 13}",true_no_upstream_url_evidence,not_old_public_411_member,
179265,St Louis College of Pharmacy,private,MO,True,3,False,True,False,0,0,0,0,3,0,3,0,0,0,0,0,"{""true_no_upstream_url_evidence"": 3}",true_no_upstream_url_evidence,not_old_public_411_member,
179548,STEPHENS COLLEGE,private,MO,True,15,False,True,False,14,0,0,14,1,0,1,0,0,0,0,0,"{""accepted_source_row"": 14, ""true_no_upstream_url_evidence"": 1}",true_no_upstream_url_evidence,not_old_public_411_member,historical_lead
179894,WEBSTER UNIVERSITY,private,MO,True,15,True,False,False,8,0,0,8,7,0,7,0,0,0,0,0,"{""accepted_source_row"": 8, ""true_no_upstream_url_evidence"": 7}",true_no_upstream_url_evidence,not_old_public_411_member,validated_human_legacy
179955,WILLIAM JEWELL COLLEGE,private,MO,True,15,True,False,False,0,0,0,0,15,0,15,0,0,0,0,0,"{""true_no_upstream_url_evidence"": 15}",true_no_upstream_url_evidence,not_old_public_411_member,
179964,WILLIAM WOODS UNIVERSITY,private,MO,True,15,True,False,False,0,0,0,0,15,0,15,0,0,0,0,0,"{""true_no_upstream_url_evidence"": 15}",true_no_upstream_url_evidence,not_old_public_411_member,
180106,CARROLL COLLEGE,private,MT,True,15,False,True,False,13,0,0,13,2,0,2,0,0,0,0,0,"{""accepted_source_row"": 13, ""true_no_upstream_url_evidence"": 2}",true_no_upstream_url_evidence,not_old_public_411_member,historical_lead; unknown_or_current_only
180416,MONTANA TECH OF THE UNIVERSITY OF MONTANA,public,MT,True,14,True,False,True,6,0,0,6,8,0,8,0,0,0,0,0,"{""accepted_source_row"": 6, ""true_no_upstream_url_evidence"": 8}",true_no_upstream_url_evidence,accepted_after_repair,historical_lead; validated_human_legacy
180595,ROCKY MOUNTAIN COLLEGE,private,MT,True,15,False,True,False,9,0,0,9,6,0,6,0,0,0,0,0,"{""accepted_source_row"": 9, ""true_no_upstream_url_evidence"": 6}",true_no_upstream_url_evidence,not_old_public_411_member,historical_lead; prior_programmatic
180647,SALISH KOOTENAI COLLEGE,private,MT,True,15,False,True,False,0,0,0,0,15,0,15,0,0,0,0,0,"{""true_no_upstream_url_evidence"": 15}",true_no_upstream_url_evidence,not_old_public_411_member,
181127,HASTINGS COLLEGE,private,NE,True,15,True,False,False,0,0,0,0,15,0,15,0,0,0,0,0,"{""true_no_upstream_url_evidence"": 15}",true_no_upstream_url_evidence,not_old_public_411_member,
181297,NEBRASKA METHODIST COLLEGE OF NURSING & ALLIED HLT,private,NE,True,15,False,True,False,8,0,0,8,7,0,7,0,0,0,0,0,"{""accepted_source_row"": 8, ""true_no_upstream_url_evidence"": 7}",true_no_upstream_url_evidence,not_old_public_411_member,historical_lead
181330,MIDLAND LUTHERAN COLLEGE,private,NE,True,15,True,False,False,0,3,3,3,12,0,12,0,0,0,0,0,"{""accepted_source_row"": 3, ""true_no_upstream_url_evidence"": 12}",true_no_upstream_url_evidence,not_old_public_411_member,prior_programmatic
181394,UNIVERSITY OF NEBRASKA AT OMAHA,public,NE,True,15,True,False,True,0,1,1,1,14,0,14,0,0,0,0,0,"{""accepted_source_row"": 1, ""true_no_upstream_url_evidence"": 14}",true_no_upstream_url_evidence,accepted_after_repair,validated_human_legacy
181604,COLLEGE OF SAINT MARY,private,NE,True,14,False,True,False,0,0,0,0,14,0,14,0,0,0,0,0,"{""true_no_upstream_url_evidence"": 14}",true_no_upstream_url_evidence,not_old_public_411_member,
182917,MAGDALEN COLLEGE,private,NH,True,10,False,True,False,0,0,0,0,10,0,10,0,0,0,0,0,"{""true_no_upstream_url_evidence"": 10}",true_no_upstream_url_evidence,not_old_public_411_member,
183275,THOMAS MORE COLLEGE OF ARTS,private,NH,True,15,False,True,False,10,0,0,10,5,0,5,0,0,0,0,0,"{""accepted_source_row"": 10, ""true_no_upstream_url_evidence"": 5}",true_no_upstream_url_evidence,not_old_public_411_member,historical_lead
183822,BLOOMFIELD COLLEGE,private,NJ,True,15,False,True,False,4,0,0,4,11,0,11,0,0,0,0,0,"{""accepted_source_row"": 4, ""true_no_upstream_url_evidence"": 11}",true_no_upstream_url_evidence,not_old_public_411_member,historical_lead
185262,KEAN UNIVERSITY,public,NJ,True,14,True,False,True,6,0,0,6,8,0,8,0,0,0,0,0,"{""accepted_source_row"": 6, ""true_no_upstream_url_evidence"": 8}",true_no_upstream_url_evidence,accepted_after_repair,prior_programmatic; validated_human_legacy
185572,MONMOUTH UNIVERSITY,private,NJ,True,15,True,False,False,7,0,0,7,8,0,8,0,0,0,0,0,"{""accepted_source_row"": 7, ""true_no_upstream_url_evidence"": 8}",true_no_upstream_url_evidence,not_old_public_411_member,unknown_or_current_only; validated_human_legacy
185590,MONTCLAIR STATE UNIVERSITY,public,NJ,True,15,True,False,True,12,0,0,12,3,0,3,0,0,0,0,0,"{""accepted_source_row"": 12, ""true_no_upstream_url_evidence"": 3}",true_no_upstream_url_evidence,accepted_after_repair,historical_lead; validated_human_legacy
186283,RIDER UNIVERSITY,private,NJ,True,15,True,False,False,14,0,0,14,1,0,1,0,0,0,0,0,"{""accepted_source_row"": 14, ""true_no_upstream_url_evidence"": 1}",true_no_upstream_url_evidence,not_old_public_411_member,unknown_or_current_only; validated_human_legacy
186876,THE RICHARD STOCKTON COLLEGE OF NEW JERSEY,public,NJ,True,15,True,False,True,3,0,0,3,12,0,12,0,0,0,0,0,"{""accepted_source_row"": 3, ""true_no_upstream_url_evidence"": 12}",true_no_upstream_url_evidence,accepted_after_repair,validated_human_legacy
187648,EASTERN NEW MEXICO UNIVERSITY-MAIN CAMPUS,public,NM,True,14,True,False,True,0,0,0,0,14,0,14,0,0,0,0,0,"{""true_no_upstream_url_evidence"": 14}",true_no_upstream_url_evidence,selected_unresolved_after_repair,
188030,NEW MEXICO STATE UNIVERSITY-MAIN CAMPUS,public,NM,True,15,True,False,True,3,0,0,3,12,0,12,0,0,0,0,0,"{""accepted_source_row"": 3, ""true_no_upstream_url_evidence"": 12}",true_no_upstream_url_evidence,accepted_after_repair,historical_lead
188304,WESTERN NEW MEXICO UNIVERSITY,public,NM,True,14,True,False,True,2,1,1,3,11,0,11,0,0,0,0,0,"{""accepted_source_row"": 3, ""true_no_upstream_url_evidence"": 11}",true_no_upstream_url_evidence,accepted_after_repair,validated_human_legacy
189097,BARNARD COLLEGE,private,NY,True,15,True,False,False,10,0,0,10,5,0,5,0,0,0,0,0,"{""accepted_source_row"": 10, ""true_no_upstream_url_evidence"": 5}",true_no_upstream_url_evidence,not_old_public_411_member,validated_human_legacy
190044,CLARKSON UNIVERSITY,private,NY,True,15,False,True,False,0,0,0,0,15,0,15,0,0,0,0,0,"{""true_no_upstream_url_evidence"": 15}",true_no_upstream_url_evidence,not_old_public_411_member,
190248,CONCORDIA COLLEGE,private,NY,True,13,False,True,False,0,0,0,0,13,0,13,0,0,0,0,0,"{""true_no_upstream_url_evidence"": 13}",true_no_upstream_url_evidence,not_old_public_411_member,
190716,D'YOUVILLE COLLEGE,private,NY,True,15,False,True,False,0,0,0,0,15,0,15,0,0,0,0,0,"{""true_no_upstream_url_evidence"": 15}",true_no_upstream_url_evidence,not_old_public_411_member,
191931,IONA COLLEGE,private,NY,True,15,True,False,False,2,0,0,2,13,0,13,0,0,0,0,0,"{""accepted_source_row"": 2, ""true_no_upstream_url_evidence"": 13}",true_no_upstream_url_evidence,not_old_public_411_member,validated_human_legacy
192439,LONG ISLAND UNIVERSITY-BROOKLYN CAMPUS,private,NY,True,10,True,False,False,4,0,0,4,6,0,6,0,0,0,0,0,"{""accepted_source_row"": 4, ""true_no_upstream_url_evidence"": 6}",true_no_upstream_url_evidence,not_old_public_411_member,prior_programmatic; validated_human_legacy
192703,MANHATTAN COLLEGE,private,NY,True,15,True,False,False,11,0,0,11,4,0,4,0,0,0,0,0,"{""accepted_source_row"": 11, ""true_no_upstream_url_evidence"": 4}",true_no_upstream_url_evidence,not_old_public_411_member,validated_human_legacy
192712,MANHATTAN SCHOOL OF MUSIC,private,NY,True,15,False,True,False,0,0,0,0,15,0,15,0,0,0,0,0,"{""true_no_upstream_url_evidence"": 15}",true_no_upstream_url_evidence,not_old_public_411_member,
193353,MOUNT SAINT MARY COLLEGE,private,NY,True,15,True,False,False,4,0,0,4,11,0,11,0,0,0,0,0,"{""accepted_source_row"": 4, ""true_no_upstream_url_evidence"": 11}",true_no_upstream_url_evidence,not_old_public_411_member,validated_human_legacy
193399,COLLEGE OF MOUNT SAINT VINCENT,private,NY,True,15,False,True,False,5,0,0,5,10,0,10,0,0,0,0,0,"{""accepted_source_row"": 5, ""true_no_upstream_url_evidence"": 10}",true_no_upstream_url_evidence,not_old_public_411_member,historical_lead
194578,PRATT INSTITUTE-MAIN,private,NY,True,15,True,False,False,0,0,0,0,15,0,15,0,0,0,0,0,"{""true_no_upstream_url_evidence"": 15}",true_no_upstream_url_evidence,not_old_public_411_member,
195128,THE SAGE COLLEGES-TROY CAMPUS,private,NY,True,10,False,True,False,0,0,0,0,10,0,10,0,0,0,0,0,"{""true_no_upstream_url_evidence"": 10}",true_no_upstream_url_evidence,not_old_public_411_member,
195173,ST FRANCIS COLLEGE,private,NY,True,15,False,True,False,13,0,0,13,2,0,2,0,0,0,0,0,"{""accepted_source_row"": 13, ""true_no_upstream_url_evidence"": 2}",true_no_upstream_url_evidence,not_old_public_411_member,historical_lead; unknown_or_current_only
195216,ST LAWRENCE UNIVERSITY,private,NY,True,15,True,False,False,1,0,0,1,14,0,14,0,0,0,0,0,"{""accepted_source_row"": 1, ""true_no_upstream_url_evidence"": 14}",true_no_upstream_url_evidence,not_old_public_411_member,validated_human_legacy
195243,SAINT THOMAS AQUINAS COLLEGE,private,NY,True,15,True,False,False,4,0,0,4,11,0,11,0,0,0,0,0,"{""accepted_source_row"": 4, ""true_no_upstream_url_evidence"": 11}",true_no_upstream_url_evidence,not_old_public_411_member,validated_human_legacy
195474,SIENA COLLEGE,private,NY,True,15,True,False,False,8,0,0,8,7,0,7,0,0,0,0,0,"{""accepted_source_row"": 8, ""true_no_upstream_url_evidence"": 7}",true_no_upstream_url_evidence,not_old_public_411_member,validated_human_legacy
195720,SAINT JOHN FISHER COLLEGE,private,NY,True,15,True,False,False,5,0,0,5,10,0,10,0,0,0,0,0,"{""accepted_source_row"": 5, ""true_no_upstream_url_evidence"": 10}",true_no_upstream_url_evidence,not_old_public_411_member,validated_human_legacy
196130,SUNY COLLEGE AT BUFFALO,public,NY,True,14,True,False,True,2,0,0,2,12,0,12,0,0,0,0,0,"{""accepted_source_row"": 2, ""true_no_upstream_url_evidence"": 12}",true_no_upstream_url_evidence,accepted_after_repair,validated_human_legacy
197027,UNITED STATES MERCHANT MARINE ACADEMY,public,NY,True,6,False,True,False,0,0,0,0,6,0,6,0,0,0,0,0,"{""true_no_upstream_url_evidence"": 6}",true_no_upstream_url_evidence,not_old_public_411_member,
197221,WEBB INSTITUTE,private,NY,True,14,False,True,False,2,0,0,2,12,0,12,0,0,0,0,0,"{""accepted_source_row"": 2, ""true_no_upstream_url_evidence"": 12}",true_no_upstream_url_evidence,not_old_public_411_member,historical_lead; unknown_or_current_only
197708,YESHIVA UNIVERSITY,private,NY,True,15,False,True,False,3,0,0,3,12,0,12,0,0,0,0,0,"{""accepted_source_row"": 3, ""true_no_upstream_url_evidence"": 12}",true_no_upstream_url_evidence,not_old_public_411_member,historical_lead; unknown_or_current_only
197911,BARTON COLLEGE,private,NC,True,15,False,True,False,11,0,0,11,4,0,4,0,0,0,0,0,"{""accepted_source_row"": 11, ""true_no_upstream_url_evidence"": 4}",true_no_upstream_url_evidence,not_old_public_411_member,prior_programmatic
197993,BENNETT COLLEGE,private,NC,True,15,False,True,False,5,0,0,5,10,0,10,0,0,0,0,0,"{""accepted_source_row"": 5, ""true_no_upstream_url_evidence"": 10}",true_no_upstream_url_evidence,not_old_public_411_member,prior_programmatic; unknown_or_current_only
198613,GUILFORD COLLEGE,private,NC,True,15,False,True,False,0,0,0,0,15,0,15,0,0,0,0,0,"{""true_no_upstream_url_evidence"": 15}",true_no_upstream_url_evidence,not_old_public_411_member,
198677,HERITAGE BIBLE COLLEGE,private,NC,True,7,False,True,False,0,0,0,0,7,0,7,0,0,0,0,0,"{""true_no_upstream_url_evidence"": 7}",true_no_upstream_url_evidence,not_old_public_411_member,
198808,LEES-MCRAE COLLEGE,private,NC,True,15,False,True,False,0,0,0,0,15,0,15,0,0,0,0,0,"{""true_no_upstream_url_evidence"": 15}",true_no_upstream_url_evidence,not_old_public_411_member,
198835,LENOIR-RHYNE COLLEGE,private,NC,True,15,False,True,False,2,0,0,2,13,0,13,0,0,0,0,0,"{""accepted_source_row"": 2, ""true_no_upstream_url_evidence"": 13}",true_no_upstream_url_evidence,not_old_public_411_member,historical_lead; unknown_or_current_only
199032,MONTREAT COLLEGE,private,NC,True,15,False,True,False,12,0,0,12,3,0,3,0,0,0,0,0,"{""accepted_source_row"": 12, ""true_no_upstream_url_evidence"": 3}",true_no_upstream_url_evidence,not_old_public_411_member,historical_lead
199102,NORTH CAROLINA AGRICULTURAL AND TECHNICAL ST UNIV,public,NC,True,15,True,False,True,3,0,0,3,12,0,12,0,0,0,0,0,"{""accepted_source_row"": 3, ""true_no_upstream_url_evidence"": 12}",true_no_upstream_url_evidence,accepted_after_repair,historical_lead; validated_human_legacy
199306,PFEIFFER UNIVERSITY,private,NC,True,15,True,False,False,3,0,0,3,12,0,12,0,0,0,0,0,"{""accepted_source_row"": 3, ""true_no_upstream_url_evidence"": 12}",true_no_upstream_url_evidence,not_old_public_411_member,validated_human_legacy
199412,QUEENS UNIVERSITY OF CHARLOTTE,private,NC,True,15,False,True,False,4,0,0,4,11,0,11,0,0,0,0,0,"{""accepted_source_row"": 4, ""true_no_upstream_url_evidence"": 11}",true_no_upstream_url_evidence,not_old_public_411_member,historical_lead
199999,WINSTON-SALEM STATE UNIVERSITY,public,NC,True,15,True,False,True,10,0,0,10,5,0,5,0,0,0,0,0,"{""accepted_source_row"": 10, ""true_no_upstream_url_evidence"": 5}",true_no_upstream_url_evidence,accepted_after_repair,historical_lead; validated_human_legacy
200226,MAYVILLE STATE UNIVERSITY,public,ND,True,15,True,False,True,3,0,0,3,12,0,12,0,0,0,0,0,"{""accepted_source_row"": 3, ""true_no_upstream_url_evidence"": 12}",true_no_upstream_url_evidence,accepted_after_repair,validated_human_legacy
200253,MINOT STATE UNIVERSITY,public,ND,True,15,True,False,True,0,1,1,1,14,0,14,0,0,0,0,0,"{""accepted_source_row"": 1, ""true_no_upstream_url_evidence"": 14}",true_no_upstream_url_evidence,accepted_after_repair,validated_human_legacy
200332,NORTH DAKOTA STATE UNIVERSITY-MAIN CAMPUS,public,ND,True,15,True,False,True,3,0,0,3,12,0,12,0,0,0,0,0,"{""accepted_source_row"": 3, ""true_no_upstream_url_evidence"": 12}",true_no_upstream_url_evidence,accepted_after_repair,historical_lead; validated_human_legacy
200873,ALLEGHENY WESLEYAN COLLEGE,private,OH,True,7,False,True,False,0,0,0,0,7,0,7,0,0,0,0,0,"{""true_no_upstream_url_evidence"": 7}",true_no_upstream_url_evidence,not_old_public_411_member,
201371,BLUFFTON COLLEGE,private,OH,True,15,False,True,False,10,0,0,10,5,0,5,0,0,0,0,0,"{""accepted_source_row"": 10, ""true_no_upstream_url_evidence"": 5}",true_no_upstream_url_evidence,not_old_public_411_member,historical_lead
201690,CENTRAL STATE UNIVERSITY,public,OH,True,15,False,True,False,0,0,0,0,15,0,15,0,0,0,0,0,"{""true_no_upstream_url_evidence"": 15}",true_no_upstream_url_evidence,not_old_public_411_member,
203517,KENT STATE UNIVERSITY-MAIN CAMPUS,public,OH,True,15,True,False,True,12,0,0,12,3,0,3,0,0,0,0,0,"{""accepted_source_row"": 12, ""true_no_upstream_url_evidence"": 3}",true_no_upstream_url_evidence,accepted_after_repair,historical_lead; validated_human_legacy
203544,KETTERING COLLEGE OF MEDICAL ARTS,private,OH,True,12,False,True,False,0,0,0,0,12,0,12,0,0,0,0,0,"{""true_no_upstream_url_evidence"": 12}",true_no_upstream_url_evidence,not_old_public_411_member,
203845,MARIETTA COLLEGE,private,OH,True,15,True,False,False,2,8,8,10,5,0,5,0,0,0,0,0,"{""accepted_source_row"": 10, ""true_no_upstream_url_evidence"": 5}",true_no_upstream_url_evidence,not_old_public_411_member,prior_programmatic; validated_human_legacy
204185,MOUNT UNION COLLEGE,private,OH,True,15,False,True,False,4,0,0,4,11,0,11,0,0,0,0,0,"{""accepted_source_row"": 4, ""true_no_upstream_url_evidence"": 11}",true_no_upstream_url_evidence,not_old_public_411_member,historical_lead
204194,MOUNT VERNON NAZARENE UNIVERSITY,private,OH,True,15,False,True,False,14,0,0,14,1,0,1,0,0,0,0,0,"{""accepted_source_row"": 14, ""true_no_upstream_url_evidence"": 1}",true_no_upstream_url_evidence,not_old_public_411_member,unknown_or_current_only
204264,MUSKINGUM COLLEGE,private,OH,True,15,False,True,False,14,0,0,14,1,0,1,0,0,0,0,0,"{""accepted_source_row"": 14, ""true_no_upstream_url_evidence"": 1}",true_no_upstream_url_evidence,not_old_public_411_member,historical_lead
204671,OHIO STATE UNIVERSITY-LIMA CAMPUS,public,OH,True,15,False,True,False,0,0,0,0,15,0,15,0,0,0,0,0,"{""true_no_upstream_url_evidence"": 15}",true_no_upstream_url_evidence,not_old_public_411_member,
204699,OHIO STATE UNIVERSITY-MARION CAMPUS,public,OH,True,15,False,True,False,0,0,0,0,15,0,15,0,0,0,0,0,"{""true_no_upstream_url_evidence"": 15}",true_no_upstream_url_evidence,not_old_public_411_member,
204909,OHIO WESLEYAN UNIVERSITY,private,OH,True,15,False,True,False,13,0,0,13,2,0,2,0,0,0,0,0,"{""accepted_source_row"": 13, ""true_no_upstream_url_evidence"": 2}",true_no_upstream_url_evidence,not_old_public_411_member,prior_programmatic
206048,TIFFIN UNIVERSITY,private,OH,True,15,True,False,False,0,0,0,0,15,0,15,0,0,0,0,0,"{""true_no_upstream_url_evidence"": 15}",true_no_upstream_url_evidence,not_old_public_411_member,
206349,URSULINE COLLEGE,private,OH,True,15,False,True,False,0,0,0,0,15,0,15,0,0,0,0,0,"{""true_no_upstream_url_evidence"": 15}",true_no_upstream_url_evidence,not_old_public_411_member,
206525,WITTENBERG UNIVERSITY,private,OH,True,15,True,False,False,10,0,0,10,5,0,5,0,0,0,0,0,"{""accepted_source_row"": 10, ""true_no_upstream_url_evidence"": 5}",true_no_upstream_url_evidence,not_old_public_411_member,validated_human_legacy
206695,YOUNGSTOWN STATE UNIVERSITY,public,OH,True,15,True,False,True,7,0,0,7,8,0,8,0,0,0,0,0,"{""accepted_source_row"": 7, ""true_no_upstream_url_evidence"": 8}",true_no_upstream_url_evidence,accepted_after_repair,historical_lead; validated_human_legacy
206862,SOUTHERN NAZARENE UNIVERSITY,private,OK,True,15,False,True,False,3,0,0,3,12,0,12,0,0,0,0,0,"{""accepted_source_row"": 3, ""true_no_upstream_url_evidence"": 12}",true_no_upstream_url_evidence,not_old_public_411_member,historical_lead
206914,CAMERON UNIVERSITY,public,OK,True,15,True,False,True,8,0,0,8,7,0,7,0,0,0,0,0,"{""accepted_source_row"": 8, ""true_no_upstream_url_evidence"": 7}",true_no_upstream_url_evidence,accepted_after_repair,prior_programmatic; validated_human_legacy
207041,EAST CENTRAL UNIVERSITY,public,OK,True,14,True,False,True,0,3,3,3,11,0,11,0,0,0,0,0,"{""accepted_source_row"": 3, ""true_no_upstream_url_evidence"": 11}",true_no_upstream_url_evidence,accepted_after_repair,prior_programmatic; validated_human_legacy
207209,LANGSTON UNIVERSITY,public,OK,True,15,False,True,False,0,0,0,0,15,0,15,0,0,0,0,0,"{""true_no_upstream_url_evidence"": 15}",true_no_upstream_url_evidence,not_old_public_411_member,
207351,OKLAHOMA PANHANDLE STATE UNIVERSITY,public,OK,True,15,True,False,False,4,0,0,4,11,0,11,0,0,0,0,0,"{""accepted_source_row"": 4, ""true_no_upstream_url_evidence"": 11}",true_no_upstream_url_evidence,not_old_public_411_member,historical_lead; validated_human_legacy
207403,OKLAHOMA BAPTIST UNIVERSITY,private,OK,True,15,False,True,False,10,0,0,10,5,0,5,0,0,0,0,0,"{""accepted_source_row"": 10, ""true_no_upstream_url_evidence"": 5}",true_no_upstream_url_evidence,not_old_public_411_member,prior_programmatic
207582,ORAL ROBERTS UNIVERSITY,private,OK,True,15,False,True,False,0,0,0,0,15,0,15,0,0,0,0,0,"{""true_no_upstream_url_evidence"": 15}",true_no_upstream_url_evidence,not_old_public_411_member,
207856,SOUTHWESTERN CHRISTIAN UNIVERSITY,private,OK,True,14,False,True,False,10,0,0,10,4,0,4,0,0,0,0,0,"{""accepted_source_row"": 10, ""true_no_upstream_url_evidence"": 4}",true_no_upstream_url_evidence,not_old_public_411_member,historical_lead; unknown_or_current_only
208646,EASTERN OREGON UNIVERSITY,public,OR,True,15,True,False,True,0,0,0,0,15,0,15,0,0,0,0,0,"{""true_no_upstream_url_evidence"": 15}",true_no_upstream_url_evidence,selected_unresolved_after_repair,
209506,OREGON INSTITUTE OF TECHNOLOGY,public,OR,True,15,True,False,True,5,0,0,5,10,0,10,0,0,0,0,0,"{""accepted_source_row"": 5, ""true_no_upstream_url_evidence"": 10}",true_no_upstream_url_evidence,accepted_after_repair,historical_lead; validated_human_legacy
209551,UNIVERSITY OF OREGON,public,OR,True,15,False,True,False,3,0,0,3,12,0,12,0,0,0,0,0,"{""accepted_source_row"": 3, ""true_no_upstream_url_evidence"": 12}",true_no_upstream_url_evidence,not_old_public_411_member,historical_lead
210331,WESTERN BAPTIST COLLEGE,private,OR,True,15,False,True,False,12,0,0,12,3,0,3,0,0,0,0,0,"{""accepted_source_row"": 12, ""true_no_upstream_url_evidence"": 3}",true_no_upstream_url_evidence,not_old_public_411_member,historical_lead; unknown_or_current_only
210429,WESTERN OREGON UNIVERSITY,public,OR,True,15,True,False,True,4,0,0,4,11,0,11,0,0,0,0,0,"{""accepted_source_row"": 4, ""true_no_upstream_url_evidence"": 11}",true_no_upstream_url_evidence,accepted_after_repair,historical_lead; validated_human_legacy
210571,ALBRIGHT COLLEGE,private,PA,True,15,True,False,False,0,0,0,0,15,0,15,0,0,0,0,0,"{""true_no_upstream_url_evidence"": 15}",true_no_upstream_url_evidence,not_old_public_411_member,
210739,DESALES UNIVERSITY,private,PA,True,15,True,False,False,0,0,0,0,15,0,15,0,0,0,0,0,"{""true_no_upstream_url_evidence"": 15}",true_no_upstream_url_evidence,not_old_public_411_member,
211088,ARCADIA UNIVERSITY,private,PA,True,15,False,True,False,6,0,0,6,9,0,9,0,0,0,0,0,"{""accepted_source_row"": 6, ""true_no_upstream_url_evidence"": 9}",true_no_upstream_url_evidence,not_old_public_411_member,historical_lead; unknown_or_current_only
211556,CHATHAM COLLEGE,private,PA,True,15,False,True,False,6,0,0,6,9,0,9,0,0,0,0,0,"{""accepted_source_row"": 6, ""true_no_upstream_url_evidence"": 9}",true_no_upstream_url_evidence,not_old_public_411_member,historical_lead; unknown_or_current_only
211608,CHEYNEY UNIVERSITY OF PENNSYLVANIA,public,PA,True,15,False,True,False,0,0,0,0,15,0,15,0,0,0,0,0,"{""true_no_upstream_url_evidence"": 15}",true_no_upstream_url_evidence,not_old_public_411_member,
212009,DICKINSON COLLEGE,private,PA,True,15,True,False,False,5,1,1,6,9,0,9,0,0,0,0,0,"{""accepted_source_row"": 6, ""true_no_upstream_url_evidence"": 9}",true_no_upstream_url_evidence,not_old_public_411_member,validated_human_legacy
212601,GANNON UNIVERSITY,private,PA,True,15,True,False,False,2,0,0,2,13,0,13,0,0,0,0,0,"{""accepted_source_row"": 2, ""true_no_upstream_url_evidence"": 13}",true_no_upstream_url_evidence,not_old_public_411_member,validated_human_legacy
212656,GENEVA COLLEGE,private,PA,True,15,False,True,False,9,0,0,9,6,0,6,0,0,0,0,0,"{""accepted_source_row"": 9, ""true_no_upstream_url_evidence"": 6}",true_no_upstream_url_evidence,not_old_public_411_member,historical_lead; unknown_or_current_only
212674,GETTYSBURG COLLEGE,private,PA,True,14,False,True,False,7,0,0,7,7,0,7,0,0,0,0,0,"{""accepted_source_row"": 7, ""true_no_upstream_url_evidence"": 7}",true_no_upstream_url_evidence,not_old_public_411_member,historical_lead
212911,HAVERFORD COLLEGE,private,PA,True,15,False,True,False,4,0,0,4,11,0,11,0,0,0,0,0,"{""accepted_source_row"": 4, ""true_no_upstream_url_evidence"": 11}",true_no_upstream_url_evidence,not_old_public_411_member,unknown_or_current_only; validated_human_legacy
213251,JUNIATA COLLEGE,private,PA,True,15,False,True,False,2,0,0,2,13,0,13,0,0,0,0,0,"{""accepted_source_row"": 2, ""true_no_upstream_url_evidence"": 13}",true_no_upstream_url_evidence,not_old_public_411_member,historical_lead
213303,KEYSTONE COLLEGE,private,PA,True,15,False,True,False,14,0,0,14,1,0,1,0,0,0,0,0,"{""accepted_source_row"": 14, ""true_no_upstream_url_evidence"": 1}",true_no_upstream_url_evidence,not_old_public_411_member,historical_lead; unknown_or_current_only
213321,KINGS COLLEGE,private,PA,True,15,True,False,False,13,0,0,13,2,0,2,0,0,0,0,0,"{""accepted_source_row"": 13, ""true_no_upstream_url_evidence"": 2}",true_no_upstream_url_evidence,not_old_public_411_member,validated_human_legacy
213367,LA SALLE UNIVERSITY,private,PA,True,15,True,False,False,7,0,0,7,8,0,8,0,0,0,0,0,"{""accepted_source_row"": 7, ""true_no_upstream_url_evidence"": 8}",true_no_upstream_url_evidence,not_old_public_411_member,validated_human_legacy
213400,LANCASTER BIBLE COLLEGE,private,PA,True,15,False,True,False,0,0,0,0,15,0,15,0,0,0,0,0,"{""true_no_upstream_url_evidence"": 15}",true_no_upstream_url_evidence,not_old_public_411_member,
213598,LINCOLN UNIVERSITY,public,PA,True,12,True,False,True,3,0,0,3,9,0,9,0,0,0,0,0,"{""accepted_source_row"": 3, ""true_no_upstream_url_evidence"": 9}",true_no_upstream_url_evidence,accepted_after_repair,validated_human_legacy
214883,PEIRCE COLLEGE,private,PA,True,6,False,True,False,1,0,0,1,5,0,5,0,0,0,0,0,"{""accepted_source_row"": 1, ""true_no_upstream_url_evidence"": 5}",true_no_upstream_url_evidence,not_old_public_411_member,historical_lead
215099,PHILADELPHIA UNIVERSITY,private,PA,True,9,True,False,False,0,0,0,0,9,0,9,0,0,0,0,0,"{""true_no_upstream_url_evidence"": 9}",true_no_upstream_url_evidence,not_old_public_411_member,
215105,THE UNIVERSITY OF THE ARTS,private,PA,True,15,False,True,False,0,0,0,0,15,0,15,0,0,0,0,0,"{""true_no_upstream_url_evidence"": 15}",true_no_upstream_url_evidence,not_old_public_411_member,
216038,SLIPPERY ROCK UNIVERSITY OF PENNSYLVANIA,public,PA,True,15,True,False,True,13,0,0,13,2,0,2,0,0,0,0,0,"{""accepted_source_row"": 13, ""true_no_upstream_url_evidence"": 2}",true_no_upstream_url_evidence,accepted_after_repair,historical_lead; validated_human_legacy
216694,WAYNESBURG COLLEGE,private,PA,True,15,False,True,False,0,0,0,0,15,0,15,0,0,0,0,0,"{""true_no_upstream_url_evidence"": 15}",true_no_upstream_url_evidence,not_old_public_411_member,
216852,WIDENER UNIVERSITY-MAIN CAMPUS,private,PA,True,15,True,False,False,0,6,6,6,9,0,9,0,0,0,0,0,"{""accepted_source_row"": 6, ""true_no_upstream_url_evidence"": 9}",true_no_upstream_url_evidence,not_old_public_411_member,validated_human_legacy
217420,RHODE ISLAND COLLEGE,public,RI,True,15,True,False,True,0,0,0,0,15,0,15,0,0,0,0,0,"{""true_no_upstream_url_evidence"": 15}",true_no_upstream_url_evidence,selected_unresolved_after_repair,
217518,ROGER WILLIAMS UNIVERSITY,private,RI,True,15,True,False,False,0,9,9,9,6,0,6,0,0,0,0,0,"{""accepted_source_row"": 9, ""true_no_upstream_url_evidence"": 6}",true_no_upstream_url_evidence,not_old_public_411_member,validated_human_legacy
217536,SALVE REGINA UNIVERSITY,private,RI,True,15,False,True,False,2,0,0,2,13,0,13,0,0,0,0,0,"{""accepted_source_row"": 2, ""true_no_upstream_url_evidence"": 13}",true_no_upstream_url_evidence,not_old_public_411_member,historical_lead
217907,COKER COLLEGE,private,SC,True,15,True,False,False,6,0,0,6,9,0,9,0,0,0,0,0,"{""accepted_source_row"": 6, ""true_no_upstream_url_evidence"": 9}",true_no_upstream_url_evidence,not_old_public_411_member,validated_human_legacy
217934,COLUMBIA COLLEGE,private,SC,True,15,True,False,False,14,0,0,14,1,0,1,0,0,0,0,0,"{""accepted_source_row"": 14, ""true_no_upstream_url_evidence"": 1}",true_no_upstream_url_evidence,not_old_public_411_member,historical_lead; validated_human_legacy
217961,CONVERSE COLLEGE,private,SC,True,14,False,True,False,1,0,0,1,13,0,13,0,0,0,0,0,"{""accepted_source_row"": 1, ""true_no_upstream_url_evidence"": 13}",true_no_upstream_url_evidence,not_old_public_411_member,historical_lead
217998,ERSKINE COLLEGE AND SEMINARY,private,SC,True,15,False,True,False,0,0,0,0,15,0,15,0,0,0,0,0,"{""true_no_upstream_url_evidence"": 15}",true_no_upstream_url_evidence,not_old_public_411_member,
218061,FRANCIS MARION UNIVERSITY,public,SC,True,15,True,False,True,14,0,0,14,1,0,1,0,0,0,0,0,"{""accepted_source_row"": 14, ""true_no_upstream_url_evidence"": 1}",true_no_upstream_url_evidence,accepted_after_repair,prior_programmatic; validated_human_legacy
218229,LANDER UNIVERSITY,public,SC,True,15,True,False,True,0,1,1,1,14,0,14,0,0,0,0,0,"{""accepted_source_row"": 1, ""true_no_upstream_url_evidence"": 14}",true_no_upstream_url_evidence,accepted_after_repair,validated_human_legacy
218399,MORRIS COLLEGE,private,SC,True,15,True,False,False,8,0,0,8,7,0,7,0,0,0,0,0,"{""accepted_source_row"": 8, ""true_no_upstream_url_evidence"": 7}",true_no_upstream_url_evidence,not_old_public_411_member,validated_human_legacy
218414,NEWBERRY COLLEGE,private,SC,True,15,True,False,False,9,0,0,9,6,0,6,0,0,0,0,0,"{""accepted_source_row"": 9, ""true_no_upstream_url_evidence"": 6}",true_no_upstream_url_evidence,not_old_public_411_member,unknown_or_current_only; validated_human_legacy
218724,COASTAL CAROLINA UNIVERSITY,public,SC,True,15,True,False,True,2,0,0,2,13,0,13,0,0,0,0,0,"{""accepted_source_row"": 2, ""true_no_upstream_url_evidence"": 13}",true_no_upstream_url_evidence,accepted_after_repair,validated_human_legacy
218742,UNIVERSITY OF SOUTH CAROLINA AT SPARTANBURG,public,SC,True,15,True,False,True,12,0,0,12,3,0,3,0,0,0,0,0,"{""accepted_source_row"": 12, ""true_no_upstream_url_evidence"": 3}",true_no_upstream_url_evidence,accepted_after_repair,historical_lead; validated_human_legacy
219000,AUGUSTANA COLLEGE,private,SD,True,15,False,True,False,7,0,0,7,8,0,8,0,0,0,0,0,"{""accepted_source_row"": 7, ""true_no_upstream_url_evidence"": 8}",true_no_upstream_url_evidence,not_old_public_411_member,historical_lead
219046,BLACK HILLS STATE UNIVERSITY,public,SD,True,15,True,False,True,9,0,0,9,6,0,6,0,0,0,0,0,"{""accepted_source_row"": 9, ""true_no_upstream_url_evidence"": 6}",true_no_upstream_url_evidence,accepted_after_repair,prior_programmatic; validated_human_legacy
219082,DAKOTA STATE UNIVERSITY,public,SD,True,15,True,False,True,6,0,0,6,9,0,9,0,0,0,0,0,"{""accepted_source_row"": 6, ""true_no_upstream_url_evidence"": 9}",true_no_upstream_url_evidence,accepted_after_repair,prior_programmatic; validated_human_legacy
219259,NORTHERN STATE UNIVERSITY,public,SD,True,15,True,False,True,6,0,0,6,9,0,9,0,0,0,0,0,"{""accepted_source_row"": 6, ""true_no_upstream_url_evidence"": 9}",true_no_upstream_url_evidence,accepted_after_repair,historical_lead; validated_human_legacy
219295,PRESENTATION COLLEGE,private,SD,True,15,False,True,False,12,0,0,12,3,0,3,0,0,0,0,0,"{""accepted_source_row"": 12, ""true_no_upstream_url_evidence"": 3}",true_no_upstream_url_evidence,not_old_public_411_member,prior_programmatic
219578,AQUINAS COLLEGE,private,TN,True,7,False,True,False,2,0,0,2,5,0,5,0,0,0,0,0,"{""accepted_source_row"": 2, ""true_no_upstream_url_evidence"": 5}",true_no_upstream_url_evidence,not_old_public_411_member,historical_lead
219639,BAPTIST MEMORIAL COLLEGE OF HEALTH SCIENCES,private,TN,True,15,False,True,False,3,0,0,3,12,0,12,0,0,0,0,0,"{""accepted_source_row"": 3, ""true_no_upstream_url_evidence"": 12}",true_no_upstream_url_evidence,not_old_public_411_member,historical_lead
219949,CUMBERLAND UNIVERSITY,private,TN,True,15,True,False,False,6,0,0,6,9,0,9,0,0,0,0,0,"{""accepted_source_row"": 6, ""true_no_upstream_url_evidence"": 9}",true_no_upstream_url_evidence,not_old_public_411_member,validated_human_legacy
220473,JOHNSON BIBLE COLLEGE,private,TN,True,15,False,True,False,4,0,0,4,11,0,11,0,0,0,0,0,"{""accepted_source_row"": 4, ""true_no_upstream_url_evidence"": 11}",true_no_upstream_url_evidence,not_old_public_411_member,historical_lead; unknown_or_current_only
220598,LANE COLLEGE,private,TN,True,14,False,True,False,0,0,0,0,14,0,14,0,0,0,0,0,"{""true_no_upstream_url_evidence"": 14}",true_no_upstream_url_evidence,not_old_public_411_member,
220710,MARYVILLE COLLEGE,private,TN,True,15,True,False,False,0,8,8,8,7,0,7,0,0,0,0,0,"{""accepted_source_row"": 8, ""true_no_upstream_url_evidence"": 7}",true_no_upstream_url_evidence,not_old_public_411_member,validated_human_legacy
221014,MILLIGAN COLLEGE,private,TN,True,7,False,True,False,0,0,0,0,7,0,7,0,0,0,0,0,"{""true_no_upstream_url_evidence"": 7}",true_no_upstream_url_evidence,not_old_public_411_member,
221731,TENNESSEE WESLEYAN COLLEGE,private,TN,True,15,True,False,False,6,0,0,6,9,0,9,0,0,0,0,0,"{""accepted_source_row"": 6, ""true_no_upstream_url_evidence"": 9}",true_no_upstream_url_evidence,not_old_public_411_member,validated_human_legacy
222983,AUSTIN COLLEGE,private,TX,True,15,False,True,False,0,10,10,10,5,0,5,0,0,0,0,0,"{""accepted_source_row"": 10, ""true_no_upstream_url_evidence"": 5}",true_no_upstream_url_evidence,not_old_public_411_member,prior_programmatic
223117,Baptist Missionary Association Theological Seminary,private,TX,True,2,False,True,False,0,0,0,0,2,0,2,0,0,0,0,0,"{""true_no_upstream_url_evidence"": 2}",true_no_upstream_url_evidence,not_old_public_411_member,
224554,TEXAS A & M UNIVERSITY-COMMERCE,public,TX,True,13,True,False,False,9,0,0,9,4,0,4,0,0,0,0,0,"{""accepted_source_row"": 9, ""true_no_upstream_url_evidence"": 4}",true_no_upstream_url_evidence,not_old_public_411_member,historical_lead; validated_human_legacy
225247,HARDIN-SIMMONS UNIVERSITY,private,TX,True,15,True,False,False,5,0,0,5,10,0,10,0,0,0,0,0,"{""accepted_source_row"": 5, ""true_no_upstream_url_evidence"": 10}",true_no_upstream_url_evidence,not_old_public_411_member,validated_human_legacy
225414,University of Houston-Clear Lake,public,TX,True,2,True,False,False,0,0,0,0,2,0,2,0,0,0,0,0,"{""true_no_upstream_url_evidence"": 2}",true_no_upstream_url_evidence,not_old_public_411_member,
225502,University of Houston-Victoria,public,TX,True,6,True,False,False,2,0,0,2,4,0,4,0,0,0,0,0,"{""accepted_source_row"": 2, ""true_no_upstream_url_evidence"": 4}",true_no_upstream_url_evidence,not_old_public_411_member,validated_human_legacy
225627,UNIVERSITY OF THE INCARNATE WORD,private,TX,True,15,True,False,False,10,0,0,10,5,0,5,0,0,0,0,0,"{""accepted_source_row"": 10, ""true_no_upstream_url_evidence"": 5}",true_no_upstream_url_evidence,not_old_public_411_member,validated_human_legacy
226383,LUBBOCK CHRISTIAN UNIVERSITY,private,TX,True,15,False,True,False,9,0,0,9,6,0,6,0,0,0,0,0,"{""accepted_source_row"": 9, ""true_no_upstream_url_evidence"": 6}",true_no_upstream_url_evidence,not_old_public_411_member,historical_lead; prior_programmatic
226587,MCMURRY UNIVERSITY,private,TX,True,15,True,False,False,0,6,6,6,9,0,9,0,0,0,0,0,"{""accepted_source_row"": 6, ""true_no_upstream_url_evidence"": 9}",true_no_upstream_url_evidence,not_old_public_411_member,prior_programmatic; validated_human_legacy
228042,SCHREINER UNIVERSITY,private,TX,True,15,False,True,False,4,0,0,4,11,0,11,0,0,0,0,0,"{""accepted_source_row"": 4, ""true_no_upstream_url_evidence"": 11}",true_no_upstream_url_evidence,not_old_public_411_member,historical_lead
228468,SOUTHWESTERN ADVENTIST UNIVERSITY,private,TX,True,15,False,True,False,0,0,0,0,15,0,15,0,0,0,0,0,"{""true_no_upstream_url_evidence"": 15}",true_no_upstream_url_evidence,not_old_public_411_member,
228501,SUL ROSS STATE UNIVERSITY,public,TX,True,15,True,False,True,6,0,0,6,9,0,9,0,0,0,0,0,"{""accepted_source_row"": 6, ""true_no_upstream_url_evidence"": 9}",true_no_upstream_url_evidence,accepted_after_repair,historical_lead; validated_human_legacy
228529,TARLETON STATE UNIVERSITY,public,TX,True,15,False,True,False,5,0,0,5,10,0,10,0,0,0,0,0,"{""accepted_source_row"": 5, ""true_no_upstream_url_evidence"": 10}",true_no_upstream_url_evidence,not_old_public_411_member,historical_lead
228769,THE UNIVERSITY OF TEXAS AT ARLINGTON,public,TX,True,15,False,True,False,7,0,0,7,8,0,8,0,0,0,0,0,"{""accepted_source_row"": 7, ""true_no_upstream_url_evidence"": 8}",true_no_upstream_url_evidence,not_old_public_411_member,historical_lead
228802,THE UNIVERSITY OF TEXAS AT TYLER,public,TX,True,15,True,False,True,5,0,0,5,10,0,10,0,0,0,0,0,"{""accepted_source_row"": 5, ""true_no_upstream_url_evidence"": 10}",true_no_upstream_url_evidence,accepted_after_repair,historical_lead; validated_human_legacy
228884,TEXAS COLLEGE,private,TX,True,15,False,True,False,7,0,0,7,8,0,8,0,0,0,0,0,"{""accepted_source_row"": 7, ""true_no_upstream_url_evidence"": 8}",true_no_upstream_url_evidence,not_old_public_411_member,historical_lead; unknown_or_current_only
229115,TEXAS TECH UNIVERSITY,public,TX,True,15,True,False,True,13,0,0,13,2,0,2,0,0,0,0,0,"{""accepted_source_row"": 13, ""true_no_upstream_url_evidence"": 2}",true_no_upstream_url_evidence,accepted_after_repair,historical_lead; validated_human_legacy
229179,TEXAS WOMAN'S UNIVERSITY,public,TX,True,15,True,False,True,14,0,0,14,1,0,1,0,0,0,0,0,"{""accepted_source_row"": 14, ""true_no_upstream_url_evidence"": 1}",true_no_upstream_url_evidence,accepted_after_repair,historical_lead; validated_human_legacy
229267,TRINITY UNIVERSITY,private,TX,True,15,True,False,False,9,0,0,9,6,0,6,0,0,0,0,0,"{""accepted_source_row"": 9, ""true_no_upstream_url_evidence"": 6}",true_no_upstream_url_evidence,not_old_public_411_member,validated_human_legacy
229780,WAYLAND BAPTIST UNIVERSITY,private,TX,True,15,True,False,False,4,0,0,4,11,0,11,0,0,0,0,0,"{""accepted_source_row"": 4, ""true_no_upstream_url_evidence"": 11}",true_no_upstream_url_evidence,not_old_public_411_member,validated_human_legacy
230807,WESTMINSTER COLLEGE,private,UT,True,15,True,False,False,7,0,0,7,8,0,8,0,0,0,0,0,"{""accepted_source_row"": 7, ""true_no_upstream_url_evidence"": 8}",true_no_upstream_url_evidence,not_old_public_411_member,validated_human_legacy
230834,CASTLETON STATE COLLEGE,public,VT,True,8,True,False,True,0,1,1,1,7,0,7,0,0,0,0,0,"{""accepted_source_row"": 1, ""true_no_upstream_url_evidence"": 7}",true_no_upstream_url_evidence,accepted_after_repair,validated_human_legacy
230995,NORWICH UNIVERSITY,private,VT,True,15,True,False,False,4,0,0,4,11,0,11,0,0,0,0,0,"{""accepted_source_row"": 4, ""true_no_upstream_url_evidence"": 11}",true_no_upstream_url_evidence,not_old_public_411_member,validated_human_legacy
231077,COLLEGE OF ST JOSEPH,private,VT,True,11,False,True,False,0,0,0,0,11,0,11,0,0,0,0,0,"{""true_no_upstream_url_evidence"": 11}",true_no_upstream_url_evidence,not_old_public_411_member,
231095,STERLING COLLEGE,private,VT,True,14,False,True,False,3,0,0,3,11,0,11,0,0,0,0,0,"{""accepted_source_row"": 3, ""true_no_upstream_url_evidence"": 11}",true_no_upstream_url_evidence,not_old_public_411_member,historical_lead
231165,VERMONT TECHNICAL COLLEGE,public,VT,True,8,True,False,False,4,0,0,4,4,0,4,0,0,0,0,0,"{""accepted_source_row"": 4, ""true_no_upstream_url_evidence"": 4}",true_no_upstream_url_evidence,not_old_public_411_member,historical_lead; validated_human_legacy
231624,COLLEGE OF WILLIAM AND MARY,public,VA,True,15,True,False,True,12,0,0,12,3,0,3,0,0,0,0,0,"{""accepted_source_row"": 12, ""true_no_upstream_url_evidence"": 3}",true_no_upstream_url_evidence,accepted_after_repair,historical_lead; validated_human_legacy
231712,CHRISTOPHER NEWPORT UNIVERSITY,public,VA,True,15,True,False,True,0,0,0,0,15,0,15,0,0,0,0,0,"{""true_no_upstream_url_evidence"": 15}",true_no_upstream_url_evidence,selected_unresolved_after_repair,
232025,EMORY AND HENRY COLLEGE,private,VA,True,15,False,True,False,0,0,0,0,15,0,15,0,0,0,0,0,"{""true_no_upstream_url_evidence"": 15}",true_no_upstream_url_evidence,not_old_public_411_member,
232256,HAMPDEN-SYDNEY COLLEGE,private,VA,True,14,True,False,False,0,0,0,0,14,0,14,0,0,0,0,0,"{""true_no_upstream_url_evidence"": 14}",true_no_upstream_url_evidence,not_old_public_411_member,
232308,HOLLINS UNIVERSITY,private,VA,True,15,False,True,False,7,0,0,7,8,0,8,0,0,0,0,0,"{""accepted_source_row"": 7, ""true_no_upstream_url_evidence"": 8}",true_no_upstream_url_evidence,not_old_public_411_member,historical_lead; unknown_or_current_only
232672,MARY BALDWIN COLLEGE,private,VA,True,15,False,True,False,14,0,0,14,1,0,1,0,0,0,0,0,"{""accepted_source_row"": 14, ""true_no_upstream_url_evidence"": 1}",true_no_upstream_url_evidence,not_old_public_411_member,unknown_or_current_only
232681,MARY WASHINGTON COLLEGE,public,VA,True,15,True,False,True,0,1,1,1,14,0,14,0,0,0,0,0,"{""accepted_source_row"": 1, ""true_no_upstream_url_evidence"": 14}",true_no_upstream_url_evidence,accepted_after_repair,validated_human_legacy
232982,OLD DOMINION UNIVERSITY,public,VA,True,15,True,False,True,13,0,0,13,2,0,2,0,0,0,0,0,"{""accepted_source_row"": 13, ""true_no_upstream_url_evidence"": 2}",true_no_upstream_url_evidence,accepted_after_repair,historical_lead; validated_human_legacy
233301,RANDOLPH-MACON WOMAN'S COLLEGE,private,VA,True,14,False,True,False,0,0,0,0,14,0,14,0,0,0,0,0,"{""true_no_upstream_url_evidence"": 14}",true_no_upstream_url_evidence,not_old_public_411_member,
233356,Bon Secours Memorial College of Nursing,private,VA,True,2,False,True,False,0,0,0,0,2,0,2,0,0,0,0,0,"{""true_no_upstream_url_evidence"": 2}",true_no_upstream_url_evidence,not_old_public_411_member,
233426,ROANOKE COLLEGE,private,VA,True,15,False,True,False,13,0,0,13,2,0,2,0,0,0,0,0,"{""accepted_source_row"": 13, ""true_no_upstream_url_evidence"": 2}",true_no_upstream_url_evidence,not_old_public_411_member,historical_lead; unknown_or_current_only
233611,SOUTHERN VIRGINIA UNIVERSITY,private,VA,True,13,False,True,False,0,0,0,0,13,0,13,0,0,0,0,0,"{""true_no_upstream_url_evidence"": 13}",true_no_upstream_url_evidence,not_old_public_411_member,
233897,UNIVERSITY OF VIRGINIA'S COLLEGE AT WISE,public,VA,True,15,True,False,True,4,0,0,4,11,0,11,0,0,0,0,0,"{""accepted_source_row"": 4, ""true_no_upstream_url_evidence"": 11}",true_no_upstream_url_evidence,accepted_after_repair,historical_lead; validated_human_legacy
234155,VIRGINIA STATE UNIVERSITY,public,VA,True,15,True,False,True,8,0,0,8,7,0,7,0,0,0,0,0,"{""accepted_source_row"": 8, ""true_no_upstream_url_evidence"": 7}",true_no_upstream_url_evidence,accepted_after_repair,historical_lead; validated_human_legacy
236133,NORTHWEST COLLEGE OF THE ASSEMBLIES OF GOD,private,WA,True,15,True,False,False,0,13,13,13,2,0,2,0,0,0,0,0,"{""accepted_source_row"": 13, ""true_no_upstream_url_evidence"": 2}",true_no_upstream_url_evidence,not_old_public_411_member,validated_human_legacy
237181,BETHANY COLLEGE,private,WV,True,15,False,True,False,10,0,0,10,5,0,5,0,0,0,0,0,"{""accepted_source_row"": 10, ""true_no_upstream_url_evidence"": 5}",true_no_upstream_url_evidence,not_old_public_411_member,historical_lead
237330,CONCORD COLLEGE,public,WV,True,15,True,False,False,6,0,0,6,9,0,9,0,0,0,0,0,"{""accepted_source_row"": 6, ""true_no_upstream_url_evidence"": 9}",true_no_upstream_url_evidence,not_old_public_411_member,prior_programmatic; validated_human_legacy
237525,MARSHALL UNIVERSITY,public,WV,True,15,True,False,True,13,0,0,13,2,0,2,0,0,0,0,0,"{""accepted_source_row"": 13, ""true_no_upstream_url_evidence"": 2}",true_no_upstream_url_evidence,accepted_after_repair,historical_lead; validated_human_legacy
238430,CARDINAL STRITCH UNIVERSITY,private,WI,True,15,True,False,False,4,0,0,4,11,0,11,0,0,0,0,0,"{""accepted_source_row"": 4, ""true_no_upstream_url_evidence"": 11}",true_no_upstream_url_evidence,not_old_public_411_member,validated_human_legacy
238458,CARROLL COLLEGE,private,WI,True,15,True,False,False,13,0,0,13,2,0,2,0,0,0,0,0,"{""accepted_source_row"": 13, ""true_no_upstream_url_evidence"": 2}",true_no_upstream_url_evidence,not_old_public_411_member,validated_human_legacy
239071,MARANATHA BAPTIST BIBLE COLLEGE INC,private,WI,True,15,False,True,False,0,0,0,0,15,0,15,0,0,0,0,0,"{""true_no_upstream_url_evidence"": 15}",true_no_upstream_url_evidence,not_old_public_411_member,
239390,MOUNT MARY COLLEGE,private,WI,True,14,True,False,False,0,0,0,0,14,0,14,0,0,0,0,0,"{""true_no_upstream_url_evidence"": 14}",true_no_upstream_url_evidence,not_old_public_411_member,
239503,Northland Baptist Bible College,private,WI,True,4,False,True,False,0,0,0,0,4,0,4,0,0,0,0,0,"{""true_no_upstream_url_evidence"": 4}",true_no_upstream_url_evidence,not_old_public_411_member,
240107,VITERBO UNIVERSITY,private,WI,True,15,True,False,False,8,0,0,8,7,0,7,0,0,0,0,0,"{""accepted_source_row"": 8, ""true_no_upstream_url_evidence"": 7}",true_no_upstream_url_evidence,not_old_public_411_member,validated_human_legacy
241225,BAYAMON CENTRAL UNIVERSITY,private,PR,True,13,False,True,False,1,0,0,1,12,0,12,0,0,0,0,0,"{""accepted_source_row"": 1, ""true_no_upstream_url_evidence"": 12}",true_no_upstream_url_evidence,not_old_public_411_member,historical_lead
242617,INTER AMERICAN UNIV OF PUERTO RICO-SAN GERMAN,private,PR,True,15,True,False,False,6,0,0,6,9,0,9,0,0,0,0,0,"{""accepted_source_row"": 6, ""true_no_upstream_url_evidence"": 9}",true_no_upstream_url_evidence,not_old_public_411_member,validated_human_legacy
242626,INTER AMERICAN UNIV OF PUERTO RICO-AGUADILLA,private,PR,True,15,True,False,False,6,0,0,6,9,0,9,0,0,0,0,0,"{""accepted_source_row"": 6, ""true_no_upstream_url_evidence"": 9}",true_no_upstream_url_evidence,not_old_public_411_member,validated_human_legacy
242635,INTER AMERICAN UNIV OF PUERTO RICO-ARECIBO,private,PR,True,15,True,False,False,6,0,0,6,9,0,9,0,0,0,0,0,"{""accepted_source_row"": 6, ""true_no_upstream_url_evidence"": 9}",true_no_upstream_url_evidence,not_old_public_411_member,validated_human_legacy
242705,INTER AMERICAN UNIV OF PUERTO RICO-BAYAMON,private,PR,True,15,True,False,False,6,0,0,6,9,0,9,0,0,0,0,0,"{""accepted_source_row"": 6, ""true_no_upstream_url_evidence"": 9}",true_no_upstream_url_evidence,not_old_public_411_member,validated_human_legacy
243443,UNIVERSITY OF SACRED HEART,private,PR,True,15,True,False,False,0,14,14,14,1,0,1,0,0,0,0,0,"{""accepted_source_row"": 14, ""true_no_upstream_url_evidence"": 1}",true_no_upstream_url_evidence,not_old_public_411_member,validated_human_legacy
243832,EDP College of Puerto Rico Inc-San Juan,private,PR,True,7,False,True,False,0,0,0,0,7,0,7,0,0,0,0,0,"{""true_no_upstream_url_evidence"": 7}",true_no_upstream_url_evidence,not_old_public_411_member,
260947,CHRISTIAN LIFE COLLEGE,private,IL,True,5,False,True,False,1,0,0,1,4,0,4,0,0,0,0,0,"{""accepted_source_row"": 1, ""true_no_upstream_url_evidence"": 4}",true_no_upstream_url_evidence,not_old_public_411_member,unknown_or_current_only
262129,NEW COLLEGE OF FLORIDA,public,FL,True,15,False,True,False,0,0,0,0,15,0,15,0,0,0,0,0,"{""true_no_upstream_url_evidence"": 15}",true_no_upstream_url_evidence,not_old_public_411_member,
366003,South Florida Bible College and Theological Seminary,private,FL,True,6,False,True,False,0,0,0,0,6,0,6,0,0,0,0,0,"{""true_no_upstream_url_evidence"": 6}",true_no_upstream_url_evidence,not_old_public_411_member,
384254,BEACON COLLEGE,private,FL,True,14,False,True,False,10,0,0,10,4,0,4,0,0,0,0,0,"{""accepted_source_row"": 10, ""true_no_upstream_url_evidence"": 4}",true_no_upstream_url_evidence,not_old_public_411_member,historical_lead; unknown_or_current_only
399911,SOKA UNIVERSITY OF AMERICA,private,CA,True,13,False,True,False,2,0,0,2,11,0,11,0,0,0,0,0,"{""accepted_source_row"": 2, ""true_no_upstream_url_evidence"": 11}",true_no_upstream_url_evidence,not_old_public_411_member,historical_lead
437316,LINFIELD COLLEGE-PORTLAND CAMPUS,private,OR,True,3,False,True,False,0,0,0,0,3,0,3,0,0,0,0,0,"{""true_no_upstream_url_evidence"": 3}",true_no_upstream_url_evidence,not_old_public_411_member,
441900,NEVADA STATE COLLEGE AT HENDERSON,public,NV,True,14,True,False,True,0,0,0,0,14,0,14,0,0,0,0,0,"{""true_no_upstream_url_evidence"": 14}",true_no_upstream_url_evidence,selected_unresolved_after_repair,
446048,Ave Maria University,private,FL,True,12,False,True,False,1,0,0,1,11,0,11,0,0,0,0,0,"{""accepted_source_row"": 1, ""true_no_upstream_url_evidence"": 11}",true_no_upstream_url_evidence,not_old_public_411_member,historical_lead
446613,W L Bonner College,private,SC,True,2,False,True,False,0,0,0,0,2,0,2,0,0,0,0,0,"{""true_no_upstream_url_evidence"": 2}",true_no_upstream_url_evidence,not_old_public_411_member,
447689,Georgia Gwinnett College,public,GA,True,9,True,False,False,0,1,1,1,8,0,8,0,0,0,0,0,"{""accepted_source_row"": 1, ""true_no_upstream_url_evidence"": 8}",true_no_upstream_url_evidence,not_old_public_411_member,prior_programmatic
449764,Visible School-Music and Worships Arts College,private,TN,True,7,False,True,False,0,0,0,0,7,0,7,0,0,0,0,0,"{""true_no_upstream_url_evidence"": 7}",true_no_upstream_url_evidence,not_old_public_411_member,
455770,Providence Christian College,private,CA,True,8,False,True,False,0,0,0,0,8,0,8,0,0,0,0,0,"{""true_no_upstream_url_evidence"": 8}",true_no_upstream_url_evidence,not_old_public_411_member,
