unitid,institution_name,sector,candidate_url,catalog_year_start,catalog_year_end,candidate_generation_method,candidate_source_type,legacy_input_provenance,counts_as_legacy_coverage,candidate_source_file,source_query_or_root,candidate_materialization_priority
100858,Auburn University,public,https://bulletin.auburn.edu/archivedbulletins/2012-2013/undergraduate/,2012,2013,historical_url_evidence_materialization,legacy_input_url,prior_programmatic,True,_quarantine/policy_scraper_artifacts_20260702/artifacts/PILOTS/url_discovery/audit_trails/url_discovery_pilot_batch_002/source_review_log.csv,historical_discovery,1
100858,Auburn University,public,https://bulletin.auburn.edu/archivedbulletins/2013-2014/undergraduate/,2013,2014,historical_url_evidence_materialization,legacy_input_url,prior_programmatic,True,_quarantine/policy_scraper_artifacts_20260702/artifacts/PILOTS/url_discovery/audit_trails/url_discovery_pilot_batch_002/source_review_log.csv,historical_discovery,1
100858,Auburn University,public,https://bulletin.auburn.edu/archivedbulletins/2014-2015/undergraduate/,2014,2015,historical_url_evidence_materialization,legacy_input_url,prior_programmatic,True,_quarantine/policy_scraper_artifacts_20260702/artifacts/PILOTS/url_discovery/audit_trails/url_discovery_pilot_batch_002/source_review_log.csv,historical_discovery,1
100858,Auburn University,public,https://bulletin.auburn.edu/archivedbulletins/2015-2016/undergraduate/,2015,2016,historical_url_evidence_materialization,legacy_input_url,prior_programmatic,True,_quarantine/policy_scraper_artifacts_20260702/artifacts/PILOTS/url_discovery/audit_trails/url_discovery_pilot_batch_002/source_review_log.csv,historical_discovery,1
100858,Auburn University,public,https://bulletin.auburn.edu/archivedbulletins/2016-2017/undergraduate/,2016,2017,historical_url_evidence_materialization,legacy_input_url,prior_programmatic,True,_quarantine/policy_scraper_artifacts_20260702/artifacts/PILOTS/url_discovery/audit_trails/url_discovery_pilot_batch_002/source_review_log.csv,historical_discovery,1
102669,Alaska Pacific University,private,http://catalog.alaskapacific.edu/content.php?catoid=2&navoid=15,2010,2010,historical_url_evidence_materialization,legacy_input_url,prior_programmatic,True,_quarantine/policy_scraper_artifacts_20260702/artifacts/PIPELINE_OUTPUTS/01_url_discovery/production_chunks/production_chunk_scale_drill_002/OUTPUT_source_ledger_delta.csv,historical_attempt,1
102669,Alaska Pacific University,private,http://catalog.alaskapacific.edu/content.php?catoid=3&navoid=49,2011,2011,historical_url_evidence_materialization,legacy_input_url,prior_programmatic,True,_quarantine/policy_scraper_artifacts_20260702/artifacts/PIPELINE_OUTPUTS/01_url_discovery/production_chunks/production_chunk_scale_drill_002/OUTPUT_source_ledger_delta.csv,historical_attempt,1
102669,Alaska Pacific University,private,http://catalog.alaskapacific.edu/content.php?catoid=4&navoid=74,2012,2012,historical_url_evidence_materialization,legacy_input_url,prior_programmatic,True,_quarantine/policy_scraper_artifacts_20260702/artifacts/PIPELINE_OUTPUTS/01_url_discovery/production_chunks/production_chunk_scale_drill_002/OUTPUT_source_ledger_delta.csv,historical_attempt,1
102669,Alaska Pacific University,private,http://catalog.alaskapacific.edu/content.php?catoid=6&navoid=121,2013,2013,historical_url_evidence_materialization,legacy_input_url,prior_programmatic,True,_quarantine/policy_scraper_artifacts_20260702/artifacts/PIPELINE_OUTPUTS/01_url_discovery/production_chunks/production_chunk_scale_drill_002/OUTPUT_source_ledger_delta.csv,historical_attempt,1
102669,Alaska Pacific University,private,http://catalog.alaskapacific.edu/content.php?catoid=8&navoid=190,2014,2014,historical_url_evidence_materialization,legacy_input_url,prior_programmatic,True,_quarantine/policy_scraper_artifacts_20260702/artifacts/PIPELINE_OUTPUTS/01_url_discovery/production_chunks/production_chunk_scale_drill_002/OUTPUT_source_ledger_delta.csv,historical_attempt,1
102669,Alaska Pacific University,private,http://catalog.alaskapacific.edu/content.php?catoid=9&navoid=222,2015,2015,historical_url_evidence_materialization,legacy_input_url,prior_programmatic,True,_quarantine/policy_scraper_artifacts_20260702/artifacts/PIPELINE_OUTPUTS/01_url_discovery/production_chunks/production_chunk_scale_drill_002/OUTPUT_source_ledger_delta.csv,historical_attempt,1
102669,Alaska Pacific University,private,http://catalog.alaskapacific.edu/content.php?catoid=19&navoid=569,2016,2016,historical_url_evidence_materialization,legacy_input_url,prior_programmatic,True,_quarantine/policy_scraper_artifacts_20260702/artifacts/PIPELINE_OUTPUTS/01_url_discovery/production_chunks/production_chunk_scale_drill_002/OUTPUT_source_ledger_delta.csv,historical_attempt,1
105330,NORTHERN ARIZONA UNIVERSITY,public,https://web.archive.org/web/20020928195732/http://www2.nau.edu:80/,2002,2003,historical_url_evidence_materialization,historical_lead_input_url,imported_llm_candidate_lead,False,_quarantine/policy_scraper_artifacts_20260702/artifacts/OLD_OUTPUT_ARCHIVES/policy_data_rebuild_archive_20260622_054122/outputs/step4_source_review/step4_suggestion_source_review.csv,historical_attempt,2
105330,NORTHERN ARIZONA UNIVERSITY,public,https://web.archive.org/web/20031001005125/http://www3.nau.edu:80/,2003,2004,historical_url_evidence_materialization,historical_lead_input_url,imported_llm_candidate_lead,False,_quarantine/policy_scraper_artifacts_20260702/artifacts/OLD_OUTPUT_ARCHIVES/policy_data_rebuild_old/inputs/public_claude_coverage_grid.csv,historical_attempt,2
105330,Northern Arizona University,public,https://web.archive.org/web/20060922235445/http://www3.nau.edu/,2006,2007,historical_url_evidence_materialization,historical_lead_input_url,imported_llm_candidate_lead,False,_quarantine/policy_scraper_artifacts_20260702/artifacts/OLD_OUTPUT_ARCHIVES/policy_data_rebuild_old/inputs/public_claude_coverage_grid.csv,historical_attempt,2
105330,Northern Arizona University,public,https://web.archive.org/web/20060922235445/http://www3.nau.edu/,2006,2007,historical_url_evidence_materialization,historical_lead_input_url,imported_llm_candidate_lead,False,_quarantine/policy_scraper_artifacts_20260702/artifacts/OLD_OUTPUT_ARCHIVES/policy_data_rebuild_old/inputs/public_claude_coverage_grid.csv,historical_attempt,2
105330,Northern Arizona University,public,https://web.archive.org/web/20080922235445/http://www3.nau.edu/,2008,2009,historical_url_evidence_materialization,historical_lead_input_url,imported_llm_candidate_lead,False,_quarantine/policy_scraper_artifacts_20260702/artifacts/OLD_OUTPUT_ARCHIVES/policy_data_rebuild_archive_20260622_054122/outputs/step4_source_review/step4_suggestion_source_review.csv,historical_attempt,2
105330,Northern Arizona University,public,https://web.archive.org/web/20090922235445/http://www3.nau.edu/,2009,2010,historical_url_evidence_materialization,historical_lead_input_url,imported_llm_candidate_lead,False,_quarantine/policy_scraper_artifacts_20260702/artifacts/OLD_OUTPUT_ARCHIVES/policy_data_rebuild_archive_20260622_054122/outputs/step4_source_review/step4_suggestion_source_review.csv,historical_attempt,2
105330,Northern Arizona University,public,https://web.archive.org/web/20110625093320/http://www2.nau.edu:80/,2011,2012,historical_url_evidence_materialization,historical_lead_input_url,imported_llm_candidate_lead,False,_quarantine/policy_scraper_artifacts_20260702/artifacts/OLD_OUTPUT_ARCHIVES/policy_data_rebuild_old/inputs/public_claude_coverage_grid.csv,historical_attempt,2
106458,ARKANSAS STATE UNIVERSITY-MAIN CAMPUS,public,https://catalog.astate.edu/,2002,2002,historical_url_evidence_materialization,historical_lead_input_url,historical_programmatic_lead,False,_quarantine/policy_scraper_artifacts_20260702/artifacts/PILOTS/url_discovery/pipeline_outputs/pilot_batch_002/OUTPUT_urls_for_text_extraction.csv,historical_attempt,3
106458,ARKANSAS STATE UNIVERSITY-MAIN CAMPUS,public,https://catalog.astate.edu/,2003,2003,historical_url_evidence_materialization,historical_lead_input_url,historical_programmatic_lead,False,_quarantine/policy_scraper_artifacts_20260702/artifacts/PILOTS/url_discovery/pipeline_outputs/pilot_batch_002/OUTPUT_urls_for_text_extraction.csv,historical_attempt,3
106458,ARKANSAS STATE UNIVERSITY-MAIN CAMPUS,public,https://catalog.astate.edu/,2004,2004,historical_url_evidence_materialization,historical_lead_input_url,historical_programmatic_lead,False,_quarantine/policy_scraper_artifacts_20260702/artifacts/PILOTS/url_discovery/pipeline_outputs/pilot_batch_002/OUTPUT_urls_for_text_extraction.csv,historical_attempt,3
106458,Arkansas State University-Main Campus,public,https://catalog.astate.edu/,2005,2005,historical_url_evidence_materialization,historical_lead_input_url,historical_programmatic_lead,False,_quarantine/policy_scraper_artifacts_20260702/artifacts/PILOTS/url_discovery/pipeline_outputs/pilot_batch_002/OUTPUT_urls_for_text_extraction.csv,historical_attempt,3
106458,Arkansas State University-Main Campus,public,https://catalog.astate.edu/,2006,2006,historical_url_evidence_materialization,historical_lead_input_url,historical_programmatic_lead,False,_quarantine/policy_scraper_artifacts_20260702/artifacts/PILOTS/url_discovery/pipeline_outputs/pilot_batch_002/OUTPUT_urls_for_text_extraction.csv,historical_attempt,3
106458,Arkansas State University-Main Campus,public,https://catalog.astate.edu/,2007,2007,historical_url_evidence_materialization,historical_lead_input_url,historical_programmatic_lead,False,_quarantine/policy_scraper_artifacts_20260702/artifacts/PILOTS/url_discovery/pipeline_outputs/pilot_batch_002/OUTPUT_urls_for_text_extraction.csv,historical_attempt,3
106458,Arkansas State University-Main Campus,public,https://catalog.astate.edu/,2008,2008,historical_url_evidence_materialization,historical_lead_input_url,historical_programmatic_lead,False,_quarantine/policy_scraper_artifacts_20260702/artifacts/PILOTS/url_discovery/pipeline_outputs/pilot_batch_002/OUTPUT_urls_for_text_extraction.csv,historical_attempt,3
106458,Arkansas State University-Main Campus,public,https://catalog.astate.edu/,2009,2009,historical_url_evidence_materialization,historical_lead_input_url,historical_programmatic_lead,False,_quarantine/policy_scraper_artifacts_20260702/artifacts/PILOTS/url_discovery/pipeline_outputs/pilot_batch_002/OUTPUT_urls_for_text_extraction.csv,historical_attempt,3
106458,Arkansas State University-Main Campus,public,https://catalog.astate.edu/,2010,2010,historical_url_evidence_materialization,historical_lead_input_url,historical_programmatic_lead,False,_quarantine/policy_scraper_artifacts_20260702/artifacts/PILOTS/url_discovery/pipeline_outputs/pilot_batch_002/OUTPUT_urls_for_text_extraction.csv,historical_attempt,3
106458,Arkansas State University-Main Campus,public,https://catalog.astate.edu/,2011,2011,historical_url_evidence_materialization,historical_lead_input_url,historical_programmatic_lead,False,_quarantine/policy_scraper_artifacts_20260702/artifacts/PILOTS/url_discovery/pipeline_outputs/pilot_batch_002/OUTPUT_urls_for_text_extraction.csv,historical_attempt,3
106458,Arkansas State University-Main Campus,public,https://catalog.astate.edu/,2012,2012,historical_url_evidence_materialization,historical_lead_input_url,historical_programmatic_lead,False,_quarantine/policy_scraper_artifacts_20260702/artifacts/PILOTS/url_discovery/pipeline_outputs/pilot_batch_002/OUTPUT_urls_for_text_extraction.csv,historical_attempt,3
106458,Arkansas State University-Main Campus,public,https://catalog.astate.edu/,2013,2013,historical_url_evidence_materialization,historical_lead_input_url,historical_programmatic_lead,False,_quarantine/policy_scraper_artifacts_20260702/artifacts/PILOTS/url_discovery/pipeline_outputs/pilot_batch_002/OUTPUT_urls_for_text_extraction.csv,historical_attempt,3
106458,Arkansas State University-Main Campus,public,https://catalog.astate.edu/,2014,2014,historical_url_evidence_materialization,historical_lead_input_url,historical_programmatic_lead,False,_quarantine/policy_scraper_artifacts_20260702/artifacts/PILOTS/url_discovery/pipeline_outputs/pilot_batch_002/OUTPUT_urls_for_text_extraction.csv,historical_attempt,3
106458,Arkansas State University-Main Campus,public,https://catalog.astate.edu/,2015,2015,historical_url_evidence_materialization,historical_lead_input_url,historical_programmatic_lead,False,_quarantine/policy_scraper_artifacts_20260702/artifacts/PILOTS/url_discovery/pipeline_outputs/pilot_batch_002/OUTPUT_urls_for_text_extraction.csv,historical_attempt,3
106458,Arkansas State University-Main Campus,public,https://catalog.astate.edu/,2016,2016,historical_url_evidence_materialization,historical_lead_input_url,historical_programmatic_lead,False,_quarantine/policy_scraper_artifacts_20260702/artifacts/PILOTS/url_discovery/pipeline_outputs/pilot_batch_002/OUTPUT_urls_for_text_extraction.csv,historical_attempt,3
106467,ARKANSAS TECH UNIVERSITY,public,https://catalog.atu.edu/archive/2024-2025/pdf/2003-2004%20UndergraduateCatalog.pdf,2024,2025,historical_url_evidence_materialization,legacy_input_url,prior_programmatic,True,_quarantine/policy_scraper_artifacts_20260702/artifacts/PILOTS/url_discovery/audit_trails/url_discovery_pilot_batch_002/source_review_log.csv,historical_discovery,1
106467,ARKANSAS TECH UNIVERSITY,public,https://catalog.atu.edu/archive/2024-2025/pdf/2004-2005%20UndergraduateCatalog.pdf,2024,2025,historical_url_evidence_materialization,legacy_input_url,prior_programmatic,True,_quarantine/policy_scraper_artifacts_20260702/artifacts/PILOTS/url_discovery/audit_trails/url_discovery_pilot_batch_002/source_review_log.csv,historical_discovery,1
106467,Arkansas Tech University,public,https://catalog.atu.edu/archive/2024-2025/pdf/2005-2006%20UndergraduateCatalog.pdf,2024,2025,historical_url_evidence_materialization,legacy_input_url,prior_programmatic,True,_quarantine/policy_scraper_artifacts_20260702/artifacts/PILOTS/url_discovery/audit_trails/url_discovery_pilot_batch_002/source_review_log.csv,historical_discovery,1
106467,Arkansas Tech University,public,https://catalog.atu.edu/archive/2024-2025/pdf/2006-2007%20UndergraduateCatalog.pdf,2024,2025,historical_url_evidence_materialization,legacy_input_url,prior_programmatic,True,_quarantine/policy_scraper_artifacts_20260702/artifacts/PILOTS/url_discovery/audit_trails/url_discovery_pilot_batch_002/source_review_log.csv,historical_discovery,1
106467,Arkansas Tech University,public,https://catalog.atu.edu/archive/2024-2025/pdf/2007-2008%20UndergraduateCatalog.pdf,2024,2025,historical_url_evidence_materialization,legacy_input_url,prior_programmatic,True,_quarantine/policy_scraper_artifacts_20260702/artifacts/PILOTS/url_discovery/audit_trails/url_discovery_pilot_batch_002/source_review_log.csv,historical_discovery,1
106467,Arkansas Tech University,public,https://catalog.atu.edu/archive/2024-2025/pdf/2008-2009%20UndergraduateCatalog.pdf,2024,2025,historical_url_evidence_materialization,legacy_input_url,prior_programmatic,True,_quarantine/policy_scraper_artifacts_20260702/artifacts/PILOTS/url_discovery/audit_trails/url_discovery_pilot_batch_002/source_review_log.csv,historical_discovery,1
106467,Arkansas Tech University,public,https://catalog.atu.edu/archive/2024-2025/pdf/2009-2010%20UndergraduateCatalog.pdf,2024,2025,historical_url_evidence_materialization,legacy_input_url,prior_programmatic,True,_quarantine/policy_scraper_artifacts_20260702/artifacts/PILOTS/url_discovery/audit_trails/url_discovery_pilot_batch_002/source_review_log.csv,historical_discovery,1
106467,Arkansas Tech University,public,https://catalog.atu.edu/archive/2024-2025/pdf/2010-2011%20UndergraduateCatalog.pdf,2024,2025,historical_url_evidence_materialization,legacy_input_url,prior_programmatic,True,_quarantine/policy_scraper_artifacts_20260702/artifacts/PILOTS/url_discovery/audit_trails/url_discovery_pilot_batch_002/source_review_log.csv,historical_discovery,1
106467,Arkansas Tech University,public,https://catalog.atu.edu/archive/2024-2025/pdf/2011-2012%20UndergraduateCatalog.pdf,2024,2025,historical_url_evidence_materialization,legacy_input_url,prior_programmatic,True,_quarantine/policy_scraper_artifacts_20260702/artifacts/PILOTS/url_discovery/audit_trails/url_discovery_pilot_batch_002/source_review_log.csv,historical_discovery,1
106467,Arkansas Tech University,public,https://catalog.atu.edu/archive/2024-2025/pdf/2012-2013%20UndergraduateCatalog.pdf,2024,2025,historical_url_evidence_materialization,legacy_input_url,prior_programmatic,True,_quarantine/policy_scraper_artifacts_20260702/artifacts/PILOTS/url_discovery/audit_trails/url_discovery_pilot_batch_002/source_review_log.csv,historical_discovery,1
106467,Arkansas Tech University,public,https://catalog.atu.edu/archive/2024-2025/pdf/2013-14%20UndergraduateCatalog.pdf,2024,2025,historical_url_evidence_materialization,legacy_input_url,prior_programmatic,True,_quarantine/policy_scraper_artifacts_20260702/artifacts/PILOTS/url_discovery/audit_trails/url_discovery_pilot_batch_002/source_review_log.csv,historical_discovery,1
106467,Arkansas Tech University,public,https://catalog.atu.edu/archive/2024-2025/pdf/2014-15%20UndergraduateCatalog.pdf,2024,2025,historical_url_evidence_materialization,legacy_input_url,prior_programmatic,True,_quarantine/policy_scraper_artifacts_20260702/artifacts/PILOTS/url_discovery/audit_trails/url_discovery_pilot_batch_002/source_review_log.csv,historical_discovery,1
106467,Arkansas Tech University,public,https://catalog.atu.edu/archive/2024-2025/pdf/2015-16%20UndergraduateCatalog-updated.pdf,2024,2025,historical_url_evidence_materialization,legacy_input_url,prior_programmatic,True,_quarantine/policy_scraper_artifacts_20260702/artifacts/PILOTS/url_discovery/audit_trails/url_discovery_pilot_batch_002/source_review_log.csv,historical_discovery,1
106467,Arkansas Tech University,public,https://catalog.atu.edu/archive/2024-2025/pdf/2016-2017%20UndergraduateCatalog.pdf,2024,2025,historical_url_evidence_materialization,legacy_input_url,prior_programmatic,True,_quarantine/policy_scraper_artifacts_20260702/artifacts/PILOTS/url_discovery/audit_trails/url_discovery_pilot_batch_002/source_review_log.csv,historical_discovery,1
107071,HENDERSON STATE UNIVERSITY,public,https://hsu.edu/pdf/REG_ugbulletin01-03.pdf,2002,2002,historical_url_evidence_materialization,historical_lead_input_url,historical_programmatic_lead,False,_quarantine/policy_scraper_artifacts_20260702/artifacts/PILOTS/url_discovery/pipeline_outputs/pilot_batch_013_dev_008/OUTPUT_urls_for_text_extraction.csv,historical_attempt,3
107071,HENDERSON STATE UNIVERSITY,public,https://hsu.edu/pdf/REG_ugbulletin02-04.pdf,2003,2003,historical_url_evidence_materialization,historical_lead_input_url,historical_programmatic_lead,False,_quarantine/policy_scraper_artifacts_20260702/artifacts/PILOTS/url_discovery/pipeline_outputs/pilot_batch_013_dev_008/OUTPUT_urls_for_text_extraction.csv,historical_attempt,3
107071,HENDERSON STATE UNIVERSITY,public,https://hsu.edu/pdf/REG_ugbulletin03-05.pdf,2004,2004,historical_url_evidence_materialization,historical_lead_input_url,historical_programmatic_lead,False,_quarantine/policy_scraper_artifacts_20260702/artifacts/PILOTS/url_discovery/pipeline_outputs/pilot_batch_013_dev_008/OUTPUT_urls_for_text_extraction.csv,historical_attempt,3
107071,Henderson State University,public,https://hsu.edu/pdf/REG_ugbulletin04-06.pdf,2005,2005,historical_url_evidence_materialization,historical_lead_input_url,historical_programmatic_lead,False,_quarantine/policy_scraper_artifacts_20260702/artifacts/PILOTS/url_discovery/pipeline_outputs/pilot_batch_013_dev_008/OUTPUT_urls_for_text_extraction.csv,historical_attempt,3
107071,Henderson State University,public,https://hsu.edu/pdf/REG_ugbulletin05-07.pdf,2006,2006,historical_url_evidence_materialization,historical_lead_input_url,historical_programmatic_lead,False,_quarantine/policy_scraper_artifacts_20260702/artifacts/PILOTS/url_discovery/pipeline_outputs/pilot_batch_013_dev_008/OUTPUT_urls_for_text_extraction.csv,historical_attempt,3
107071,Henderson State University,public,https://hsu.edu/pdf/REG_ugbulletin06-08.pdf,2007,2007,historical_url_evidence_materialization,historical_lead_input_url,historical_programmatic_lead,False,_quarantine/policy_scraper_artifacts_20260702/artifacts/PILOTS/url_discovery/pipeline_outputs/pilot_batch_013_dev_008/OUTPUT_urls_for_text_extraction.csv,historical_attempt,3
107071,Henderson State University,public,https://hsu.edu/pdf/REG_ugbulletin07-09.pdf,2008,2008,historical_url_evidence_materialization,historical_lead_input_url,historical_programmatic_lead,False,_quarantine/policy_scraper_artifacts_20260702/artifacts/PILOTS/url_discovery/pipeline_outputs/pilot_batch_013_dev_008/OUTPUT_urls_for_text_extraction.csv,historical_attempt,3
107071,Henderson State University,public,https://hsu.edu/pdf/REG_ugbulletin08-10.pdf,2009,2009,historical_url_evidence_materialization,historical_lead_input_url,historical_programmatic_lead,False,_quarantine/policy_scraper_artifacts_20260702/artifacts/PILOTS/url_discovery/pipeline_outputs/pilot_batch_013_dev_008/OUTPUT_urls_for_text_extraction.csv,historical_attempt,3
107071,Henderson State University,public,https://hsu.edu/pdf/REG_ugbulletin09-11.pdf,2010,2010,historical_url_evidence_materialization,historical_lead_input_url,historical_programmatic_lead,False,_quarantine/policy_scraper_artifacts_20260702/artifacts/PILOTS/url_discovery/pipeline_outputs/pilot_batch_013_dev_008/OUTPUT_urls_for_text_extraction.csv,historical_attempt,3
107071,Henderson State University,public,https://hsu.edu/pdf/REG_ugbulletin10-12.pdf,2011,2011,historical_url_evidence_materialization,historical_lead_input_url,historical_programmatic_lead,False,_quarantine/policy_scraper_artifacts_20260702/artifacts/PILOTS/url_discovery/pipeline_outputs/pilot_batch_013_dev_008/OUTPUT_urls_for_text_extraction.csv,historical_attempt,3
107071,Henderson State University,public,https://hsu.edu/pdf/REG_ugbulletin11-13.pdf,2012,2012,historical_url_evidence_materialization,historical_lead_input_url,historical_programmatic_lead,False,_quarantine/policy_scraper_artifacts_20260702/artifacts/PILOTS/url_discovery/pipeline_outputs/pilot_batch_013_dev_008/OUTPUT_urls_for_text_extraction.csv,historical_attempt,3
107071,Henderson State University,public,https://hsu.edu/pdf/REG_ugbulletin12-14.pdf,2013,2013,historical_url_evidence_materialization,historical_lead_input_url,historical_programmatic_lead,False,_quarantine/policy_scraper_artifacts_20260702/artifacts/PILOTS/url_discovery/pipeline_outputs/pilot_batch_013_dev_008/OUTPUT_urls_for_text_extraction.csv,historical_attempt,3
107071,Henderson State University,public,https://www.hsu.edu/uploads/pages/ugcatalog_1416.pdf,2014,2014,historical_url_evidence_materialization,legacy_input_url,validated_human_legacy,True,_quarantine/policy_scraper_artifacts_20260702/artifacts/AUDIT_TRAILS/policy_data_internal_existing/90_INTERNAL_PIPELINE_ARTIFACTS/interim/archive/pre_namespace_run_20260609_production_namespace/legacy_evidence_links.csv,historical_attempt,0
107071,Henderson State University,public,https://hsu.edu/pdf/REG_ugbulletin14-16.pdf,2015,2015,historical_url_evidence_materialization,historical_lead_input_url,historical_programmatic_lead,False,_quarantine/policy_scraper_artifacts_20260702/artifacts/PILOTS/url_discovery/pipeline_outputs/pilot_batch_013_dev_008/OUTPUT_urls_for_text_extraction.csv,historical_attempt,3
107071,Henderson State University,public,https://hsu.edu/pdf/REG_ugbulletin15-17.pdf,2016,2016,historical_url_evidence_materialization,historical_lead_input_url,historical_programmatic_lead,False,_quarantine/policy_scraper_artifacts_20260702/artifacts/PILOTS/url_discovery/pipeline_outputs/pilot_batch_013_dev_008/OUTPUT_urls_for_text_extraction.csv,historical_attempt,3
107558,UNIVERSITY OF THE OZARKS,private,https://eaglenet.ozarks.edu/includes/pdffiles/catalogs/catalog0204.pdf,2002,2002,historical_url_evidence_materialization,legacy_input_url,prior_programmatic,True,_quarantine/policy_scraper_artifacts_20260702/artifacts/OLD_OUTPUT_ARCHIVES/policy_data_rebuild_archive_20260622_054122/outputs/step4_source_review/step4_suggestion_source_review.csv,historical_attempt,1
107558,UNIVERSITY OF THE OZARKS,private,https://eaglenet.ozarks.edu/includes/pdffiles/catalogs/catalog0405.pdf,2004,2004,historical_url_evidence_materialization,legacy_input_url,prior_programmatic,True,_quarantine/policy_scraper_artifacts_20260702/artifacts/OLD_OUTPUT_ARCHIVES/policy_data_rebuild_archive_20260622_054122/outputs/step4_source_review/step4_suggestion_source_review.csv,historical_attempt,1
107558,University of the Ozarks,private,https://eaglenet.ozarks.edu/includes/pdffiles/catalogs/catalog0506.pdf,2005,2005,historical_url_evidence_materialization,legacy_input_url,prior_programmatic,True,_quarantine/policy_scraper_artifacts_20260702/artifacts/OLD_OUTPUT_ARCHIVES/policy_data_rebuild_archive_20260622_054122/outputs/step4_source_review/step4_suggestion_source_review.csv,historical_attempt,1
107558,University of the Ozarks,private,https://eaglenet.ozarks.edu/includes/pdffiles/catalogs/catalog0607.pdf,2006,2006,historical_url_evidence_materialization,legacy_input_url,prior_programmatic,True,_quarantine/policy_scraper_artifacts_20260702/artifacts/OLD_OUTPUT_ARCHIVES/policy_data_rebuild_archive_20260622_054122/outputs/step4_source_review/step4_suggestion_source_review.csv,historical_attempt,1
107558,University of the Ozarks,private,https://eaglenet.ozarks.edu/includes/pdffiles/catalogs/catalog0708.pdf,2007,2007,historical_url_evidence_materialization,historical_lead_input_url,imported_llm_candidate_lead,False,_quarantine/policy_scraper_artifacts_20260702/artifacts/OLD_OUTPUT_ARCHIVES/policy_data_rebuild_archive_20260622_054122/outputs/step3_live_rebuilt_ledger/step3_suggestion_candidate_ledger.csv,historical_attempt,2
107558,University of the Ozarks,private,https://eaglenet.ozarks.edu/includes/pdffiles/catalogs/catalog0809.pdf,2008,2008,historical_url_evidence_materialization,historical_lead_input_url,imported_llm_candidate_lead,False,_quarantine/policy_scraper_artifacts_20260702/artifacts/OLD_OUTPUT_ARCHIVES/policy_data_rebuild_archive_20260622_054122/outputs/step3_live_rebuilt_ledger/step3_suggestion_candidate_ledger.csv,historical_attempt,2
107558,University of the Ozarks,private,https://eaglenet.ozarks.edu/includes/pdffiles/catalogs/catalog0910.pdf,2009,2009,historical_url_evidence_materialization,historical_lead_input_url,imported_llm_candidate_lead,False,_quarantine/policy_scraper_artifacts_20260702/artifacts/OLD_OUTPUT_ARCHIVES/policy_data_rebuild_archive_20260622_054122/outputs/step3_live_rebuilt_ledger/step3_suggestion_candidate_ledger.csv,historical_attempt,2
107558,University of the Ozarks,private,https://eaglenet.ozarks.edu/includes/pdffiles/catalogs/catalog1011.pdf,2010,2010,historical_url_evidence_materialization,legacy_input_url,prior_programmatic,True,_quarantine/policy_scraper_artifacts_20260702/artifacts/OLD_OUTPUT_ARCHIVES/policy_data_rebuild_archive_20260622_054122/outputs/step4_source_review/step4_suggestion_source_review.csv,historical_attempt,1
107558,University of the Ozarks,private,https://eaglenet.ozarks.edu/includes/pdffiles/catalogs/catalog1112.pdf,2011,2011,historical_url_evidence_materialization,historical_lead_input_url,imported_llm_candidate_lead,False,_quarantine/policy_scraper_artifacts_20260702/artifacts/OLD_OUTPUT_ARCHIVES/policy_data_rebuild_archive_20260622_054122/outputs/step3_live_rebuilt_ledger/step3_suggestion_candidate_ledger.csv,historical_attempt,2
107558,University of the Ozarks,private,https://eaglenet.ozarks.edu/includes/pdffiles/catalogs/catalog1213.pdf,2012,2012,historical_url_evidence_materialization,historical_lead_input_url,imported_llm_candidate_lead,False,_quarantine/policy_scraper_artifacts_20260702/artifacts/OLD_OUTPUT_ARCHIVES/policy_data_rebuild_archive_20260622_054122/outputs/step3_live_rebuilt_ledger/step3_suggestion_candidate_ledger.csv,historical_attempt,2
107558,University of the Ozarks,private,https://eaglenet.ozarks.edu/includes/pdffiles/catalogs/catalog1314.pdf,2013,2013,historical_url_evidence_materialization,legacy_input_url,prior_programmatic,True,_quarantine/policy_scraper_artifacts_20260702/artifacts/OLD_OUTPUT_ARCHIVES/policy_data_rebuild_archive_20260622_054122/outputs/step4_source_review/step4_suggestion_source_review.csv,historical_attempt,1
107558,University of the Ozarks,private,https://eaglenet.ozarks.edu/includes/pdffiles/catalogs/catalog1415.pdf,2014,2014,historical_url_evidence_materialization,legacy_input_url,prior_programmatic,True,_quarantine/policy_scraper_artifacts_20260702/artifacts/OLD_OUTPUT_ARCHIVES/policy_data_rebuild_archive_20260622_054122/outputs/step4_source_review/step4_suggestion_source_review.csv,historical_attempt,1
107558,University of the Ozarks,private,https://eaglenet.ozarks.edu/includes/pdffiles/catalogs/catalog1516.pdf,2015,2015,historical_url_evidence_materialization,legacy_input_url,prior_programmatic,True,_quarantine/policy_scraper_artifacts_20260702/artifacts/OLD_OUTPUT_ARCHIVES/policy_data_rebuild_archive_20260622_054122/outputs/step4_source_review/step4_suggestion_source_review.csv,historical_attempt,1
107558,University of the Ozarks,private,https://eaglenet.ozarks.edu/includes/pdffiles/catalogs/catalog1617.pdf,2016,2016,historical_url_evidence_materialization,historical_lead_input_url,imported_llm_candidate_lead,False,_quarantine/policy_scraper_artifacts_20260702/artifacts/OLD_OUTPUT_ARCHIVES/policy_data_rebuild_archive_20260622_054122/outputs/step3_live_rebuilt_ledger/step3_suggestion_candidate_ledger.csv,historical_attempt,2
110486,CALIFORNIA STATE UNIVERSITY-BAKERSFIELD,public,https://csub.app.box.com/s/8gn2xd6ryctf2lnfjsq1clhds6133rlg,2002,2002,historical_url_evidence_materialization,legacy_input_url,prior_programmatic,True,_quarantine/policy_scraper_artifacts_20260702/artifacts/PILOTS/url_discovery/audit_trails/url_discovery_pilot_batch_004/source_review_log.csv,historical_discovery,1
110486,CALIFORNIA STATE UNIVERSITY-BAKERSFIELD,public,https://csub.app.box.com/s/m8eoc2wz69c9r5922dp2z7gcrnuif448,2003,2003,historical_url_evidence_materialization,legacy_input_url,prior_programmatic,True,_quarantine/policy_scraper_artifacts_20260702/artifacts/PILOTS/url_discovery/audit_trails/url_discovery_pilot_batch_004/source_review_log.csv,historical_discovery,1
110486,CALIFORNIA STATE UNIVERSITY-BAKERSFIELD,public,https://csub.app.box.com/s/m8eoc2wz69c9r5922dp2z7gcrnuif448,2004,2004,historical_url_evidence_materialization,legacy_input_url,prior_programmatic,True,_quarantine/policy_scraper_artifacts_20260702/artifacts/PILOTS/url_discovery/audit_trails/url_discovery_pilot_batch_004/source_review_log.csv,historical_discovery,1
110486,California State University-Bakersfield,public,https://csub.app.box.com/s/l9ble2ilq0s7e2vnimf5vo0db8fzzuw6,2005,2005,historical_url_evidence_materialization,legacy_input_url,prior_programmatic,True,_quarantine/policy_scraper_artifacts_20260702/artifacts/PILOTS/url_discovery/audit_trails/url_discovery_pilot_batch_004/source_review_log.csv,historical_discovery,1
110486,California State University-Bakersfield,public,https://csub.app.box.com/s/l9ble2ilq0s7e2vnimf5vo0db8fzzuw6,2006,2006,historical_url_evidence_materialization,legacy_input_url,prior_programmatic,True,_quarantine/policy_scraper_artifacts_20260702/artifacts/PILOTS/url_discovery/audit_trails/url_discovery_pilot_batch_004/source_review_log.csv,historical_discovery,1
110486,California State University-Bakersfield,public,https://csub.app.box.com/s/99znaq6aryws6rwfczbhkngso6nb5rjq,2007,2007,historical_url_evidence_materialization,legacy_input_url,prior_programmatic,True,_quarantine/policy_scraper_artifacts_20260702/artifacts/PILOTS/url_discovery/audit_trails/url_discovery_pilot_batch_004/source_review_log.csv,historical_discovery,1
110486,California State University-Bakersfield,public,https://csub.app.box.com/s/99znaq6aryws6rwfczbhkngso6nb5rjq,2008,2008,historical_url_evidence_materialization,legacy_input_url,prior_programmatic,True,_quarantine/policy_scraper_artifacts_20260702/artifacts/PILOTS/url_discovery/audit_trails/url_discovery_pilot_batch_004/source_review_log.csv,historical_discovery,1
110486,California State University-Bakersfield,public,https://csub.app.box.com/s/y6v440iz8anmzi17leohi2nwgfkgrzmm,2009,2009,historical_url_evidence_materialization,legacy_input_url,prior_programmatic,True,_quarantine/policy_scraper_artifacts_20260702/artifacts/PILOTS/url_discovery/audit_trails/url_discovery_pilot_batch_004/source_review_log.csv,historical_discovery,1
110486,California State University-Bakersfield,public,https://csub.app.box.com/s/y6v440iz8anmzi17leohi2nwgfkgrzmm,2010,2010,historical_url_evidence_materialization,legacy_input_url,prior_programmatic,True,_quarantine/policy_scraper_artifacts_20260702/artifacts/PILOTS/url_discovery/audit_trails/url_discovery_pilot_batch_004/source_review_log.csv,historical_discovery,1
110486,California State University-Bakersfield,public,https://csub.app.box.com/s/ciejwuho8f5jbdogpudz01xc5r5yuzmz,2011,2011,historical_url_evidence_materialization,legacy_input_url,prior_programmatic,True,_quarantine/policy_scraper_artifacts_20260702/artifacts/PILOTS/url_discovery/audit_trails/url_discovery_pilot_batch_004/source_review_log.csv,historical_discovery,1
110486,California State University-Bakersfield,public,https://csub.app.box.com/s/ciejwuho8f5jbdogpudz01xc5r5yuzmz,2012,2012,historical_url_evidence_materialization,legacy_input_url,prior_programmatic,True,_quarantine/policy_scraper_artifacts_20260702/artifacts/PILOTS/url_discovery/audit_trails/url_discovery_pilot_batch_004/source_review_log.csv,historical_discovery,1
110486,California State University-Bakersfield,public,https://csub.app.box.com/s/7sba9ikwhkdlul88t4fmtna9ic626s1s,2013,2013,historical_url_evidence_materialization,legacy_input_url,prior_programmatic,True,_quarantine/policy_scraper_artifacts_20260702/artifacts/PILOTS/url_discovery/audit_trails/url_discovery_pilot_batch_004/source_review_log.csv,historical_discovery,1
110486,California State University-Bakersfield,public,https://csub.app.box.com/s/7sba9ikwhkdlul88t4fmtna9ic626s1s,2014,2014,historical_url_evidence_materialization,legacy_input_url,prior_programmatic,True,_quarantine/policy_scraper_artifacts_20260702/artifacts/PILOTS/url_discovery/audit_trails/url_discovery_pilot_batch_004/source_review_log.csv,historical_discovery,1
110486,California State University-Bakersfield,public,https://csub.app.box.com/s/jxg27vdsd3vemfx5s6mmhq7cxb0illhr,2016,2016,historical_url_evidence_materialization,legacy_input_url,prior_programmatic,True,_quarantine/policy_scraper_artifacts_20260702/artifacts/PILOTS/url_discovery/audit_trails/url_discovery_pilot_batch_004/source_review_log.csv,historical_discovery,1
110495,CALIFORNIA STATE UNIVERSITY-STANISLAUS,public,https://catalog.csustan.edu/mime/media/23/966/Catalog-01-03.pdf,2002,2002,historical_url_evidence_materialization,historical_lead_input_url,imported_llm_candidate_lead,False,_quarantine/policy_scraper_artifacts_20260702/artifacts/OLD_OUTPUT_ARCHIVES/policy_data_rebuild_archive_20260622_054122/outputs/step3_live_rebuilt_ledger/step3_suggestion_candidate_ledger.csv,historical_attempt,2
110495,CALIFORNIA STATE UNIVERSITY-STANISLAUS,public,https://www.csuci.edu/academics/catalog-and-schedule/catalog/documents/csuci-2003-2004-catalog.pdf,2003,2004,historical_url_evidence_materialization,historical_lead_input_url,imported_llm_candidate_lead,False,_quarantine/policy_scraper_artifacts_20260702/artifacts/OLD_OUTPUT_ARCHIVES/policy_data_rebuild_archive_20260622_054122/outputs/step3_live_rebuilt_ledger/step3_suggestion_candidate_ledger.csv,historical_attempt,2
110495,CALIFORNIA STATE UNIVERSITY-STANISLAUS,public,https://www.csuci.edu/academics/catalog-and-schedule/catalog/documents/csuci-2004-2005-catalog.pdf,2004,2005,historical_url_evidence_materialization,historical_lead_input_url,imported_llm_candidate_lead,False,_quarantine/policy_scraper_artifacts_20260702/artifacts/OLD_OUTPUT_ARCHIVES/policy_data_rebuild_archive_20260622_054122/outputs/step3_live_rebuilt_ledger/step3_suggestion_candidate_ledger.csv,historical_attempt,2
110495,California State University-Stanislaus,public,https://catalog.csustan.edu/mime/media/32/967/Catalog-05-06.pdf,2005,2005,historical_url_evidence_materialization,legacy_input_url,prior_programmatic,True,_quarantine/policy_scraper_artifacts_20260702/artifacts/PILOTS/url_discovery/audit_trails/url_discovery_pilot_batch_006_dev_001/source_review_log.csv,historical_discovery,1
110495,California State University-Stanislaus,public,https://catalog.csustan.edu/mime/media/32/968/06-07-Catalog-UG.pdf,2006,2006,historical_url_evidence_materialization,legacy_input_url,prior_programmatic,True,_quarantine/policy_scraper_artifacts_20260702/artifacts/PILOTS/url_discovery/audit_trails/url_discovery_pilot_batch_006_dev_001/source_review_log.csv,historical_discovery,1
110495,California State University-Stanislaus,public,https://catalog.csustan.edu/mime/media/32/970/07-08-Catalog-UG.pdf,2007,2007,historical_url_evidence_materialization,legacy_input_url,prior_programmatic,True,_quarantine/policy_scraper_artifacts_20260702/artifacts/PILOTS/url_discovery/audit_trails/url_discovery_pilot_batch_006_dev_001/source_review_log.csv,historical_discovery,1
110529,CALIFORNIA STATE POLYTECHNIC UNIVERSITY-POMONA,public,https://www.cpp.edu/academic/catalog02-03/index.shtml,2002,2002,historical_url_evidence_materialization,legacy_input_url,prior_programmatic,True,_quarantine/policy_scraper_artifacts_20260702/artifacts/PILOTS/url_discovery/audit_trails/url_discovery_pilot_batch_004/source_review_log.csv,historical_discovery,1
110529,CALIFORNIA STATE POLYTECHNIC UNIVERSITY-POMONA,public,https://www.cpp.edu/academic/catalog03-04/index.shtml,2003,2003,historical_url_evidence_materialization,legacy_input_url,prior_programmatic,True,_quarantine/policy_scraper_artifacts_20260702/artifacts/PILOTS/url_discovery/audit_trails/url_discovery_pilot_batch_004/source_review_log.csv,historical_discovery,1
110529,CALIFORNIA STATE POLYTECHNIC UNIVERSITY-POMONA,public,https://www.cpp.edu/academic/catalog04-05/col_schol/index.shtml,2004,2004,historical_url_evidence_materialization,legacy_input_url,prior_programmatic,True,_quarantine/policy_scraper_artifacts_20260702/artifacts/PILOTS/url_discovery/audit_trails/url_discovery_pilot_batch_004/source_review_log.csv,historical_discovery,1
110529,California State Polytechnic University-Pomona,public,https://www.cpp.edu/academic/catalog05-06/col_schol/index.shtml,2005,2005,historical_url_evidence_materialization,legacy_input_url,prior_programmatic,True,_quarantine/policy_scraper_artifacts_20260702/artifacts/PILOTS/url_discovery/audit_trails/url_discovery_pilot_batch_004/source_review_log.csv,historical_discovery,1
110529,California State Polytechnic University-Pomona,public,https://www.cpp.edu/academic/catalog06-07/gen_info/president_message.pdf,2006,2006,historical_url_evidence_materialization,legacy_input_url,prior_programmatic,True,_quarantine/policy_scraper_artifacts_20260702/artifacts/PILOTS/url_discovery/audit_trails/url_discovery_pilot_batch_004/source_review_log.csv,historical_discovery,1
110529,California State Polytechnic University-Pomona,public,https://www.cpp.edu/academic/catalog07-08/col_schol/index.shtml,2007,2007,historical_url_evidence_materialization,legacy_input_url,prior_programmatic,True,_quarantine/policy_scraper_artifacts_20260702/artifacts/PILOTS/url_discovery/audit_trails/url_discovery_pilot_batch_004/source_review_log.csv,historical_discovery,1
110529,California State Polytechnic University-Pomona,public,https://www.cpp.edu/academic/catalog08-09/col_schol/index.shtml,2008,2008,historical_url_evidence_materialization,legacy_input_url,prior_programmatic,True,_quarantine/policy_scraper_artifacts_20260702/artifacts/PILOTS/url_discovery/audit_trails/url_discovery_pilot_batch_004/source_review_log.csv,historical_discovery,1
110529,California State Polytechnic University-Pomona,public,https://www.cpp.edu/~academic/catalog09-10/gen_info/index.htm,2009,2009,historical_url_evidence_materialization,legacy_input_url,validated_human_legacy,True,_quarantine/policy_scraper_artifacts_20260702/artifacts/AUDIT_TRAILS/policy_data_internal_existing/90_INTERNAL_PIPELINE_ARTIFACTS/interim/archive/pre_namespace_run_20260609_production_namespace/legacy_evidence_links.csv,historical_discovery,0
110529,California State Polytechnic University-Pomona,public,https://www.cpp.edu/academic/catalog10-11/col_schol/index.shtml,2010,2010,historical_url_evidence_materialization,legacy_input_url,prior_programmatic,True,_quarantine/policy_scraper_artifacts_20260702/artifacts/PILOTS/url_discovery/audit_trails/url_discovery_pilot_batch_004/source_review_log.csv,historical_discovery,1
110529,California State Polytechnic University-Pomona,public,https://www.cpp.edu/academic/catalog11-12/col_schol/index.shtml,2011,2011,historical_url_evidence_materialization,legacy_input_url,prior_programmatic,True,_quarantine/policy_scraper_artifacts_20260702/artifacts/PILOTS/url_discovery/audit_trails/url_discovery_pilot_batch_004/source_review_log.csv,historical_discovery,1
110529,California State Polytechnic University-Pomona,public,https://catalog.cpp.edu/index.php?catoid=4,2012,2012,historical_url_evidence_materialization,legacy_input_url,prior_programmatic,True,_quarantine/policy_scraper_artifacts_20260702/artifacts/PILOTS/url_discovery/audit_trails/url_discovery_pilot_batch_004/source_review_log.csv,historical_discovery,1
110529,California State Polytechnic University-Pomona,public,https://catalog.cpp.edu/index.php?catoid=5,2013,2013,historical_url_evidence_materialization,legacy_input_url,prior_programmatic,True,_quarantine/policy_scraper_artifacts_20260702/artifacts/PILOTS/url_discovery/audit_trails/url_discovery_pilot_batch_004/source_review_log.csv,historical_discovery,1
110529,California State Polytechnic University-Pomona,public,https://catalog.cpp.edu/index.php?catoid=9,2014,2014,historical_url_evidence_materialization,legacy_input_url,prior_programmatic,True,_quarantine/policy_scraper_artifacts_20260702/artifacts/PILOTS/url_discovery/audit_trails/url_discovery_pilot_batch_004/source_review_log.csv,historical_discovery,1
110529,California State Polytechnic University-Pomona,public,https://catalog.cpp.edu/index.php?catoid=8,2015,2015,historical_url_evidence_materialization,legacy_input_url,prior_programmatic,True,_quarantine/policy_scraper_artifacts_20260702/artifacts/PILOTS/url_discovery/audit_trails/url_discovery_pilot_batch_004/source_review_log.csv,historical_discovery,1
110529,California State Polytechnic University-Pomona,public,https://catalog.cpp.edu/index.php?catoid=10,2016,2016,historical_url_evidence_materialization,legacy_input_url,prior_programmatic,True,_quarantine/policy_scraper_artifacts_20260702/artifacts/PILOTS/url_discovery/audit_trails/url_discovery_pilot_batch_004/source_review_log.csv,historical_discovery,1
110538,California State University-Chico,public,https://www.csuchico.edu/sro/_assets/documents/catalog/2009-2011-majors.pdf,2009,2011,historical_url_evidence_materialization,legacy_input_url,prior_programmatic,True,_quarantine/policy_scraper_artifacts_20260702/artifacts/PILOTS/url_discovery/audit_trails/url_discovery_pilot_batch_004/source_review_log.csv,historical_discovery,1
110538,California State University-Chico,public,https://www.csuchico.edu/sro/_assets/documents/catalog/2009-2011-majors.pdf,2009,2011,historical_url_evidence_materialization,legacy_input_url,prior_programmatic,True,_quarantine/policy_scraper_artifacts_20260702/artifacts/PILOTS/url_discovery/audit_trails/url_discovery_pilot_batch_004/source_review_log.csv,historical_discovery,1
110574,CALIFORNIA STATE UNIVERSITY-HAYWARD,public,https://catalog.csueastbay.edu/mime/media/44/1212/20022003.pdf,2002,2003,historical_url_evidence_materialization,legacy_input_url,prior_programmatic,True,_quarantine/policy_scraper_artifacts_20260702/artifacts/PILOTS/url_discovery/audit_trails/url_discovery_pilot_batch_005_regression_003/source_review_log.csv,historical_discovery,1
110574,CALIFORNIA STATE UNIVERSITY-HAYWARD,public,https://catalog.csueastbay.edu/mime/media/44/1211/20032004.pdf,2003,2004,historical_url_evidence_materialization,legacy_input_url,prior_programmatic,True,_quarantine/policy_scraper_artifacts_20260702/artifacts/PILOTS/url_discovery/audit_trails/url_discovery_pilot_batch_005_regression_003/source_review_log.csv,historical_discovery,1
110574,CALIFORNIA STATE UNIVERSITY-EAST BAY,public,https://catalog.csueastbay.edu/mime/media/44/1210/20042005.pdf,2004,2005,historical_url_evidence_materialization,legacy_input_url,prior_programmatic,True,_quarantine/policy_scraper_artifacts_20260702/artifacts/PILOTS/url_discovery/audit_trails/url_discovery_pilot_batch_005_regression_003/source_review_log.csv,historical_discovery,1
110574,California State University-East Bay,public,https://catalog.csueastbay.edu/mime/media/11/1211/20052006.pdf,2005,2006,historical_url_evidence_materialization,legacy_input_url,prior_programmatic,True,_quarantine/policy_scraper_artifacts_20260702/artifacts/PILOTS/url_discovery/audit_trails/url_discovery_pilot_batch_005_regression_003/source_review_log.csv,historical_discovery,1
110574,California State University-East Bay,public,https://catalog.csueastbay.edu/mime/media/44/1208/20062007.pdf,2006,2007,historical_url_evidence_materialization,legacy_input_url,prior_programmatic,True,_quarantine/policy_scraper_artifacts_20260702/artifacts/PILOTS/url_discovery/audit_trails/url_discovery_pilot_batch_005_regression_003/source_review_log.csv,historical_discovery,1
110574,California State University-East Bay,public,https://catalog.csueastbay.edu/mime/media/11/1211/20072008.pdf,2007,2008,historical_url_evidence_materialization,legacy_input_url,prior_programmatic,True,_quarantine/policy_scraper_artifacts_20260702/artifacts/PILOTS/url_discovery/audit_trails/url_discovery_pilot_batch_005_regression_003/source_review_log.csv,historical_discovery,1
110574,California State University-East Bay,public,https://catalog.csueastbay.edu/mime/media/44/1206/20082009.pdf,2008,2009,historical_url_evidence_materialization,legacy_input_url,prior_programmatic,True,_quarantine/policy_scraper_artifacts_20260702/artifacts/PILOTS/url_discovery/audit_trails/url_discovery_pilot_batch_005_regression_003/source_review_log.csv,historical_discovery,1
110574,California State University-East Bay,public,https://catalog.csueastbay.edu/mime/media/44/1205/20092010.pdf,2009,2010,historical_url_evidence_materialization,legacy_input_url,prior_programmatic,True,_quarantine/policy_scraper_artifacts_20260702/artifacts/PILOTS/url_discovery/audit_trails/url_discovery_pilot_batch_005_regression_003/source_review_log.csv,historical_discovery,1
110574,California State University-East Bay,public,https://catalog.csueastbay.edu/mime/media/44/1203/20102011.pdf,2010,2011,historical_url_evidence_materialization,legacy_input_url,prior_programmatic,True,_quarantine/policy_scraper_artifacts_20260702/artifacts/PILOTS/url_discovery/audit_trails/url_discovery_pilot_batch_005_regression_003/source_review_log.csv,historical_discovery,1
110574,California State University-East Bay,public,https://catalog.csueastbay.edu/mime/media/11/1211/20112012.pdf,2011,2012,historical_url_evidence_materialization,legacy_input_url,prior_programmatic,True,_quarantine/policy_scraper_artifacts_20260702/artifacts/PILOTS/url_discovery/audit_trails/url_discovery_pilot_batch_005_regression_003/source_review_log.csv,historical_discovery,1
110574,California State University-East Bay,public,https://catalog.csueastbay.edu/mime/media/11/1211/20122013.pdf,2012,2013,historical_url_evidence_materialization,legacy_input_url,prior_programmatic,True,_quarantine/policy_scraper_artifacts_20260702/artifacts/PILOTS/url_discovery/audit_trails/url_discovery_pilot_batch_005_regression_003/source_review_log.csv,historical_discovery,1
110574,California State University-East Bay,public,https://catalog.csueastbay.edu/mime/media/11/1211/20132014.pdf,2013,2014,historical_url_evidence_materialization,legacy_input_url,prior_programmatic,True,_quarantine/policy_scraper_artifacts_20260702/artifacts/PILOTS/url_discovery/audit_trails/url_discovery_pilot_batch_005_regression_003/source_review_log.csv,historical_discovery,1
110574,California State University-East Bay,public,https://catalog.csueastbay.edu/mime/media/44/1195/20142015.pdf,2014,2015,historical_url_evidence_materialization,legacy_input_url,prior_programmatic,True,_quarantine/policy_scraper_artifacts_20260702/artifacts/PILOTS/url_discovery/audit_trails/url_discovery_pilot_batch_005_regression_003/source_review_log.csv,historical_discovery,1
112446,Coleman College,private,https://newmanu.edu/numedia/departments/registrar/0708.pdf,2007,2007,historical_url_evidence_materialization,historical_lead_input_url,imported_llm_candidate_lead,False,_quarantine/policy_scraper_artifacts_20260702/artifacts/OLD_OUTPUT_ARCHIVES/policy_data_rebuild_old/inputs/private_llm_suggestions.csv,historical_attempt,2
112446,Coleman University,private,https://newmanu.edu/numedia/departments/registrar/0809.pdf,2008,2008,historical_url_evidence_materialization,historical_lead_input_url,imported_llm_candidate_lead,False,_quarantine/policy_scraper_artifacts_20260702/artifacts/OLD_OUTPUT_ARCHIVES/policy_data_rebuild_old/inputs/private_llm_suggestions.csv,historical_attempt,2
112446,Coleman University,private,https://newmanu.edu/numedia/departments/registrar/0910.pdf,2009,2009,historical_url_evidence_materialization,historical_lead_input_url,imported_llm_candidate_lead,False,_quarantine/policy_scraper_artifacts_20260702/artifacts/OLD_OUTPUT_ARCHIVES/policy_data_rebuild_old/inputs/private_llm_suggestions.csv,historical_attempt,2
112446,Coleman University,private,https://newmanu.edu/numedia/departments/registrar/NU-Catalog-10-11.pdf,2010,2010,historical_url_evidence_materialization,historical_lead_input_url,imported_llm_candidate_lead,False,_quarantine/policy_scraper_artifacts_20260702/artifacts/OLD_OUTPUT_ARCHIVES/policy_data_rebuild_old/inputs/private_llm_suggestions.csv,historical_attempt,2
112446,Coleman University,private,https://newmanu.edu/numedia/departments/registrar/NU-Catalog-11-12.pdf,2011,2011,historical_url_evidence_materialization,historical_lead_input_url,imported_llm_candidate_lead,False,_quarantine/policy_scraper_artifacts_20260702/artifacts/OLD_OUTPUT_ARCHIVES/policy_data_rebuild_old/inputs/private_llm_suggestions.csv,historical_attempt,2
116846,University of Judaism,private,https://www.aju.edu/sites/default/files/sites/default/default/docs/2021-2022%20Master%20Catalog%20v5%2006232022%20SBS.pdf,2021,2022,historical_url_evidence_materialization,historical_lead_input_url,imported_llm_candidate_lead,False,_quarantine/policy_scraper_artifacts_20260702/artifacts/OLD_OUTPUT_ARCHIVES/policy_data_rebuild_archive_20260622_054122/outputs/step4_source_review/step4_suggestion_source_review.csv,historical_attempt,2
120883,UNIVERSITY OF THE PACIFIC,private,https://scholarlycommons.pacific.edu/cgi/viewcontent.cgi?article=1030&context=catalogs,2002,2002,historical_url_evidence_materialization,legacy_input_url,validated_human_legacy,True,_quarantine/policy_scraper_artifacts_20260702/artifacts/AUDIT_TRAILS/policy_data_internal_existing/90_INTERNAL_PIPELINE_ARTIFACTS/interim/archive/pre_namespace_run_20260609_production_namespace/legacy_evidence_links.csv,historical_attempt,0
120883,UNIVERSITY OF THE PACIFIC,private,https://scholarlycommons.pacific.edu/cgi/viewcontent.cgi?article=1031&context=catalogs,2003,2003,historical_url_evidence_materialization,legacy_input_url,validated_human_legacy,True,_quarantine/policy_scraper_artifacts_20260702/artifacts/AUDIT_TRAILS/policy_data_internal_existing/90_INTERNAL_PIPELINE_ARTIFACTS/interim/archive/pre_namespace_run_20260609_production_namespace/legacy_evidence_links.csv,historical_attempt,0
120883,UNIVERSITY OF THE PACIFIC,private,https://scholarlycommons.pacific.edu/cgi/viewcontent.cgi?article=1032&context=catalogs,2004,2004,historical_url_evidence_materialization,legacy_input_url,validated_human_legacy,True,_quarantine/policy_scraper_artifacts_20260702/artifacts/AUDIT_TRAILS/policy_data_internal_existing/90_INTERNAL_PIPELINE_ARTIFACTS/interim/archive/pre_namespace_run_20260609_production_namespace/legacy_evidence_links.csv,historical_attempt,0
120883,University of the Pacific,private,https://scholarlycommons.pacific.edu/cgi/viewcontent.cgi?article=1033&context=catalogs,2005,2005,historical_url_evidence_materialization,legacy_input_url,validated_human_legacy,True,_quarantine/policy_scraper_artifacts_20260702/artifacts/AUDIT_TRAILS/policy_data_internal_existing/90_INTERNAL_PIPELINE_ARTIFACTS/interim/archive/pre_namespace_run_20260609_production_namespace/legacy_evidence_links.csv,historical_attempt,0
120883,University of the Pacific,private,https://scholarlycommons.pacific.edu/cgi/viewcontent.cgi?article=1034&context=catalogs,2006,2006,historical_url_evidence_materialization,legacy_input_url,validated_human_legacy,True,_quarantine/policy_scraper_artifacts_20260702/artifacts/AUDIT_TRAILS/policy_data_internal_existing/90_INTERNAL_PIPELINE_ARTIFACTS/interim/archive/pre_namespace_run_20260609_production_namespace/legacy_evidence_links.csv,historical_attempt,0
120883,University of the Pacific,private,https://scholarlycommons.pacific.edu/cgi/viewcontent.cgi?article=1035&context=catalogs,2007,2007,historical_url_evidence_materialization,legacy_input_url,validated_human_legacy,True,_quarantine/policy_scraper_artifacts_20260702/artifacts/AUDIT_TRAILS/policy_data_internal_existing/90_INTERNAL_PIPELINE_ARTIFACTS/interim/archive/pre_namespace_run_20260609_production_namespace/legacy_evidence_links.csv,historical_attempt,0
120883,University of the Pacific,private,https://scholarlycommons.pacific.edu/cgi/viewcontent.cgi?article=1036&context=catalogs,2008,2008,historical_url_evidence_materialization,legacy_input_url,validated_human_legacy,True,_quarantine/policy_scraper_artifacts_20260702/artifacts/AUDIT_TRAILS/policy_data_internal_existing/90_INTERNAL_PIPELINE_ARTIFACTS/interim/archive/pre_namespace_run_20260609_production_namespace/legacy_evidence_links.csv,historical_attempt,0
120883,University of the Pacific,private,https://scholarlycommons.pacific.edu/cgi/viewcontent.cgi?article=1037&context=catalogs,2009,2009,historical_url_evidence_materialization,legacy_input_url,validated_human_legacy,True,_quarantine/policy_scraper_artifacts_20260702/artifacts/AUDIT_TRAILS/policy_data_internal_existing/90_INTERNAL_PIPELINE_ARTIFACTS/interim/archive/pre_namespace_run_20260609_production_namespace/legacy_evidence_links.csv,historical_attempt,0
120883,University of the Pacific,private,https://scholarlycommons.pacific.edu/cgi/viewcontent.cgi?article=1038&context=catalogs,2010,2010,historical_url_evidence_materialization,legacy_input_url,validated_human_legacy,True,_quarantine/policy_scraper_artifacts_20260702/artifacts/AUDIT_TRAILS/policy_data_internal_existing/90_INTERNAL_PIPELINE_ARTIFACTS/interim/archive/pre_namespace_run_20260609_production_namespace/legacy_evidence_links.csv,historical_attempt,0
120883,University of the Pacific,private,https://scholarlycommons.pacific.edu/cgi/viewcontent.cgi?article=1039&context=catalogs,2011,2011,historical_url_evidence_materialization,legacy_input_url,validated_human_legacy,True,_quarantine/policy_scraper_artifacts_20260702/artifacts/AUDIT_TRAILS/policy_data_internal_existing/90_INTERNAL_PIPELINE_ARTIFACTS/interim/archive/pre_namespace_run_20260609_production_namespace/legacy_evidence_links.csv,historical_attempt,0
120883,University of the Pacific,private,https://scholarlycommons.pacific.edu/cgi/viewcontent.cgi?article=1040&context=catalogs,2012,2012,historical_url_evidence_materialization,legacy_input_url,validated_human_legacy,True,_quarantine/policy_scraper_artifacts_20260702/artifacts/AUDIT_TRAILS/policy_data_internal_existing/90_INTERNAL_PIPELINE_ARTIFACTS/interim/archive/pre_namespace_run_20260609_production_namespace/legacy_evidence_links.csv,historical_attempt,0
120883,University of the Pacific,private,https://scholarlycommons.pacific.edu/cgi/viewcontent.cgi?article=1041&context=catalogs,2013,2013,historical_url_evidence_materialization,legacy_input_url,validated_human_legacy,True,_quarantine/policy_scraper_artifacts_20260702/artifacts/AUDIT_TRAILS/policy_data_internal_existing/90_INTERNAL_PIPELINE_ARTIFACTS/interim/archive/pre_namespace_run_20260609_production_namespace/legacy_evidence_links.csv,historical_attempt,0
120883,University of the Pacific,private,https://scholarlycommons.pacific.edu/cgi/viewcontent.cgi?article=1042&context=catalogs,2014,2014,historical_url_evidence_materialization,legacy_input_url,validated_human_legacy,True,_quarantine/policy_scraper_artifacts_20260702/artifacts/AUDIT_TRAILS/policy_data_internal_existing/90_INTERNAL_PIPELINE_ARTIFACTS/interim/archive/pre_namespace_run_20260609_production_namespace/legacy_evidence_links.csv,historical_attempt,0
120883,University of the Pacific,private,https://scholarlycommons.pacific.edu/cgi/viewcontent.cgi?article=1043&context=catalogs,2015,2015,historical_url_evidence_materialization,legacy_input_url,validated_human_legacy,True,_quarantine/policy_scraper_artifacts_20260702/artifacts/AUDIT_TRAILS/policy_data_internal_existing/90_INTERNAL_PIPELINE_ARTIFACTS/interim/archive/pre_namespace_run_20260609_production_namespace/legacy_evidence_links.csv,historical_attempt,0
120883,University of the Pacific,private,https://scholarlycommons.pacific.edu/cgi/viewcontent.cgi?article=1044&context=catalogs,2016,2016,historical_url_evidence_materialization,legacy_input_url,validated_human_legacy,True,_quarantine/policy_scraper_artifacts_20260702/artifacts/AUDIT_TRAILS/policy_data_internal_existing/90_INTERNAL_PIPELINE_ARTIFACTS/interim/archive/pre_namespace_run_20260609_production_namespace/legacy_evidence_links.csv,historical_attempt,0
122597,SAN FRANCISCO STATE UNIVERSITY,public,https://web.archive.org/web/20021005170834/http://www.sfsu.edu:80/~bulletin/bullperm.htm,2002,2003,historical_url_evidence_materialization,historical_lead_input_url,imported_llm_candidate_lead,False,_quarantine/policy_scraper_artifacts_20260702/artifacts/OLD_OUTPUT_ARCHIVES/policy_data_rebuild_archive_20260622_054122/outputs/step4_source_review/step4_suggestion_source_review.csv,historical_attempt,2
122597,SAN FRANCISCO STATE UNIVERSITY,public,https://web.archive.org/web/20021005170834/http://www.sfsu.edu:80/~bulletin/bullperm.htm,2002,2003,historical_url_evidence_materialization,historical_lead_input_url,imported_llm_candidate_lead,False,_quarantine/policy_scraper_artifacts_20260702/artifacts/OLD_OUTPUT_ARCHIVES/policy_data_rebuild_archive_20260622_054122/outputs/step4_source_review/step4_suggestion_source_review.csv,historical_attempt,2
122597,San Francisco State University,public,https://web.archive.org/web/20051005042548/http://www.sfsu.edu:80/~bulletin/bullperm.htm,2005,2006,historical_url_evidence_materialization,historical_lead_input_url,imported_llm_candidate_lead,False,_quarantine/policy_scraper_artifacts_20260702/artifacts/OLD_OUTPUT_ARCHIVES/policy_data_rebuild_archive_20260622_054122/outputs/step4_source_review/step4_suggestion_source_review.csv,historical_attempt,2
122597,San Francisco State University,public,https://web.archive.org/web/20061011090443/http://www.sfsu.edu:80/%7Ebulletin/,2006,2007,historical_url_evidence_materialization,historical_lead_input_url,imported_llm_candidate_lead,False,_quarantine/policy_scraper_artifacts_20260702/artifacts/OLD_OUTPUT_ARCHIVES/policy_data_rebuild_archive_20260622_054122/outputs/step4_source_review/step4_suggestion_source_review.csv,historical_attempt,2
122597,San Francisco State University,public,https://web.archive.org/web/20071003195835/http://www.sfsu.edu:80/~bulletin/bullperm.htm,2007,2008,historical_url_evidence_materialization,historical_lead_input_url,imported_llm_candidate_lead,False,_quarantine/policy_scraper_artifacts_20260702/artifacts/OLD_OUTPUT_ARCHIVES/policy_data_rebuild_archive_20260622_054122/outputs/step4_source_review/step4_suggestion_source_review.csv,historical_attempt,2
122597,San Francisco State University,public,https://web.archive.org/web/20081003195835/http://www.sfsu.edu:80/~bulletin/bullperm.htm,2008,2009,historical_url_evidence_materialization,historical_lead_input_url,imported_llm_candidate_lead,False,_quarantine/policy_scraper_artifacts_20260702/artifacts/OLD_OUTPUT_ARCHIVES/policy_data_rebuild_archive_20260622_054122/outputs/step4_source_review/step4_suggestion_source_review.csv,historical_attempt,2
122597,San Francisco State University,public,https://www.sfsu.edu/~bulletin/previous_bulletins/0910/genpol.htm,2009,2009,historical_url_evidence_materialization,legacy_input_url,validated_human_legacy,True,_quarantine/policy_scraper_artifacts_20260702/artifacts/AUDIT_TRAILS/policy_data_internal_existing/90_INTERNAL_PIPELINE_ARTIFACTS/interim/archive/pre_namespace_run_20260609_production_namespace/legacy_evidence_links.csv,historical_attempt,0
122597,San Francisco State University,public,https://www.sfsu.edu/~bulletin/previous_bulletins/1011/genpol.htm,2010,2010,historical_url_evidence_materialization,historical_lead_input_url,imported_llm_candidate_lead,False,_quarantine/policy_scraper_artifacts_20260702/artifacts/OLD_OUTPUT_ARCHIVES/policy_data_rebuild_archive_20260622_054122/outputs/step3_live_rebuilt_ledger/step3_suggestion_candidate_ledger.csv,historical_attempt,2
122597,San Francisco State University,public,https://www.sfsu.edu/~bulletin/previous_bulletins/1112/genpol.htm,2011,2011,historical_url_evidence_materialization,historical_lead_input_url,imported_llm_candidate_lead,False,_quarantine/policy_scraper_artifacts_20260702/artifacts/OLD_OUTPUT_ARCHIVES/policy_data_rebuild_archive_20260622_054122/outputs/step3_live_rebuilt_ledger/step3_suggestion_candidate_ledger.csv,historical_attempt,2
122597,San Francisco State University,public,https://www.sfsu.edu/~bulletin/previous_bulletins/1213/genpol.htm,2012,2012,historical_url_evidence_materialization,historical_lead_input_url,imported_llm_candidate_lead,False,_quarantine/policy_scraper_artifacts_20260702/artifacts/OLD_OUTPUT_ARCHIVES/policy_data_rebuild_archive_20260622_054122/outputs/step3_live_rebuilt_ledger/step3_suggestion_candidate_ledger.csv,historical_attempt,2
122597,San Francisco State University,public,https://www.sfsu.edu/~bulletin/previous_bulletins/1314/acadstnd.htm#ppg24,2013,2013,historical_url_evidence_materialization,legacy_input_url,validated_human_legacy,True,_quarantine/policy_scraper_artifacts_20260702/artifacts/AUDIT_TRAILS/policy_data_internal_existing/90_INTERNAL_PIPELINE_ARTIFACTS/interim/archive/pre_namespace_run_20260609_production_namespace/legacy_evidence_links.csv,historical_attempt,0
123961,University of Southern California,private,https://catalogue.usc.edu/content.php?catoid=6&navoid=1306#repeated_course_work_at_usc,2016,2016,historical_url_evidence_materialization,legacy_input_url,validated_human_legacy,True,_quarantine/policy_scraper_artifacts_20260702/artifacts/AUDIT_TRAILS/policy_data_internal_existing/90_INTERNAL_PIPELINE_ARTIFACTS/interim/archive/pre_namespace_run_20260609_production_namespace/legacy_evidence_links.csv,historical_attempt,0
124292,Thomas Aquinas College,private,https://www.aquinas.edu/_resources/images/2023-2024%20Academic%20Catalog%20-%20093024.pdf,2023,2024,historical_url_evidence_materialization,historical_lead_input_url,imported_llm_candidate_lead,False,_quarantine/policy_scraper_artifacts_20260702/artifacts/OLD_OUTPUT_ARCHIVES/policy_data_rebuild_old/inputs/private_llm_suggestions.csv,historical_attempt,2
124292,Thomas Aquinas College,private,https://www.aquinas.edu/_resources/images/2024-2025%20Academic%20Catalog%20FINAL%20-%2011212024.pdf,2024,2025,historical_url_evidence_materialization,historical_lead_input_url,imported_llm_candidate_lead,False,_quarantine/policy_scraper_artifacts_20260702/artifacts/OLD_OUTPUT_ARCHIVES/policy_data_rebuild_old/inputs/private_llm_suggestions.csv,historical_attempt,2
124292,Thomas Aquinas College,private,https://www.aquinas.edu/_files/catalog1213.pdf,2012,2012,historical_url_evidence_materialization,historical_lead_input_url,imported_llm_candidate_lead,False,_quarantine/policy_scraper_artifacts_20260702/artifacts/OLD_OUTPUT_ARCHIVES/policy_data_rebuild_old/inputs/private_llm_suggestions.csv,historical_attempt,2
124292,Thomas Aquinas College,private,https://www.aquinas.edu/_files/catalog1314.pdf,2013,2013,historical_url_evidence_materialization,historical_lead_input_url,imported_llm_candidate_lead,False,_quarantine/policy_scraper_artifacts_20260702/artifacts/OLD_OUTPUT_ARCHIVES/policy_data_rebuild_old/inputs/private_llm_suggestions.csv,historical_attempt,2
124292,Thomas Aquinas College,private,https://www.aquinas.edu/_files/catalog1415.pdf,2014,2014,historical_url_evidence_materialization,historical_lead_input_url,imported_llm_candidate_lead,False,_quarantine/policy_scraper_artifacts_20260702/artifacts/OLD_OUTPUT_ARCHIVES/policy_data_rebuild_old/inputs/private_llm_suggestions.csv,historical_attempt,2
124292,Thomas Aquinas College,private,https://www.aquinas.edu/_files/catalog1516.pdf,2015,2015,historical_url_evidence_materialization,historical_lead_input_url,imported_llm_candidate_lead,False,_quarantine/policy_scraper_artifacts_20260702/artifacts/OLD_OUTPUT_ARCHIVES/policy_data_rebuild_old/inputs/private_llm_suggestions.csv,historical_attempt,2
124292,Thomas Aquinas College,private,https://www.aquinas.edu/_files/academic_catalog1617.pdf,2016,2016,historical_url_evidence_materialization,historical_lead_input_url,imported_llm_candidate_lead,False,_quarantine/policy_scraper_artifacts_20260702/artifacts/OLD_OUTPUT_ARCHIVES/policy_data_rebuild_old/inputs/private_llm_suggestions.csv,historical_attempt,2
126562,University of Colorado Denver,public,http://ucdenver.catalog.acalog.com/content.php?catoid=21&navoid=5453,2007,2007,historical_url_evidence_materialization,legacy_input_url,validated_human_legacy,True,_quarantine/policy_scraper_artifacts_20260702/artifacts/AUDIT_TRAILS/policy_data_internal_existing/90_INTERNAL_PIPELINE_ARTIFACTS/interim/archive/pre_namespace_run_20260609_production_namespace/legacy_evidence_links.csv,historical_attempt,0
126562,University of Colorado Denver,public,https://ucdenver.catalog.acalog.com/index.php?catoid=6,2010,2010,historical_url_evidence_materialization,historical_lead_input_url,imported_llm_candidate_lead,False,_quarantine/policy_scraper_artifacts_20260702/artifacts/OLD_OUTPUT_ARCHIVES/policy_data_rebuild_old/inputs/public_claude_coverage_grid.csv,historical_attempt,2
126562,University of Colorado Denver,public,https://ucdenver.catalog.acalog.com/index.php?catoid=8,2012,2012,historical_url_evidence_materialization,historical_lead_input_url,imported_llm_candidate_lead,False,_quarantine/policy_scraper_artifacts_20260702/artifacts/OLD_OUTPUT_ARCHIVES/policy_data_rebuild_old/inputs/public_claude_coverage_grid.csv,historical_attempt,2
126562,University of Colorado Denver,public,https://ucdenver.catalog.acalog.com/index.php?catoid=10,2013,2013,historical_url_evidence_materialization,historical_lead_input_url,imported_llm_candidate_lead,False,_quarantine/policy_scraper_artifacts_20260702/artifacts/OLD_OUTPUT_ARCHIVES/policy_data_rebuild_old/inputs/public_claude_coverage_grid.csv,historical_attempt,2
126562,University of Colorado Denver,public,https://ucdenver.catalog.acalog.com/index.php?catoid=14,2014,2014,historical_url_evidence_materialization,historical_lead_input_url,imported_llm_candidate_lead,False,_quarantine/policy_scraper_artifacts_20260702/artifacts/OLD_OUTPUT_ARCHIVES/policy_data_rebuild_old/inputs/public_claude_coverage_grid.csv,historical_attempt,2
126562,University of Colorado Denver/Anschutz Medical Campus,public,https://ucdenver.catalog.acalog.com/index.php?catoid=19,2015,2015,historical_url_evidence_materialization,historical_lead_input_url,imported_llm_candidate_lead,False,_quarantine/policy_scraper_artifacts_20260702/artifacts/OLD_OUTPUT_ARCHIVES/policy_data_rebuild_old/inputs/public_claude_coverage_grid.csv,historical_attempt,2
126562,University of Colorado Denver/Anschutz Medical Campus,public,https://ucdenver.catalog.acalog.com/index.php?catoid=21,2016,2016,historical_url_evidence_materialization,historical_lead_input_url,imported_llm_candidate_lead,False,_quarantine/policy_scraper_artifacts_20260702/artifacts/OLD_OUTPUT_ARCHIVES/policy_data_rebuild_old/inputs/public_claude_coverage_grid.csv,historical_attempt,2
127185,Fort Lewis College,public,https://web.archive.org/web/20090827191622/http://catalog.fortlewis.edu:80/,2009,2010,historical_url_evidence_materialization,historical_lead_input_url,imported_llm_candidate_lead,False,_quarantine/policy_scraper_artifacts_20260702/artifacts/OLD_OUTPUT_ARCHIVES/policy_data_rebuild_archive_20260622_054122/outputs/step4_source_review/step4_suggestion_source_review.csv,historical_attempt,2
127556,Mesa State College,public,https://www.coloradomesa.edu/academic-program-sheets/0506_program_sheets.html,2005,2005,historical_url_evidence_materialization,historical_lead_input_url,imported_llm_candidate_lead,False,_quarantine/policy_scraper_artifacts_20260702/artifacts/OLD_OUTPUT_ARCHIVES/policy_data_rebuild_archive_20260622_054122/outputs/step3_live_rebuilt_ledger/step3_suggestion_candidate_ledger.csv,historical_attempt,2
127556,Mesa State College,public,https://www.coloradomesa.edu/academic-program-sheets/0607_program_sheets.html,2006,2006,historical_url_evidence_materialization,historical_lead_input_url,imported_llm_candidate_lead,False,_quarantine/policy_scraper_artifacts_20260702/artifacts/OLD_OUTPUT_ARCHIVES/policy_data_rebuild_archive_20260622_054122/outputs/step3_live_rebuilt_ledger/step3_suggestion_candidate_ledger.csv,historical_attempt,2
127556,Mesa State College,public,https://www.coloradomesa.edu/academic-program-sheets/0708_program_sheets.html,2007,2007,historical_url_evidence_materialization,historical_lead_input_url,imported_llm_candidate_lead,False,_quarantine/policy_scraper_artifacts_20260702/artifacts/OLD_OUTPUT_ARCHIVES/policy_data_rebuild_archive_20260622_054122/outputs/step3_live_rebuilt_ledger/step3_suggestion_candidate_ledger.csv,historical_attempt,2
127556,Mesa State College,public,https://www.coloradomesa.edu/academic-program-sheets/0809_program_sheets.html,2008,2008,historical_url_evidence_materialization,historical_lead_input_url,imported_llm_candidate_lead,False,_quarantine/policy_scraper_artifacts_20260702/artifacts/OLD_OUTPUT_ARCHIVES/policy_data_rebuild_archive_20260622_054122/outputs/step3_live_rebuilt_ledger/step3_suggestion_candidate_ledger.csv,historical_attempt,2
127556,Mesa State College,public,https://www.coloradomesa.edu/academic-program-sheets/0910_program_sheets.html,2009,2009,historical_url_evidence_materialization,historical_lead_input_url,imported_llm_candidate_lead,False,_quarantine/policy_scraper_artifacts_20260702/artifacts/OLD_OUTPUT_ARCHIVES/policy_data_rebuild_archive_20260622_054122/outputs/step3_live_rebuilt_ledger/step3_suggestion_candidate_ledger.csv,historical_attempt,2
127556,Mesa State College,public,https://www.coloradomesa.edu/academic-program-sheets/1011_program_sheets.html,2010,2010,historical_url_evidence_materialization,historical_lead_input_url,imported_llm_candidate_lead,False,_quarantine/policy_scraper_artifacts_20260702/artifacts/OLD_OUTPUT_ARCHIVES/policy_data_rebuild_archive_20260622_054122/outputs/step3_live_rebuilt_ledger/step3_suggestion_candidate_ledger.csv,historical_attempt,2
127556,Colorado Mesa University,public,https://www.coloradomesa.edu/academic-program-sheets/1112_program_sheets.html,2011,2011,historical_url_evidence_materialization,historical_lead_input_url,imported_llm_candidate_lead,False,_quarantine/policy_scraper_artifacts_20260702/artifacts/OLD_OUTPUT_ARCHIVES/policy_data_rebuild_archive_20260622_054122/outputs/step3_live_rebuilt_ledger/step3_suggestion_candidate_ledger.csv,historical_attempt,2
127556,Colorado Mesa University,public,https://www.coloradomesa.edu/academic-program-sheets/1213_program_sheets.html,2012,2012,historical_url_evidence_materialization,historical_lead_input_url,imported_llm_candidate_lead,False,_quarantine/policy_scraper_artifacts_20260702/artifacts/OLD_OUTPUT_ARCHIVES/policy_data_rebuild_archive_20260622_054122/outputs/step3_live_rebuilt_ledger/step3_suggestion_candidate_ledger.csv,historical_attempt,2
127556,Colorado Mesa University,public,https://www.coloradomesa.edu/academic-program-sheets/1314_program_sheets.html,2013,2013,historical_url_evidence_materialization,historical_lead_input_url,imported_llm_candidate_lead,False,_quarantine/policy_scraper_artifacts_20260702/artifacts/OLD_OUTPUT_ARCHIVES/policy_data_rebuild_archive_20260622_054122/outputs/step3_live_rebuilt_ledger/step3_suggestion_candidate_ledger.csv,historical_attempt,2
127556,Colorado Mesa University,public,https://www.coloradomesa.edu/academic-program-sheets/1415_program_sheets.html,2014,2014,historical_url_evidence_materialization,historical_lead_input_url,imported_llm_candidate_lead,False,_quarantine/policy_scraper_artifacts_20260702/artifacts/OLD_OUTPUT_ARCHIVES/policy_data_rebuild_archive_20260622_054122/outputs/step3_live_rebuilt_ledger/step3_suggestion_candidate_ledger.csv,historical_attempt,2
127556,Colorado Mesa University,public,https://www.coloradomesa.edu/academic-program-sheets/1516-program-sheets.html,2015,2015,historical_url_evidence_materialization,historical_lead_input_url,imported_llm_candidate_lead,False,_quarantine/policy_scraper_artifacts_20260702/artifacts/OLD_OUTPUT_ARCHIVES/policy_data_rebuild_archive_20260622_054122/outputs/step3_live_rebuilt_ledger/step3_suggestion_candidate_ledger.csv,historical_attempt,2
127556,Colorado Mesa University,public,https://www.coloradomesa.edu/academic-program-sheets/1617-program-sheets.html,2016,2016,historical_url_evidence_materialization,historical_lead_input_url,imported_llm_candidate_lead,False,_quarantine/policy_scraper_artifacts_20260702/artifacts/OLD_OUTPUT_ARCHIVES/policy_data_rebuild_archive_20260622_054122/outputs/step3_live_rebuilt_ledger/step3_suggestion_candidate_ledger.csv,historical_attempt,2
127565,METROPOLITAN STATE COLLEGE OF DENVER,public,https://www.msudenver.edu/wp-content/uploads/2021/06/2002-2003CollegeCatalog.pdf,2002,2003,historical_url_evidence_materialization,historical_lead_input_url,imported_llm_candidate_lead,False,_quarantine/policy_scraper_artifacts_20260702/artifacts/OLD_OUTPUT_ARCHIVES/policy_data_rebuild_archive_20260622_054122/outputs/step3_live_rebuilt_ledger/step3_suggestion_candidate_ledger.csv,historical_attempt,2
127565,METROPOLITAN STATE COLLEGE OF DENVER,public,https://www.msudenver.edu/wp-content/uploads/2021/06/2003-2004CollegeCatalog.pdf,2003,2004,historical_url_evidence_materialization,historical_lead_input_url,imported_llm_candidate_lead,False,_quarantine/policy_scraper_artifacts_20260702/artifacts/OLD_OUTPUT_ARCHIVES/policy_data_rebuild_archive_20260622_054122/outputs/step3_live_rebuilt_ledger/step3_suggestion_candidate_ledger.csv,historical_attempt,2
127565,METROPOLITAN STATE COLLEGE OF DENVER,public,https://www.msudenver.edu/wp-content/uploads/2021/06/2004-2005CollegeCatalog.pdf,2004,2005,historical_url_evidence_materialization,historical_lead_input_url,imported_llm_candidate_lead,False,_quarantine/policy_scraper_artifacts_20260702/artifacts/OLD_OUTPUT_ARCHIVES/policy_data_rebuild_archive_20260622_054122/outputs/step3_live_rebuilt_ledger/step3_suggestion_candidate_ledger.csv,historical_attempt,2
127565,Metropolitan State College of Denver,public,https://www.msudenver.edu/wp-content/uploads/2021/06/2005-2006CollegeCatalog.pdf,2005,2006,historical_url_evidence_materialization,historical_lead_input_url,imported_llm_candidate_lead,False,_quarantine/policy_scraper_artifacts_20260702/artifacts/OLD_OUTPUT_ARCHIVES/policy_data_rebuild_archive_20260622_054122/outputs/step3_live_rebuilt_ledger/step3_suggestion_candidate_ledger.csv,historical_attempt,2
127565,Metropolitan State College of Denver,public,https://www.msudenver.edu/wp-content/uploads/2021/06/2006-2007CollegeCatalog.pdf,2006,2007,historical_url_evidence_materialization,historical_lead_input_url,imported_llm_candidate_lead,False,_quarantine/policy_scraper_artifacts_20260702/artifacts/OLD_OUTPUT_ARCHIVES/policy_data_rebuild_archive_20260622_054122/outputs/step3_live_rebuilt_ledger/step3_suggestion_candidate_ledger.csv,historical_attempt,2
127565,Metropolitan State College of Denver,public,https://www.msudenver.edu/wp-content/uploads/2021/06/2007-2008CollegeCatalog.pdf,2007,2008,historical_url_evidence_materialization,historical_lead_input_url,imported_llm_candidate_lead,False,_quarantine/policy_scraper_artifacts_20260702/artifacts/OLD_OUTPUT_ARCHIVES/policy_data_rebuild_archive_20260622_054122/outputs/step3_live_rebuilt_ledger/step3_suggestion_candidate_ledger.csv,historical_attempt,2
128106,UNIVERSITY OF SOUTHERN COLORADO,public,https://www.csupueblo.edu/catalog/_doc/Catalog2002-2003.pdf,2002,2003,historical_url_evidence_materialization,legacy_input_url,prior_programmatic,True,_quarantine/policy_scraper_artifacts_20260702/artifacts/PILOTS/url_discovery/audit_trails/url_discovery_pilot_batch_008_dev_003/source_review_log.csv,historical_discovery,1
128106,COLORADO STATE UNIVERSITY-PUEBLO,public,https://www.csupueblo.edu/catalog/_doc/Catalog2003-2004.pdf,2003,2004,historical_url_evidence_materialization,legacy_input_url,prior_programmatic,True,_quarantine/policy_scraper_artifacts_20260702/artifacts/PILOTS/url_discovery/audit_trails/url_discovery_pilot_batch_008_dev_003/source_review_log.csv,historical_discovery,1
128106,COLORADO STATE UNIVERSITY-PUEBLO,public,https://www.csupueblo.edu/catalog/_doc/Catalog2004-2005.pdf,2004,2005,historical_url_evidence_materialization,legacy_input_url,prior_programmatic,True,_quarantine/policy_scraper_artifacts_20260702/artifacts/PILOTS/url_discovery/audit_trails/url_discovery_pilot_batch_008_dev_003/source_review_log.csv,historical_discovery,1
128106,Colorado State University-Pueblo,public,https://www.csupueblo.edu/catalog/_doc/Catalog2005-2006.pdf,2005,2006,historical_url_evidence_materialization,legacy_input_url,prior_programmatic,True,_quarantine/policy_scraper_artifacts_20260702/artifacts/PILOTS/url_discovery/audit_trails/url_discovery_pilot_batch_008_dev_003/source_review_log.csv,historical_discovery,1
128106,Colorado State University-Pueblo,public,https://www.csupueblo.edu/catalog/_doc/Catalog2006-2007.pdf,2006,2007,historical_url_evidence_materialization,legacy_input_url,prior_programmatic,True,_quarantine/policy_scraper_artifacts_20260702/artifacts/PILOTS/url_discovery/audit_trails/url_discovery_pilot_batch_008_dev_003/source_review_log.csv,historical_discovery,1
128106,Colorado State University-Pueblo,public,https://www.csupueblo.edu/catalog/_doc/Catalog2007-2008.pdf,2007,2008,historical_url_evidence_materialization,legacy_input_url,prior_programmatic,True,_quarantine/policy_scraper_artifacts_20260702/artifacts/PILOTS/url_discovery/audit_trails/url_discovery_pilot_batch_008_dev_003/source_review_log.csv,historical_discovery,1
128106,Colorado State University-Pueblo,public,https://www.csupueblo.edu/catalog/_doc/Catalog2008-2009.pdf,2008,2009,historical_url_evidence_materialization,legacy_input_url,prior_programmatic,True,_quarantine/policy_scraper_artifacts_20260702/artifacts/PILOTS/url_discovery/audit_trails/url_discovery_pilot_batch_008_dev_003/source_review_log.csv,historical_discovery,1
128106,Colorado State University-Pueblo,public,https://www.csupueblo.edu/catalog/_doc/Catalog2009-2010.pdf,2009,2010,historical_url_evidence_materialization,legacy_input_url,prior_programmatic,True,_quarantine/policy_scraper_artifacts_20260702/artifacts/PILOTS/url_discovery/audit_trails/url_discovery_pilot_batch_008_dev_003/source_review_log.csv,historical_discovery,1
128106,Colorado State University-Pueblo,public,https://www.csupueblo.edu/catalog/_doc/Catalog2010-2011.pdf,2010,2011,historical_url_evidence_materialization,legacy_input_url,prior_programmatic,True,_quarantine/policy_scraper_artifacts_20260702/artifacts/PILOTS/url_discovery/audit_trails/url_discovery_pilot_batch_008_dev_003/source_review_log.csv,historical_discovery,1
128106,Colorado State University-Pueblo,public,https://www.csupueblo.edu/catalog/_doc/Catalog2011-2012.pdf,2011,2012,historical_url_evidence_materialization,legacy_input_url,prior_programmatic,True,_quarantine/policy_scraper_artifacts_20260702/artifacts/PILOTS/url_discovery/audit_trails/url_discovery_pilot_batch_008_dev_003/source_review_log.csv,historical_discovery,1
128106,Colorado State University-Pueblo,public,https://www.csupueblo.edu/catalog/_doc/Catalog2012-2013.pdf,2012,2013,historical_url_evidence_materialization,legacy_input_url,prior_programmatic,True,_quarantine/policy_scraper_artifacts_20260702/artifacts/PILOTS/url_discovery/audit_trails/url_discovery_pilot_batch_008_dev_003/source_review_log.csv,historical_discovery,1
128106,Colorado State University-Pueblo,public,https://www.csupueblo.edu/catalog/_doc/Catalog2013-2014.pdf,2013,2014,historical_url_evidence_materialization,legacy_input_url,prior_programmatic,True,_quarantine/policy_scraper_artifacts_20260702/artifacts/PILOTS/url_discovery/audit_trails/url_discovery_pilot_batch_008_dev_003/source_review_log.csv,historical_discovery,1
128106,Colorado State University-Pueblo,public,https://www.csupueblo.edu/catalog/_doc/Catalog2014-2015.pdf,2014,2015,historical_url_evidence_materialization,legacy_input_url,prior_programmatic,True,_quarantine/policy_scraper_artifacts_20260702/artifacts/PILOTS/url_discovery/audit_trails/url_discovery_pilot_batch_008_dev_003/source_review_log.csv,historical_discovery,1
128106,Colorado State University-Pueblo,public,https://www.csupueblo.edu/catalog/_doc/Catalog2015-2016.pdf,2015,2016,historical_url_evidence_materialization,legacy_input_url,prior_programmatic,True,_quarantine/policy_scraper_artifacts_20260702/artifacts/PILOTS/url_discovery/audit_trails/url_discovery_pilot_batch_008_dev_003/source_review_log.csv,historical_discovery,1
128106,Colorado State University-Pueblo,public,https://www.csupueblo.edu/catalog/_doc/Catalog2016-2017.pdf,2016,2017,historical_url_evidence_materialization,legacy_input_url,prior_programmatic,True,_quarantine/policy_scraper_artifacts_20260702/artifacts/PILOTS/url_discovery/audit_trails/url_discovery_pilot_batch_008_dev_003/source_review_log.csv,historical_discovery,1
128771,CENTRAL CONNECTICUT STATE UNIVERSITY,public,https://ccsu.smartcatalogiq.com/-/media/institution/ccsu/2001-2003%20Undergraduate%20Catalog.pdf,2001,2003,historical_url_evidence_materialization,legacy_input_url,prior_programmatic,True,_quarantine/policy_scraper_artifacts_20260702/artifacts/PILOTS/url_discovery/audit_trails/url_discovery_pilot_batch_006_dev_001/source_review_log.csv,historical_discovery,1
128771,CENTRAL CONNECTICUT STATE UNIVERSITY,public,https://ccsu.smartcatalogiq.com/en/current/Undergraduate-Graduate-Catalog,2003,2003,historical_url_evidence_materialization,legacy_input_url,validated_human_legacy,True,_quarantine/policy_scraper_artifacts_20260702/artifacts/AUDIT_TRAILS/policy_data_internal_existing/90_INTERNAL_PIPELINE_ARTIFACTS/interim/archive/pre_namespace_run_20260609_production_namespace/legacy_evidence_links.csv,historical_attempt,0
128771,CENTRAL CONNECTICUT STATE UNIVERSITY,public,https://ccsu.smartcatalogiq.com/-/media/institution/ccsu/2003-2005%20Undergraduate%20Catalog.pdf,2003,2005,historical_url_evidence_materialization,legacy_input_url,prior_programmatic,True,_quarantine/policy_scraper_artifacts_20260702/artifacts/PILOTS/url_discovery/audit_trails/url_discovery_pilot_batch_006_dev_001/source_review_log.csv,historical_discovery,1
128771,Central Connecticut State University,public,https://ccsu.smartcatalogiq.com/-/media/institution/ccsu/2005-2007%20Undergraduate%20Catalog.pdf,2005,2007,historical_url_evidence_materialization,legacy_input_url,prior_programmatic,True,_quarantine/policy_scraper_artifacts_20260702/artifacts/PILOTS/url_discovery/audit_trails/url_discovery_pilot_batch_006_dev_001/source_review_log.csv,historical_discovery,1
128771,Central Connecticut State University,public,https://ccsu.smartcatalogiq.com/-/media/institution/ccsu/2005-2007%20Undergraduate%20Catalog.pdf,2005,2007,historical_url_evidence_materialization,legacy_input_url,prior_programmatic,True,_quarantine/policy_scraper_artifacts_20260702/artifacts/PILOTS/url_discovery/audit_trails/url_discovery_pilot_batch_006_dev_001/source_review_log.csv,historical_discovery,1
128771,Central Connecticut State University,public,https://ccsu.smartcatalogiq.com/-/media/institution/ccsu/2007-2009%20Catalog.pdf,2007,2009,historical_url_evidence_materialization,legacy_input_url,prior_programmatic,True,_quarantine/policy_scraper_artifacts_20260702/artifacts/PILOTS/url_discovery/audit_trails/url_discovery_pilot_batch_006_dev_001/source_review_log.csv,historical_discovery,1
128771,Central Connecticut State University,public,https://ccsu.smartcatalogiq.com/-/media/institution/ccsu/2007-2009%20Catalog.pdf,2007,2009,historical_url_evidence_materialization,legacy_input_url,prior_programmatic,True,_quarantine/policy_scraper_artifacts_20260702/artifacts/PILOTS/url_discovery/audit_trails/url_discovery_pilot_batch_006_dev_001/source_review_log.csv,historical_discovery,1
128771,Central Connecticut State University,public,https://ccsu.smartcatalogiq.com/-/media/institution/ccsu/2009-2011%20Catalog.pdf,2009,2011,historical_url_evidence_materialization,legacy_input_url,prior_programmatic,True,_quarantine/policy_scraper_artifacts_20260702/artifacts/PILOTS/url_discovery/audit_trails/url_discovery_pilot_batch_006_dev_001/source_review_log.csv,historical_discovery,1
128771,Central Connecticut State University,public,https://ccsu.smartcatalogiq.com/-/media/institution/ccsu/2009-2011%20Catalog.pdf,2009,2011,historical_url_evidence_materialization,legacy_input_url,prior_programmatic,True,_quarantine/policy_scraper_artifacts_20260702/artifacts/PILOTS/url_discovery/audit_trails/url_discovery_pilot_batch_006_dev_001/source_review_log.csv,historical_discovery,1
128771,Central Connecticut State University,public,https://ccsu.smartcatalogiq.com/-/media/institution/ccsu/2011-2013%20Catalog.pdf,2011,2013,historical_url_evidence_materialization,legacy_input_url,prior_programmatic,True,_quarantine/policy_scraper_artifacts_20260702/artifacts/PILOTS/url_discovery/audit_trails/url_discovery_pilot_batch_006_dev_001/source_review_log.csv,historical_discovery,1
128771,Central Connecticut State University,public,https://ccsu.smartcatalogiq.com/-/media/institution/ccsu/2012-2013%20Catalog.pdf,2012,2013,historical_url_evidence_materialization,legacy_input_url,prior_programmatic,True,_quarantine/policy_scraper_artifacts_20260702/artifacts/PILOTS/url_discovery/audit_trails/url_discovery_pilot_batch_006_dev_001/source_review_log.csv,historical_discovery,1
128771,Central Connecticut State University,public,https://ccsu.smartcatalogiq.com/-/media/institution/ccsu/2013-2014%20Catalog.pdf,2013,2014,historical_url_evidence_materialization,legacy_input_url,prior_programmatic,True,_quarantine/policy_scraper_artifacts_20260702/artifacts/PILOTS/url_discovery/audit_trails/url_discovery_pilot_batch_006_dev_001/source_review_log.csv,historical_discovery,1
128771,Central Connecticut State University,public,https://ccsu.smartcatalogiq.com/en/2014-2015/undergraduate-graduate-catalog,2014,2015,historical_url_evidence_materialization,legacy_input_url,prior_programmatic,True,_quarantine/policy_scraper_artifacts_20260702/artifacts/PILOTS/url_discovery/audit_trails/url_discovery_pilot_batch_006_dev_001/source_review_log.csv,historical_discovery,1
128771,Central Connecticut State University,public,https://ccsu.smartcatalogiq.com/en/2015-2016/undergraduate-graduate-catalog,2015,2016,historical_url_evidence_materialization,legacy_input_url,prior_programmatic,True,_quarantine/policy_scraper_artifacts_20260702/artifacts/PILOTS/url_discovery/audit_trails/url_discovery_pilot_batch_006_dev_001/source_review_log.csv,historical_discovery,1
128771,Central Connecticut State University,public,https://ccsu.smartcatalogiq.com/en/2016-2017/undergraduate-graduate-catalog,2016,2017,historical_url_evidence_materialization,legacy_input_url,prior_programmatic,True,_quarantine/policy_scraper_artifacts_20260702/artifacts/PILOTS/url_discovery/audit_trails/url_discovery_pilot_batch_006_dev_001/source_review_log.csv,historical_discovery,1
129242,Fairfield University,private,https://libraryapps.fairfield.edu/catalogs/aca_undergrad07-08.pdf,2007,2007,historical_url_evidence_materialization,legacy_input_url,validated_human_legacy,True,_quarantine/policy_scraper_artifacts_20260702/artifacts/AUDIT_TRAILS/policy_data_internal_existing/90_INTERNAL_PIPELINE_ARTIFACTS/interim/archive/pre_namespace_run_20260609_production_namespace/legacy_evidence_links.csv,historical_attempt,0
129242,Fairfield University,private,https://libraryapps.fairfield.edu/catalogs/aca_undercat08_a.pdf,2008,2008,historical_url_evidence_materialization,legacy_input_url,validated_human_legacy,True,_quarantine/policy_scraper_artifacts_20260702/artifacts/AUDIT_TRAILS/policy_data_internal_existing/90_INTERNAL_PIPELINE_ARTIFACTS/interim/archive/pre_namespace_run_20260609_production_namespace/legacy_evidence_links.csv,historical_attempt,0
129242,Fairfield University,private,https://libraryapps.fairfield.edu/catalogs/aca_undercat09a.pdf,2009,2009,historical_url_evidence_materialization,legacy_input_url,validated_human_legacy,True,_quarantine/policy_scraper_artifacts_20260702/artifacts/AUDIT_TRAILS/policy_data_internal_existing/90_INTERNAL_PIPELINE_ARTIFACTS/interim/archive/pre_namespace_run_20260609_production_namespace/legacy_evidence_links.csv,historical_attempt,0
129242,Fairfield University,private,https://libraryapps.fairfield.edu/catalogs/aca_undercat10.pdf,2010,2010,historical_url_evidence_materialization,legacy_input_url,validated_human_legacy,True,_quarantine/policy_scraper_artifacts_20260702/artifacts/AUDIT_TRAILS/policy_data_internal_existing/90_INTERNAL_PIPELINE_ARTIFACTS/interim/archive/pre_namespace_run_20260609_production_namespace/legacy_evidence_links.csv,historical_attempt,0
129242,Fairfield University,private,https://libraryapps.fairfield.edu/catalogs/aca_undercat11.pdf,2011,2011,historical_url_evidence_materialization,legacy_input_url,validated_human_legacy,True,_quarantine/policy_scraper_artifacts_20260702/artifacts/AUDIT_TRAILS/policy_data_internal_existing/90_INTERNAL_PIPELINE_ARTIFACTS/interim/archive/pre_namespace_run_20260609_production_namespace/legacy_evidence_links.csv,historical_attempt,0
129242,Fairfield University,private,https://libraryapps.fairfield.edu/catalogs/aca_undercat12.pdf,2012,2012,historical_url_evidence_materialization,legacy_input_url,validated_human_legacy,True,_quarantine/policy_scraper_artifacts_20260702/artifacts/AUDIT_TRAILS/policy_data_internal_existing/90_INTERNAL_PIPELINE_ARTIFACTS/interim/archive/pre_namespace_run_20260609_production_namespace/legacy_evidence_links.csv,historical_attempt,0
129242,Fairfield University,private,https://libraryapps.fairfield.edu/catalogs/aca_undercat13.pdf,2013,2013,historical_url_evidence_materialization,legacy_input_url,validated_human_legacy,True,_quarantine/policy_scraper_artifacts_20260702/artifacts/AUDIT_TRAILS/policy_data_internal_existing/90_INTERNAL_PIPELINE_ARTIFACTS/interim/archive/pre_namespace_run_20260609_production_namespace/legacy_evidence_links.csv,historical_attempt,0
129242,Fairfield University,private,https://libraryapps.fairfield.edu/catalogs/aca_undercat14-15.pdf,2014,2014,historical_url_evidence_materialization,legacy_input_url,validated_human_legacy,True,_quarantine/policy_scraper_artifacts_20260702/artifacts/AUDIT_TRAILS/policy_data_internal_existing/90_INTERNAL_PIPELINE_ARTIFACTS/interim/archive/pre_namespace_run_20260609_production_namespace/legacy_evidence_links.csv,historical_attempt,0
129242,Fairfield University,private,https://libraryapps.fairfield.edu/catalogs/aca_undercat15-16.pdf,2015,2015,historical_url_evidence_materialization,legacy_input_url,validated_human_legacy,True,_quarantine/policy_scraper_artifacts_20260702/artifacts/AUDIT_TRAILS/policy_data_internal_existing/90_INTERNAL_PIPELINE_ARTIFACTS/interim/archive/pre_namespace_run_20260609_production_namespace/legacy_evidence_links.csv,historical_attempt,0
129242,Fairfield University,private,https://libraryapps.fairfield.edu/catalogs/aca_undercat16-17.pdf,2016,2016,historical_url_evidence_materialization,legacy_input_url,validated_human_legacy,True,_quarantine/policy_scraper_artifacts_20260702/artifacts/AUDIT_TRAILS/policy_data_internal_existing/90_INTERNAL_PIPELINE_ARTIFACTS/interim/archive/pre_namespace_run_20260609_production_namespace/legacy_evidence_links.csv,historical_attempt,0
130776,Western Connecticut State University,public,http://catalogs.wcsu.edu/ugrad1012/files/2018/10/WCSU-Undergraduate-Catalog-02-21-12.pdf,2018,2019,historical_url_evidence_materialization,legacy_input_url,validated_human_legacy,True,_quarantine/policy_scraper_artifacts_20260702/artifacts/PILOTS/url_discovery/audit_trails/mini_full_production_test_001/preferred_legacy_links.csv,historical_attempt,0
130776,Western Connecticut State University,public,http://catalogs.wcsu.edu/ugrad1012/files/2018/10/WCSU-Undergraduate-Catalog-02-21-12.pdf,2018,2019,historical_url_evidence_materialization,legacy_input_url,prior_programmatic,True,_quarantine/policy_scraper_artifacts_20260702/artifacts/PILOTS/url_discovery/audit_trails/mini_full_production_test_001/benchmark_against_old_audit.csv,historical_attempt,1
130776,Western Connecticut State University,public,http://catalogs.wcsu.edu/ugrad1214/files/2018/10/catalog-1214.pdf,2018,2019,historical_url_evidence_materialization,legacy_input_url,validated_human_legacy,True,_quarantine/policy_scraper_artifacts_20260702/artifacts/PILOTS/url_discovery/audit_trails/mini_full_production_test_001/preferred_legacy_links.csv,historical_attempt,0
130776,Western Connecticut State University,public,http://catalogs.wcsu.edu/ugrad1214/files/2018/10/catalog-1214.pdf,2018,2019,historical_url_evidence_materialization,legacy_input_url,prior_programmatic,True,_quarantine/policy_scraper_artifacts_20260702/artifacts/PILOTS/url_discovery/audit_trails/mini_full_production_test_001/benchmark_against_old_audit.csv,historical_attempt,1
130776,Western Connecticut State University,public,http://catalogs.wcsu.edu/ugrad1416/files/2018/10/Undergraduate-Catalog-14-16.pdf,2018,2019,historical_url_evidence_materialization,legacy_input_url,validated_human_legacy,True,_quarantine/policy_scraper_artifacts_20260702/artifacts/PILOTS/url_discovery/audit_trails/mini_full_production_test_001/preferred_legacy_links.csv,historical_attempt,0
130776,Western Connecticut State University,public,http://catalogs.wcsu.edu/ugrad1416/,2015,2015,historical_url_evidence_materialization,legacy_input_url,prior_programmatic,True,_quarantine/policy_scraper_artifacts_20260702/artifacts/PILOTS/url_discovery/audit_trails/mini_full_production_test_001/benchmark_against_old_audit.csv,historical_attempt,1
130776,Western Connecticut State University,public,http://catalogs.wcsu.edu/ugrad1617/,2016,2016,historical_url_evidence_materialization,legacy_input_url,prior_programmatic,True,_quarantine/policy_scraper_artifacts_20260702/artifacts/PILOTS/url_discovery/audit_trails/mini_full_production_test_001/benchmark_against_old_audit.csv,historical_attempt,1
130934,Delaware State University,public,https://www.desu.edu/sites/flagship/files/document/16/undergraduate-catalog_12-13.pdf,2012,2012,historical_url_evidence_materialization,legacy_input_url,validated_human_legacy,True,_quarantine/policy_scraper_artifacts_20260702/artifacts/AUDIT_TRAILS/policy_data_internal_existing/90_INTERNAL_PIPELINE_ARTIFACTS/interim/archive/pre_namespace_run_20260609_production_namespace/legacy_evidence_links.csv,historical_attempt,0
130934,Delaware State University,public,https://www.desu.edu/sites/flagship/files/document/16/undergraduate-catalog_13-14.pdf,2013,2013,historical_url_evidence_materialization,legacy_input_url,prior_programmatic,True,_quarantine/policy_scraper_artifacts_20260702/artifacts/PILOTS/url_discovery/audit_trails/url_discovery_pilot_batch_009_dev_004/source_review_log.csv,historical_discovery,1
130934,Delaware State University,public,https://www.desu.edu/sites/flagship/files/document/16/undergraduate-catalog_14-15.pdf,2014,2014,historical_url_evidence_materialization,legacy_input_url,prior_programmatic,True,_quarantine/policy_scraper_artifacts_20260702/artifacts/PILOTS/url_discovery/audit_trails/url_discovery_pilot_batch_009_dev_004/source_review_log.csv,historical_discovery,1
130934,Delaware State University,public,https://www.desu.edu/sites/flagship/files/document/16/undergraduate_catalog_15-16.pdf,2015,2015,historical_url_evidence_materialization,legacy_input_url,prior_programmatic,True,_quarantine/policy_scraper_artifacts_20260702/artifacts/PILOTS/url_discovery/audit_trails/url_discovery_pilot_batch_009_dev_004/source_review_log.csv,historical_discovery,1
130934,Delaware State University,public,https://www.desu.edu/sites/flagship/files/document/16/undergraduate-catalog-16-17.pdf,2016,2016,historical_url_evidence_materialization,legacy_input_url,prior_programmatic,True,_quarantine/policy_scraper_artifacts_20260702/artifacts/PILOTS/url_discovery/audit_trails/url_discovery_pilot_batch_009_dev_004/source_review_log.csv,historical_discovery,1
133492,ECKERD COLLEGE,private,https://drive.google.com/file/d/0B1YlcpfxYuRecGg4QUdRS1FGOVk/view?usp=drive_link&resourcekey=0-fkgg758VDO78K3k5Eu15Fw,2004,2004,historical_url_evidence_materialization,legacy_input_url,validated_human_legacy,True,_quarantine/policy_scraper_artifacts_20260702/artifacts/AUDIT_TRAILS/policy_data_internal_existing/90_INTERNAL_PIPELINE_ARTIFACTS/interim/archive/pre_namespace_run_20260609_production_namespace/legacy_evidence_links.csv,historical_attempt,0
133492,Eckerd College,private,https://drive.google.com/file/d/0B1YlcpfxYuRecGg4QUdRS1FGOVk/view?usp=drive_link&resourcekey=0-fkgg758VDO78K3k5Eu15Fw,2005,2005,historical_url_evidence_materialization,legacy_input_url,validated_human_legacy,True,_quarantine/policy_scraper_artifacts_20260702/artifacts/AUDIT_TRAILS/policy_data_internal_existing/90_INTERNAL_PIPELINE_ARTIFACTS/interim/archive/pre_namespace_run_20260609_production_namespace/legacy_evidence_links.csv,historical_attempt,0
133492,Eckerd College,private,https://drive.google.com/file/d/0B1YlcpfxYuReZjh6emR0bGtGd0k/view?usp=drive_link&resourcekey=0-Ao3is1RdJqdH0CwRFVemvA,2006,2006,historical_url_evidence_materialization,legacy_input_url,validated_human_legacy,True,_quarantine/policy_scraper_artifacts_20260702/artifacts/AUDIT_TRAILS/policy_data_internal_existing/90_INTERNAL_PIPELINE_ARTIFACTS/interim/archive/pre_namespace_run_20260609_production_namespace/legacy_evidence_links.csv,historical_attempt,0
133492,Eckerd College,private,https://drive.google.com/file/d/0B1YlcpfxYuReZjh6emR0bGtGd0k/view?usp=drive_link&resourcekey=0-Ao3is1RdJqdH0CwRFVemvA,2007,2007,historical_url_evidence_materialization,legacy_input_url,validated_human_legacy,True,_quarantine/policy_scraper_artifacts_20260702/artifacts/AUDIT_TRAILS/policy_data_internal_existing/90_INTERNAL_PIPELINE_ARTIFACTS/interim/archive/pre_namespace_run_20260609_production_namespace/legacy_evidence_links.csv,historical_attempt,0
133492,Eckerd College,private,https://drive.google.com/file/d/0B1YlcpfxYuReeXFDT3dWbk8tdWs/view?usp=drive_link&resourcekey=0-09bTadwXrmwLj2-ePSPAZQ,2008,2008,historical_url_evidence_materialization,legacy_input_url,validated_human_legacy,True,_quarantine/policy_scraper_artifacts_20260702/artifacts/AUDIT_TRAILS/policy_data_internal_existing/90_INTERNAL_PIPELINE_ARTIFACTS/interim/archive/pre_namespace_run_20260609_production_namespace/legacy_evidence_links.csv,historical_attempt,0
133492,Eckerd College,private,https://drive.google.com/file/d/0B1YlcpfxYuReeXFDT3dWbk8tdWs/view?usp=drive_link&resourcekey=0-09bTadwXrmwLj2-ePSPAZQ,2009,2009,historical_url_evidence_materialization,legacy_input_url,validated_human_legacy,True,_quarantine/policy_scraper_artifacts_20260702/artifacts/AUDIT_TRAILS/policy_data_internal_existing/90_INTERNAL_PIPELINE_ARTIFACTS/interim/archive/pre_namespace_run_20260609_production_namespace/legacy_evidence_links.csv,historical_attempt,0
133492,Eckerd College,private,https://drive.google.com/file/d/0B1YlcpfxYuReZ1V6VUdiMHBnYzA/view?usp=drive_link&resourcekey=0-wNj9BOwSTGoRbJQAFRruPA,2010,2010,historical_url_evidence_materialization,legacy_input_url,validated_human_legacy,True,_quarantine/policy_scraper_artifacts_20260702/artifacts/AUDIT_TRAILS/policy_data_internal_existing/90_INTERNAL_PIPELINE_ARTIFACTS/interim/archive/pre_namespace_run_20260609_production_namespace/legacy_evidence_links.csv,historical_attempt,0
133492,Eckerd College,private,https://drive.google.com/file/d/0B1YlcpfxYuReZ1V6VUdiMHBnYzA/view?usp=drive_link&resourcekey=0-wNj9BOwSTGoRbJQAFRruPA,2011,2011,historical_url_evidence_materialization,legacy_input_url,validated_human_legacy,True,_quarantine/policy_scraper_artifacts_20260702/artifacts/AUDIT_TRAILS/policy_data_internal_existing/90_INTERNAL_PIPELINE_ARTIFACTS/interim/archive/pre_namespace_run_20260609_production_namespace/legacy_evidence_links.csv,historical_attempt,0
133492,Eckerd College,private,https://drive.google.com/file/d/0B1YlcpfxYuReTFp3Q2dreElCdk0/view?usp=drive_link&resourcekey=0-sUlOMGsCJIQ4AMJHKZPCVg,2012,2012,historical_url_evidence_materialization,legacy_input_url,validated_human_legacy,True,_quarantine/policy_scraper_artifacts_20260702/artifacts/AUDIT_TRAILS/policy_data_internal_existing/90_INTERNAL_PIPELINE_ARTIFACTS/interim/archive/pre_namespace_run_20260609_production_namespace/legacy_evidence_links.csv,historical_attempt,0
133492,Eckerd College,private,https://drive.google.com/file/d/0B1YlcpfxYuReTFp3Q2dreElCdk0/view?usp=drive_link&resourcekey=0-sUlOMGsCJIQ4AMJHKZPCVg,2013,2013,historical_url_evidence_materialization,legacy_input_url,validated_human_legacy,True,_quarantine/policy_scraper_artifacts_20260702/artifacts/AUDIT_TRAILS/policy_data_internal_existing/90_INTERNAL_PIPELINE_ARTIFACTS/interim/archive/pre_namespace_run_20260609_production_namespace/legacy_evidence_links.csv,historical_attempt,0
133492,Eckerd College,private,https://drive.google.com/file/d/0B1YlcpfxYuReaWdldGNuUjQ2LVU/view?usp=drive_link&resourcekey=0-BitUJdz5TdisZcDDz4dGfg,2014,2014,historical_url_evidence_materialization,legacy_input_url,validated_human_legacy,True,_quarantine/policy_scraper_artifacts_20260702/artifacts/AUDIT_TRAILS/policy_data_internal_existing/90_INTERNAL_PIPELINE_ARTIFACTS/interim/archive/pre_namespace_run_20260609_production_namespace/legacy_evidence_links.csv,historical_attempt,0
133492,Eckerd College,private,https://drive.google.com/file/d/0B1YlcpfxYuReaWdldGNuUjQ2LVU/view?usp=drive_link&resourcekey=0-BitUJdz5TdisZcDDz4dGfg,2015,2015,historical_url_evidence_materialization,legacy_input_url,validated_human_legacy,True,_quarantine/policy_scraper_artifacts_20260702/artifacts/AUDIT_TRAILS/policy_data_internal_existing/90_INTERNAL_PIPELINE_ARTIFACTS/interim/archive/pre_namespace_run_20260609_production_namespace/legacy_evidence_links.csv,historical_attempt,0
133492,Eckerd College,private,https://drive.google.com/file/d/0B1YlcpfxYuReck5UU2phbV9fT28/view?usp=drive_link&resourcekey=0-3Zk_FEuOeO3eQiNU2UQr7w,2016,2016,historical_url_evidence_materialization,legacy_input_url,validated_human_legacy,True,_quarantine/policy_scraper_artifacts_20260702/artifacts/AUDIT_TRAILS/policy_data_internal_existing/90_INTERNAL_PIPELINE_ARTIFACTS/interim/archive/pre_namespace_run_20260609_production_namespace/legacy_evidence_links.csv,historical_attempt,0
133650,Florida Agricultural and Mechanical University,public,http://famu.catalog.acalog.com/content.php?catoid=1&navoid=23&hl=repeat&returnto=search#office_of_the_university_registrar,2013,2013,historical_url_evidence_materialization,historical_lead_input_url,imported_llm_candidate_lead,False,_quarantine/policy_scraper_artifacts_20260702/artifacts/OLD_OUTPUT_ARCHIVES/policy_data_rebuild_old/inputs/public_claude_coverage_grid.csv,historical_attempt,2
133951,FLORIDA INTERNATIONAL UNIVERSITY,public,https://onestop.fiu.edu/,2002,2002,historical_url_evidence_materialization,legacy_input_url,prior_programmatic,True,_quarantine/policy_scraper_artifacts_20260702/artifacts/PILOTS/url_discovery/audit_trails/url_discovery_pilot_batch_011_dev_006/source_review_log.csv,historical_discovery,1
133951,FLORIDA INTERNATIONAL UNIVERSITY,public,https://onestop.fiu.edu/,2003,2003,historical_url_evidence_materialization,legacy_input_url,prior_programmatic,True,_quarantine/policy_scraper_artifacts_20260702/artifacts/PILOTS/url_discovery/audit_trails/url_discovery_pilot_batch_011_dev_006/source_review_log.csv,historical_discovery,1
133951,FLORIDA INTERNATIONAL UNIVERSITY,public,https://onestop.fiu.edu/,2004,2004,historical_url_evidence_materialization,legacy_input_url,prior_programmatic,True,_quarantine/policy_scraper_artifacts_20260702/artifacts/PILOTS/url_discovery/audit_trails/url_discovery_pilot_batch_011_dev_006/source_review_log.csv,historical_discovery,1
133951,Florida International University,public,https://onestop.fiu.edu/,2005,2005,historical_url_evidence_materialization,legacy_input_url,prior_programmatic,True,_quarantine/policy_scraper_artifacts_20260702/artifacts/PILOTS/url_discovery/audit_trails/url_discovery_pilot_batch_011_dev_006/source_review_log.csv,historical_discovery,1
133951,Florida International University,public,https://onestop.fiu.edu/,2006,2006,historical_url_evidence_materialization,legacy_input_url,prior_programmatic,True,_quarantine/policy_scraper_artifacts_20260702/artifacts/PILOTS/url_discovery/audit_trails/url_discovery_pilot_batch_011_dev_006/source_review_log.csv,historical_discovery,1
133951,Florida International University,public,https://onestop.fiu.edu/,2007,2007,historical_url_evidence_materialization,legacy_input_url,prior_programmatic,True,_quarantine/policy_scraper_artifacts_20260702/artifacts/PILOTS/url_discovery/audit_trails/url_discovery_pilot_batch_011_dev_006/source_review_log.csv,historical_discovery,1
133951,Florida International University,public,https://onestop.fiu.edu/,2008,2008,historical_url_evidence_materialization,legacy_input_url,prior_programmatic,True,_quarantine/policy_scraper_artifacts_20260702/artifacts/PILOTS/url_discovery/audit_trails/url_discovery_pilot_batch_011_dev_006/source_review_log.csv,historical_discovery,1
133951,Florida International University,public,https://digitalcommons.fiu.edu/cgi/viewcontent.cgi?article=1021&context=catalogs,2009,2009,historical_url_evidence_materialization,legacy_input_url,validated_human_legacy,True,_quarantine/policy_scraper_artifacts_20260702/artifacts/AUDIT_TRAILS/policy_data_internal_existing/90_INTERNAL_PIPELINE_ARTIFACTS/interim/archive/pre_namespace_run_20260609_production_namespace/legacy_evidence_links.csv,historical_attempt,0
133951,Florida International University,public,https://onestop.fiu.edu/,2010,2010,historical_url_evidence_materialization,legacy_input_url,prior_programmatic,True,_quarantine/policy_scraper_artifacts_20260702/artifacts/PILOTS/url_discovery/audit_trails/url_discovery_pilot_batch_011_dev_006/source_review_log.csv,historical_discovery,1
133951,Florida International University,public,https://onestop.fiu.edu/,2011,2011,historical_url_evidence_materialization,legacy_input_url,prior_programmatic,True,_quarantine/policy_scraper_artifacts_20260702/artifacts/PILOTS/url_discovery/audit_trails/url_discovery_pilot_batch_011_dev_006/source_review_log.csv,historical_discovery,1
133951,Florida International University,public,https://onestop.fiu.edu/,2012,2012,historical_url_evidence_materialization,legacy_input_url,prior_programmatic,True,_quarantine/policy_scraper_artifacts_20260702/artifacts/PILOTS/url_discovery/audit_trails/url_discovery_pilot_batch_011_dev_006/source_review_log.csv,historical_discovery,1
133951,Florida International University,public,https://onestop.fiu.edu/,2013,2013,historical_url_evidence_materialization,legacy_input_url,prior_programmatic,True,_quarantine/policy_scraper_artifacts_20260702/artifacts/PILOTS/url_discovery/audit_trails/url_discovery_pilot_batch_011_dev_006/source_review_log.csv,historical_discovery,1
133951,Florida International University,public,https://onestop.fiu.edu/,2014,2014,historical_url_evidence_materialization,legacy_input_url,prior_programmatic,True,_quarantine/policy_scraper_artifacts_20260702/artifacts/PILOTS/url_discovery/audit_trails/url_discovery_pilot_batch_011_dev_006/source_review_log.csv,historical_discovery,1
133951,Florida International University,public,https://onestop.fiu.edu/,2015,2015,historical_url_evidence_materialization,legacy_input_url,prior_programmatic,True,_quarantine/policy_scraper_artifacts_20260702/artifacts/PILOTS/url_discovery/audit_trails/url_discovery_pilot_batch_011_dev_006/source_review_log.csv,historical_discovery,1
133951,Florida International University,public,https://onestop.fiu.edu/,2016,2016,historical_url_evidence_materialization,legacy_input_url,prior_programmatic,True,_quarantine/policy_scraper_artifacts_20260702/artifacts/PILOTS/url_discovery/audit_trails/url_discovery_pilot_batch_011_dev_006/source_review_log.csv,historical_discovery,1
134097,Florida State University,public,https://registrar.fsu.edu/sites/g/files/upcbnu3886/files/documents/archive-bulletin-undergraduate/2008_gen_bulletin.pdf,2008,2009,historical_url_evidence_materialization,legacy_input_url,prior_programmatic,True,_quarantine/policy_scraper_artifacts_20260702/artifacts/PILOTS/url_discovery/audit_trails/url_discovery_pilot_batch_011_regression_001/source_review_log.csv,historical_discovery,1
134097,Florida State University,public,https://registrar.fsu.edu/sites/g/files/upcbnu3886/files/documents/archive-bulletin-undergraduate/2009_gen_bulletin.pdf,2009,2010,historical_url_evidence_materialization,legacy_input_url,prior_programmatic,True,_quarantine/policy_scraper_artifacts_20260702/artifacts/PILOTS/url_discovery/audit_trails/url_discovery_pilot_batch_011_regression_001/source_review_log.csv,historical_discovery,1
134097,Florida State University,public,https://registrar.fsu.edu/sites/g/files/upcbnu3886/files/documents/archive-bulletin-undergraduate/2010_gen_bulletin.pdf,2010,2011,historical_url_evidence_materialization,legacy_input_url,prior_programmatic,True,_quarantine/policy_scraper_artifacts_20260702/artifacts/PILOTS/url_discovery/audit_trails/url_discovery_pilot_batch_011_regression_001/source_review_log.csv,historical_discovery,1
134097,Florida State University,public,https://registrar.fsu.edu/sites/g/files/upcbnu3886/files/documents/archive-bulletin-undergraduate/2011_gen_bulletin.pdf,2011,2012,historical_url_evidence_materialization,legacy_input_url,prior_programmatic,True,_quarantine/policy_scraper_artifacts_20260702/artifacts/PILOTS/url_discovery/audit_trails/url_discovery_pilot_batch_011_regression_001/source_review_log.csv,historical_discovery,1
134097,Florida State University,public,https://registrar.fsu.edu/sites/g/files/upcbnu3886/files/documents/archive-bulletin-undergraduate/2012_gen_bulletin.pdf,2012,2013,historical_url_evidence_materialization,legacy_input_url,prior_programmatic,True,_quarantine/policy_scraper_artifacts_20260702/artifacts/PILOTS/url_discovery/audit_trails/url_discovery_pilot_batch_011_regression_001/source_review_log.csv,historical_discovery,1
134097,Florida State University,public,https://registrar.fsu.edu/sites/g/files/upcbnu3886/files/documents/archive-bulletin-undergraduate/2013_gen_bulletin.pdf,2013,2014,historical_url_evidence_materialization,legacy_input_url,prior_programmatic,True,_quarantine/policy_scraper_artifacts_20260702/artifacts/PILOTS/url_discovery/audit_trails/url_discovery_pilot_batch_011_regression_001/source_review_log.csv,historical_discovery,1
134097,Florida State University,public,https://registrar.fsu.edu/sites/g/files/upcbnu3886/files/documents/archive-bulletin-undergraduate/2014_gen_bulletin.pdf,2014,2015,historical_url_evidence_materialization,legacy_input_url,prior_programmatic,True,_quarantine/policy_scraper_artifacts_20260702/artifacts/PILOTS/url_discovery/audit_trails/url_discovery_pilot_batch_011_regression_001/source_review_log.csv,historical_discovery,1
134097,Florida State University,public,https://registrar.fsu.edu/sites/g/files/upcbnu3886/files/documents/archive-bulletin-undergraduate/2015_gen_bulletin.pdf,2015,2016,historical_url_evidence_materialization,legacy_input_url,prior_programmatic,True,_quarantine/policy_scraper_artifacts_20260702/artifacts/PILOTS/url_discovery/audit_trails/url_discovery_pilot_batch_011_regression_001/source_review_log.csv,historical_discovery,1
134097,Florida State University,public,https://registrar.fsu.edu/sites/g/files/upcbnu3886/files/documents/archive-bulletin-undergraduate/2016_gen_bulletin.pdf,2016,2017,historical_url_evidence_materialization,legacy_input_url,prior_programmatic,True,_quarantine/policy_scraper_artifacts_20260702/artifacts/PILOTS/url_discovery/audit_trails/url_discovery_pilot_batch_011_regression_001/source_review_log.csv,historical_discovery,1
138558,Abraham Baldwin Agricultural College,public,https://tools.abac.edu/Registrar/Catalogs/Archive/,2016,2016,historical_url_evidence_materialization,legacy_input_url,validated_human_legacy,True,_quarantine/policy_scraper_artifacts_20260702/artifacts/AUDIT_TRAILS/policy_data_internal_existing/90_INTERNAL_PIPELINE_ARTIFACTS/interim/archive/pre_namespace_run_20260609_production_namespace/legacy_evidence_links.csv,historical_attempt,0
138716,ALBANY STATE UNIVERSITY,public,https://www.asurams.edu/docs/catalogs/archived/2001-2004%20Undergraduate.pdf,2001,2004,historical_url_evidence_materialization,legacy_input_url,prior_programmatic,True,_quarantine/policy_scraper_artifacts_20260702/artifacts/PILOTS/url_discovery/audit_trails/url_discovery_pilot_batch_002/source_review_log.csv,historical_discovery,1
138716,ALBANY STATE UNIVERSITY,public,https://www.asurams.edu/docs/catalogs/archived/2001-2004%20Undergraduate.pdf,2001,2004,historical_url_evidence_materialization,legacy_input_url,prior_programmatic,True,_quarantine/policy_scraper_artifacts_20260702/artifacts/PILOTS/url_discovery/audit_trails/url_discovery_pilot_batch_002/source_review_log.csv,historical_discovery,1
138716,ALBANY STATE UNIVERSITY,public,https://www.asurams.edu/academic-affairs/academic-catalogs/2004-2005-west.php,2004,2005,historical_url_evidence_materialization,legacy_input_url,prior_programmatic,True,_quarantine/policy_scraper_artifacts_20260702/artifacts/PILOTS/url_discovery/audit_trails/url_discovery_pilot_batch_002/source_review_log.csv,historical_discovery,1
138716,Albany State University,public,https://www.asurams.edu/academic-affairs/academic-catalogs/2005-2006-west.php,2005,2006,historical_url_evidence_materialization,legacy_input_url,prior_programmatic,True,_quarantine/policy_scraper_artifacts_20260702/artifacts/PILOTS/url_discovery/audit_trails/url_discovery_pilot_batch_002/source_review_log.csv,historical_discovery,1
138716,Albany State University,public,https://www.asurams.edu/academic-affairs/academic-catalogs/2006-2007-west.php,2006,2007,historical_url_evidence_materialization,legacy_input_url,prior_programmatic,True,_quarantine/policy_scraper_artifacts_20260702/artifacts/PILOTS/url_discovery/audit_trails/url_discovery_pilot_batch_002/source_review_log.csv,historical_discovery,1
138716,Albany State University,public,https://www.asurams.edu/academic-affairs/academic-catalogs/2007-2008-west.php,2007,2008,historical_url_evidence_materialization,legacy_input_url,prior_programmatic,True,_quarantine/policy_scraper_artifacts_20260702/artifacts/PILOTS/url_discovery/audit_trails/url_discovery_pilot_batch_002/source_review_log.csv,historical_discovery,1
138716,Albany State University,public,https://www.asurams.edu/docs/catalogs/archived/2008-2012-Undergraduate-Catalog.pdf,2008,2012,historical_url_evidence_materialization,legacy_input_url,prior_programmatic,True,_quarantine/policy_scraper_artifacts_20260702/artifacts/PILOTS/url_discovery/audit_trails/url_discovery_pilot_batch_002/source_review_log.csv,historical_discovery,1
138716,Albany State University,public,https://www.asurams.edu/docs/catalogs/archived/2008-2012-Undergraduate-Catalog.pdf,2008,2012,historical_url_evidence_materialization,legacy_input_url,prior_programmatic,True,_quarantine/policy_scraper_artifacts_20260702/artifacts/PILOTS/url_discovery/audit_trails/url_discovery_pilot_batch_002/source_review_log.csv,historical_discovery,1
138716,Albany State University,public,https://www.asurams.edu/docs/catalogs/archived/2008-2012-Undergraduate-Catalog.pdf,2008,2012,historical_url_evidence_materialization,legacy_input_url,prior_programmatic,True,_quarantine/policy_scraper_artifacts_20260702/artifacts/PILOTS/url_discovery/audit_trails/url_discovery_pilot_batch_002/source_review_log.csv,historical_discovery,1
138716,Albany State University,public,https://www.asurams.edu/docs/catalogs/archived/2008-2012-Undergraduate-Catalog.pdf,2008,2012,historical_url_evidence_materialization,legacy_input_url,prior_programmatic,True,_quarantine/policy_scraper_artifacts_20260702/artifacts/PILOTS/url_discovery/audit_trails/url_discovery_pilot_batch_002/source_review_log.csv,historical_discovery,1
138716,Albany State University,public,https://www.asurams.edu/docs/catalogs/archived/2012-2015-Undergraduate-Catalog.pdf,2012,2015,historical_url_evidence_materialization,legacy_input_url,prior_programmatic,True,_quarantine/policy_scraper_artifacts_20260702/artifacts/PILOTS/url_discovery/audit_trails/url_discovery_pilot_batch_002/source_review_log.csv,historical_discovery,1
138716,Albany State University,public,https://www.asurams.edu/docs/catalogs/archived/2012-2015-Undergraduate-Catalog.pdf,2012,2015,historical_url_evidence_materialization,legacy_input_url,prior_programmatic,True,_quarantine/policy_scraper_artifacts_20260702/artifacts/PILOTS/url_discovery/audit_trails/url_discovery_pilot_batch_002/source_review_log.csv,historical_discovery,1
138716,Albany State University,public,https://www.asurams.edu/docs/catalogs/archived/2012-2015-Undergraduate-Catalog.pdf,2012,2015,historical_url_evidence_materialization,legacy_input_url,prior_programmatic,True,_quarantine/policy_scraper_artifacts_20260702/artifacts/PILOTS/url_discovery/audit_trails/url_discovery_pilot_batch_002/source_review_log.csv,historical_discovery,1
138716,Albany State University,public,https://www.asurams.edu/docs/catalogs/West/2015-2016/index.html,2015,2016,historical_url_evidence_materialization,legacy_input_url,prior_programmatic,True,_quarantine/policy_scraper_artifacts_20260702/artifacts/PILOTS/url_discovery/audit_trails/url_discovery_pilot_batch_002/source_review_log.csv,historical_discovery,1
138716,Albany State University,public,https://www.asurams.edu/docs/catalogs/West/2015-2016/index.html,2015,2016,historical_url_evidence_materialization,legacy_input_url,prior_programmatic,True,_quarantine/policy_scraper_artifacts_20260702/artifacts/PILOTS/url_discovery/audit_trails/url_discovery_pilot_batch_002/source_review_log.csv,historical_discovery,1
139366,COLUMBUS STATE UNIVERSITY,public,https://a.cms.omniupdate.com/11/#columbus/CSU2020/Archived/dispatch//catalogs/2002-2003/index.pcf,2002,2003,historical_url_evidence_materialization,legacy_input_url,prior_programmatic,True,_quarantine/policy_scraper_artifacts_20260702/artifacts/PILOTS/url_discovery/audit_trails/url_discovery_pilot_batch_008_dev_003/source_review_log.csv,historical_discovery,1
139366,COLUMBUS STATE UNIVERSITY,public,https://a.cms.omniupdate.com/11/#columbus/CSU2020/Archived/dispatch//catalogs/2003-2004/index.pcf,2003,2004,historical_url_evidence_materialization,legacy_input_url,prior_programmatic,True,_quarantine/policy_scraper_artifacts_20260702/artifacts/PILOTS/url_discovery/audit_trails/url_discovery_pilot_batch_008_dev_003/source_review_log.csv,historical_discovery,1
139366,COLUMBUS STATE UNIVERSITY,public,https://a.cms.omniupdate.com/11/#columbus/CSU2020/Archived/dispatch//catalogs/2004-2005/index.pcf,2004,2005,historical_url_evidence_materialization,legacy_input_url,prior_programmatic,True,_quarantine/policy_scraper_artifacts_20260702/artifacts/PILOTS/url_discovery/audit_trails/url_discovery_pilot_batch_008_dev_003/source_review_log.csv,historical_discovery,1
139366,Columbus State University,public,https://a.cms.omniupdate.com/11/#columbus/CSU2020/Archived/dispatch//catalogs/2005-2006/index.pcf,2005,2006,historical_url_evidence_materialization,legacy_input_url,prior_programmatic,True,_quarantine/policy_scraper_artifacts_20260702/artifacts/PILOTS/url_discovery/audit_trails/url_discovery_pilot_batch_008_dev_003/source_review_log.csv,historical_discovery,1
139366,Columbus State University,public,https://a.cms.omniupdate.com/11/#columbus/CSU2020/Archived/dispatch//catalogs/2006-2007/index.pcf,2006,2007,historical_url_evidence_materialization,legacy_input_url,prior_programmatic,True,_quarantine/policy_scraper_artifacts_20260702/artifacts/PILOTS/url_discovery/audit_trails/url_discovery_pilot_batch_008_dev_003/source_review_log.csv,historical_discovery,1
139366,Columbus State University,public,https://a.cms.omniupdate.com/11/#columbus/CSU2020/Archived/dispatch//catalogs/2007-2008/index.pcf,2007,2008,historical_url_evidence_materialization,legacy_input_url,prior_programmatic,True,_quarantine/policy_scraper_artifacts_20260702/artifacts/PILOTS/url_discovery/audit_trails/url_discovery_pilot_batch_008_dev_003/source_review_log.csv,historical_discovery,1
139366,Columbus State University,public,https://a.cms.omniupdate.com/11/#columbus/CSU2020/Archived/dispatch//catalogs/2008-2009/index.pcf,2008,2009,historical_url_evidence_materialization,legacy_input_url,prior_programmatic,True,_quarantine/policy_scraper_artifacts_20260702/artifacts/PILOTS/url_discovery/audit_trails/url_discovery_pilot_batch_008_dev_003/source_review_log.csv,historical_discovery,1
139366,Columbus State University,public,https://a.cms.omniupdate.com/11/#columbus/CSU2020/Archived/dispatch//catalogs/2009-2010/index.pcf,2009,2010,historical_url_evidence_materialization,legacy_input_url,prior_programmatic,True,_quarantine/policy_scraper_artifacts_20260702/artifacts/PILOTS/url_discovery/audit_trails/url_discovery_pilot_batch_008_dev_003/source_review_log.csv,historical_discovery,1
139366,Columbus State University,public,https://a.cms.omniupdate.com/11/#columbus/CSU2020/Archived/dispatch//catalogs/2010-2011/index.pcf,2010,2011,historical_url_evidence_materialization,legacy_input_url,prior_programmatic,True,_quarantine/policy_scraper_artifacts_20260702/artifacts/PILOTS/url_discovery/audit_trails/url_discovery_pilot_batch_008_dev_003/source_review_log.csv,historical_discovery,1
139366,Columbus State University,public,https://a.cms.omniupdate.com/11/#columbus/CSU2020/Archived/dispatch//catalogs/2011-2012/index.pcf,2011,2012,historical_url_evidence_materialization,legacy_input_url,prior_programmatic,True,_quarantine/policy_scraper_artifacts_20260702/artifacts/PILOTS/url_discovery/audit_trails/url_discovery_pilot_batch_008_dev_003/source_review_log.csv,historical_discovery,1
139366,Columbus State University,public,https://a.cms.omniupdate.com/11/#columbus/CSU2020/Archived/dispatch//catalogs/2012-2013/index.pcf,2012,2013,historical_url_evidence_materialization,legacy_input_url,prior_programmatic,True,_quarantine/policy_scraper_artifacts_20260702/artifacts/PILOTS/url_discovery/audit_trails/url_discovery_pilot_batch_008_dev_003/source_review_log.csv,historical_discovery,1
139366,Columbus State University,public,https://a.cms.omniupdate.com/11/#columbus/CSU2020/Archived/dispatch//catalogs/2013-2014/index.pcf,2013,2014,historical_url_evidence_materialization,legacy_input_url,prior_programmatic,True,_quarantine/policy_scraper_artifacts_20260702/artifacts/PILOTS/url_discovery/audit_trails/url_discovery_pilot_batch_008_dev_003/source_review_log.csv,historical_discovery,1
139366,Columbus State University,public,https://a.cms.omniupdate.com/11/#columbus/CSU2020/Archived/dispatch//catalogs/2014-2015/index.pcf,2014,2015,historical_url_evidence_materialization,legacy_input_url,prior_programmatic,True,_quarantine/policy_scraper_artifacts_20260702/artifacts/PILOTS/url_discovery/audit_trails/url_discovery_pilot_batch_008_dev_003/source_review_log.csv,historical_discovery,1
139366,Columbus State University,public,https://a.cms.omniupdate.com/11/#columbus/CSU2020/Archived/dispatch//catalogs/2015-2016/index.pcf,2015,2016,historical_url_evidence_materialization,legacy_input_url,prior_programmatic,True,_quarantine/policy_scraper_artifacts_20260702/artifacts/PILOTS/url_discovery/audit_trails/url_discovery_pilot_batch_008_dev_003/source_review_log.csv,historical_discovery,1
139366,Columbus State University,public,https://a.cms.omniupdate.com/11/#columbus/CSU2020/Archived/dispatch//catalogs/2016-2017/index.pcf,2016,2017,historical_url_evidence_materialization,legacy_input_url,prior_programmatic,True,_quarantine/policy_scraper_artifacts_20260702/artifacts/PILOTS/url_discovery/audit_trails/url_discovery_pilot_batch_008_dev_003/source_review_log.csv,historical_discovery,1
139463,Dalton State College,public,http://catalog.daltonstate.edu/previous/,2011,2011,historical_url_evidence_materialization,legacy_input_url,validated_human_legacy,True,_quarantine/policy_scraper_artifacts_20260702/artifacts/AUDIT_TRAILS/policy_data_internal_existing/90_INTERNAL_PIPELINE_ARTIFACTS/interim/archive/pre_namespace_run_20260609_production_namespace/legacy_evidence_links.csv,historical_attempt,0
139463,Dalton State College,public,http://catalog.daltonstate.edu/previous/catalog-12-13.pdf,2012,2012,historical_url_evidence_materialization,legacy_input_url,prior_programmatic,True,_quarantine/policy_scraper_artifacts_20260702/artifacts/PILOTS/url_discovery/audit_trails/url_discovery_pilot_batch_008_dev_003/source_review_log.csv,historical_discovery,1
139719,Fort Valley State University,public,https://www.fvsu.edu/wp-content/uploads/2020/01/Undergrad-Catalog-2010-2014-v2012-10-05-1335-4.pdf,2010,2011,historical_url_evidence_materialization,legacy_input_url,validated_human_legacy,True,_quarantine/policy_scraper_artifacts_20260702/artifacts/PIPELINE_OUTPUTS/01_url_discovery/production_chunks/production_chunk_scale_drill_004/BENCHMARK_RECOVERY.csv,historical_attempt,0
139719,Fort Valley State University,public,https://www.fvsu.edu/academics/academics,2015,2015,historical_url_evidence_materialization,legacy_input_url,prior_programmatic,True,_quarantine/policy_scraper_artifacts_20260702/artifacts/PILOTS/url_discovery/audit_trails/url_discovery_pilot_batch_012_dev_007/source_review_log.csv,historical_discovery,1
139861,GEORGIA COLLEGE AND STATE UNIVERSITY,public,https://kb.gcsu.edu/cgi/viewcontent.cgi?article=1068&context=catalogs,2002,2002,historical_url_evidence_materialization,historical_lead_input_url,imported_llm_candidate_lead,False,_quarantine/policy_scraper_artifacts_20260702/artifacts/AUDIT_TRAILS/policy_data_internal_existing/90_INTERNAL_PIPELINE_ARTIFACTS/audits/legacy_benchmark_current/public_fresh_ai_year_candidates_public_fresh_full_rank026_050_ai25_live.csv,historical_attempt,2
139861,GEORGIA COLLEGE AND STATE UNIVERSITY,public,https://kb.gcsu.edu/cgi/viewcontent.cgi?article=1068&context=catalogs,2003,2003,historical_url_evidence_materialization,historical_lead_input_url,imported_llm_candidate_lead,False,_quarantine/policy_scraper_artifacts_20260702/artifacts/AUDIT_TRAILS/policy_data_internal_existing/90_INTERNAL_PIPELINE_ARTIFACTS/audits/legacy_benchmark_current/public_fresh_ai_year_candidates_public_fresh_full_rank026_050_ai25_live.csv,historical_attempt,2
139861,GEORGIA COLLEGE AND STATE UNIVERSITY,public,https://kb.gcsu.edu/cgi/viewcontent.cgi?article=1069&context=catalogs,2004,2004,historical_url_evidence_materialization,historical_lead_input_url,imported_llm_candidate_lead,False,_quarantine/policy_scraper_artifacts_20260702/artifacts/AUDIT_TRAILS/policy_data_internal_existing/90_INTERNAL_PIPELINE_ARTIFACTS/audits/legacy_benchmark_current/public_fresh_ai_year_candidates_public_fresh_full_rank026_050_ai25_live.csv,historical_attempt,2
139861,Georgia College and State University,public,https://kb.gcsu.edu/cgi/viewcontent.cgi?article=1069&context=catalogs,2005,2005,historical_url_evidence_materialization,historical_lead_input_url,imported_llm_candidate_lead,False,_quarantine/policy_scraper_artifacts_20260702/artifacts/AUDIT_TRAILS/policy_data_internal_existing/90_INTERNAL_PIPELINE_ARTIFACTS/audits/legacy_benchmark_current/public_fresh_ai_year_candidates_public_fresh_full_rank026_050_ai25_live.csv,historical_attempt,2
139861,Georgia College & State University,public,http://www.gcsu.edu/sites/files/external/catalogarchive/undergraduate_catalog_2006_08.pdf,2006,2008,historical_url_evidence_materialization,historical_lead_input_url,imported_llm_candidate_lead,False,_quarantine/policy_scraper_artifacts_20260702/artifacts/AUDIT_TRAILS/policy_data_internal_existing/90_INTERNAL_PIPELINE_ARTIFACTS/audits/legacy_benchmark_current/public_fresh_ai_year_candidates_public_fresh_full_rank026_050_ai25_live.csv,historical_attempt,2
139861,Georgia College & State University,public,http://www.gcsu.edu/sites/files/external/catalogarchive/Catalog07-08/,2007,2007,historical_url_evidence_materialization,historical_lead_input_url,imported_llm_candidate_lead,False,_quarantine/policy_scraper_artifacts_20260702/artifacts/AUDIT_TRAILS/policy_data_internal_existing/90_INTERNAL_PIPELINE_ARTIFACTS/audits/legacy_benchmark_current/public_fresh_ai_year_candidates_public_fresh_full_rank026_050_ai25_live.csv,historical_attempt,2
139861,Georgia College & State University,public,http://www.gcsu.edu/sites/files/external/catalogarchive/catalog08-09/index.htm,2008,2008,historical_url_evidence_materialization,historical_lead_input_url,imported_llm_candidate_lead,False,_quarantine/policy_scraper_artifacts_20260702/artifacts/AUDIT_TRAILS/policy_data_internal_existing/90_INTERNAL_PIPELINE_ARTIFACTS/audits/legacy_benchmark_current/public_fresh_ai_year_candidates_public_fresh_full_rank026_050_ai25_live.csv,historical_attempt,2
139861,Georgia College & State University,public,http://www.gcsu.edu/sites/files/external/catalogarchive/catalog09-10/index.htm,2009,2009,historical_url_evidence_materialization,historical_lead_input_url,imported_llm_candidate_lead,False,_quarantine/policy_scraper_artifacts_20260702/artifacts/AUDIT_TRAILS/policy_data_internal_existing/90_INTERNAL_PIPELINE_ARTIFACTS/audits/legacy_benchmark_current/public_fresh_ai_year_candidates_public_fresh_full_rank026_050_ai25_live.csv,historical_attempt,2
139861,Georgia College & State University,public,http://www.gcsu.edu/sites/files/external/catalogarchive/undergraduate_catalog2010-2011/index.htm,2010,2011,historical_url_evidence_materialization,historical_lead_input_url,imported_llm_candidate_lead,False,_quarantine/policy_scraper_artifacts_20260702/artifacts/AUDIT_TRAILS/policy_data_internal_existing/90_INTERNAL_PIPELINE_ARTIFACTS/audits/legacy_benchmark_current/public_fresh_ai_year_candidates_public_fresh_full_rank026_050_ai25_live.csv,historical_attempt,2
139861,Georgia College & State University,public,http://www.gcsu.edu/sites/files/external/catalogarchive/undergraduate_catalog2011-2012/index.htm,2011,2012,historical_url_evidence_materialization,historical_lead_input_url,imported_llm_candidate_lead,False,_quarantine/policy_scraper_artifacts_20260702/artifacts/AUDIT_TRAILS/policy_data_internal_existing/90_INTERNAL_PIPELINE_ARTIFACTS/audits/legacy_benchmark_current/public_fresh_ai_year_candidates_public_fresh_full_rank026_050_ai25_live.csv,historical_attempt,2
139861,Georgia College & State University,public,http://catalog.gcsu.edu/en/2012-2013/Undergraduate-Catalog,2012,2013,historical_url_evidence_materialization,historical_lead_input_url,imported_llm_candidate_lead,False,_quarantine/policy_scraper_artifacts_20260702/artifacts/AUDIT_TRAILS/policy_data_internal_existing/90_INTERNAL_PIPELINE_ARTIFACTS/audits/legacy_benchmark_current/public_fresh_ai_year_candidates_public_fresh_full_rank026_050_ai25_live.csv,historical_attempt,2
139861,Georgia College and State University,public,https://catalog.ung.edu/index.php?catoid=12,2013,2013,historical_url_evidence_materialization,historical_lead_input_url,imported_llm_candidate_lead,False,_quarantine/policy_scraper_artifacts_20260702/artifacts/OLD_OUTPUT_ARCHIVES/policy_data_rebuild_archive_20260622_054122/outputs/step3_live_rebuilt_ledger/step3_suggestion_candidate_ledger.csv,historical_attempt,2
139861,Georgia College and State University,public,https://gcsu.smartcatalogiq.com/sitecore/service/notfound.aspx?item=web%3a%7b7CD51219-5F63-4255-8BF2-85BC7F1C5753%7d%40en,2014,2014,historical_url_evidence_materialization,historical_lead_input_url,imported_llm_candidate_lead,False,_quarantine/policy_scraper_artifacts_20260702/artifacts/AUDIT_TRAILS/policy_data_internal_existing/90_INTERNAL_PIPELINE_ARTIFACTS/audits/legacy_benchmark_current/public_fresh_ai_year_candidates_public_fresh_full_rank026_050_ai25_live.csv,historical_attempt,2
139861,Georgia College and State University,public,http://gcsu.smartcatalogiq.com/en/2015-2016/Undergraduate-Catalog,2015,2016,historical_url_evidence_materialization,historical_lead_input_url,imported_llm_candidate_lead,False,_quarantine/policy_scraper_artifacts_20260702/artifacts/AUDIT_TRAILS/policy_data_internal_existing/90_INTERNAL_PIPELINE_ARTIFACTS/audits/legacy_benchmark_current/public_fresh_ai_year_candidates_public_fresh_full_rank026_050_ai25_live.csv,historical_attempt,2
139861,Georgia College and State University,public,https://gcsu.smartcatalogiq.com/sitecore/service/notfound.aspx?item=web%3a%7b0476E1B8-98E2-4F6D-8DB4-EC9F9ED14F89%7d%40en,2016,2016,historical_url_evidence_materialization,historical_lead_input_url,imported_llm_candidate_lead,False,_quarantine/policy_scraper_artifacts_20260702/artifacts/AUDIT_TRAILS/policy_data_internal_existing/90_INTERNAL_PIPELINE_ARTIFACTS/audits/legacy_benchmark_current/public_fresh_ai_year_candidates_public_fresh_full_rank026_050_ai25_live.csv,historical_attempt,2
139931,GEORGIA SOUTHERN UNIVERSITY,public,https://docs.google.com/file/d/0BxNAGJ9mw9c3dFQ0NFJIMmF6eVk/edit,2002,2002,historical_url_evidence_materialization,legacy_input_url,prior_programmatic,True,_quarantine/policy_scraper_artifacts_20260702/artifacts/PILOTS/url_discovery/audit_trails/url_discovery_pilot_batch_012_dev_007/source_review_log.csv,historical_discovery,1
139931,GEORGIA SOUTHERN UNIVERSITY,public,https://docs.google.com/file/d/0BxNAGJ9mw9c3Z2R1UmNPRjRSYUk/edit,2003,2003,historical_url_evidence_materialization,legacy_input_url,prior_programmatic,True,_quarantine/policy_scraper_artifacts_20260702/artifacts/PILOTS/url_discovery/audit_trails/url_discovery_pilot_batch_012_dev_007/source_review_log.csv,historical_discovery,1
139931,GEORGIA SOUTHERN UNIVERSITY,public,https://docs.google.com/file/d/0BxNAGJ9mw9c3SnQ5N0EzeDlFcnM/edit,2004,2004,historical_url_evidence_materialization,legacy_input_url,prior_programmatic,True,_quarantine/policy_scraper_artifacts_20260702/artifacts/PILOTS/url_discovery/audit_trails/url_discovery_pilot_batch_012_dev_007/source_review_log.csv,historical_discovery,1
139931,Georgia Southern University,public,https://docs.google.com/file/d/0BxNAGJ9mw9c3SldRRzNScXU4NGM/edit,2005,2005,historical_url_evidence_materialization,legacy_input_url,prior_programmatic,True,_quarantine/policy_scraper_artifacts_20260702/artifacts/PILOTS/url_discovery/audit_trails/url_discovery_pilot_batch_012_dev_007/source_review_log.csv,historical_discovery,1
139931,Georgia Southern University,public,https://docs.google.com/file/d/0BxNAGJ9mw9c3eTJCVEotbk42WWM/edit,2006,2006,historical_url_evidence_materialization,legacy_input_url,prior_programmatic,True,_quarantine/policy_scraper_artifacts_20260702/artifacts/PILOTS/url_discovery/audit_trails/url_discovery_pilot_batch_012_dev_007/source_review_log.csv,historical_discovery,1
139931,Georgia Southern University,public,https://docs.google.com/file/d/0BxNAGJ9mw9c3RFpaRU5UM0wwaTg/edit,2007,2007,historical_url_evidence_materialization,legacy_input_url,prior_programmatic,True,_quarantine/policy_scraper_artifacts_20260702/artifacts/PILOTS/url_discovery/audit_trails/url_discovery_pilot_batch_012_dev_007/source_review_log.csv,historical_discovery,1
139931,Georgia Southern University,public,https://docs.google.com/file/d/0BxNAGJ9mw9c3MXlhY2IwbkliZ2M/edit,2008,2008,historical_url_evidence_materialization,legacy_input_url,prior_programmatic,True,_quarantine/policy_scraper_artifacts_20260702/artifacts/PILOTS/url_discovery/audit_trails/url_discovery_pilot_batch_012_dev_007/source_review_log.csv,historical_discovery,1
139931,Georgia Southern University,public,https://docs.google.com/file/d/0BxNAGJ9mw9c3cEVkTVd1a0Fhbk0/edit,2009,2009,historical_url_evidence_materialization,legacy_input_url,prior_programmatic,True,_quarantine/policy_scraper_artifacts_20260702/artifacts/PILOTS/url_discovery/audit_trails/url_discovery_pilot_batch_012_dev_007/source_review_log.csv,historical_discovery,1
139931,Georgia Southern University,public,https://docs.google.com/file/d/0BxNAGJ9mw9c3emtZYXdhRVg3ZjQ/edit,2010,2010,historical_url_evidence_materialization,legacy_input_url,prior_programmatic,True,_quarantine/policy_scraper_artifacts_20260702/artifacts/PILOTS/url_discovery/audit_trails/url_discovery_pilot_batch_012_dev_007/source_review_log.csv,historical_discovery,1
139931,Georgia Southern University,public,https://docs.google.com/file/d/0BxNAGJ9mw9c3aVRrWEpxdDlQZW8/edit,2011,2011,historical_url_evidence_materialization,legacy_input_url,prior_programmatic,True,_quarantine/policy_scraper_artifacts_20260702/artifacts/PILOTS/url_discovery/audit_trails/url_discovery_pilot_batch_012_dev_007/source_review_log.csv,historical_discovery,1
139931,Georgia Southern University,public,https://docs.google.com/file/d/0BxNAGJ9mw9c3ejNDUXp0WHVZM2s/edit,2012,2012,historical_url_evidence_materialization,legacy_input_url,prior_programmatic,True,_quarantine/policy_scraper_artifacts_20260702/artifacts/PILOTS/url_discovery/audit_trails/url_discovery_pilot_batch_012_dev_007/source_review_log.csv,historical_discovery,1
139931,Georgia Southern University,public,https://docs.google.com/file/d/0BxNAGJ9mw9c3NHFva0dWMDFhVm8/edit,2013,2013,historical_url_evidence_materialization,legacy_input_url,prior_programmatic,True,_quarantine/policy_scraper_artifacts_20260702/artifacts/PILOTS/url_discovery/audit_trails/url_discovery_pilot_batch_012_dev_007/source_review_log.csv,historical_discovery,1
139931,Georgia Southern University,public,https://docs.google.com/file/d/0BxNAGJ9mw9c3TVlmQ3RvNjl1ODg/edit,2014,2014,historical_url_evidence_materialization,legacy_input_url,prior_programmatic,True,_quarantine/policy_scraper_artifacts_20260702/artifacts/PILOTS/url_discovery/audit_trails/url_discovery_pilot_batch_012_dev_007/source_review_log.csv,historical_discovery,1
139931,Georgia Southern University,public,https://drive.google.com/file/d/10yKOs9lnPxZNEXCK-iaTVLhYigiY8b1T/view?usp=sharing,2015,2015,historical_url_evidence_materialization,legacy_input_url,prior_programmatic,True,_quarantine/policy_scraper_artifacts_20260702/artifacts/PILOTS/url_discovery/audit_trails/url_discovery_pilot_batch_012_dev_007/source_review_log.csv,historical_discovery,1
139931,Georgia Southern University,public,https://drive.google.com/file/d/1P795hyXpkKq08bHNskgUnio_sij2WShQ/view,2016,2016,historical_url_evidence_materialization,legacy_input_url,prior_programmatic,True,_quarantine/policy_scraper_artifacts_20260702/artifacts/PILOTS/url_discovery/audit_trails/url_discovery_pilot_batch_012_dev_007/source_review_log.csv,historical_discovery,1
140164,KENNESAW STATE UNIVERSITY,public,https://assistive.usablenet.com/tt/campus.kennesaw.edu/faculty-staff/academic-affairs/curriculum-instruction-assessment/academic-program-planning-development/docs/spsu-2004-2005-undergrad-catalog.pdf,2004,2005,historical_url_evidence_materialization,historical_lead_input_url,imported_llm_candidate_lead,False,_quarantine/policy_scraper_artifacts_20260702/artifacts/AUDIT_TRAILS/policy_data_internal_existing/90_INTERNAL_PIPELINE_ARTIFACTS/audits/legacy_benchmark_current/public_fresh_ai_year_candidates_public_fresh_full_rank026_050_ai25_live.csv,historical_attempt,2
140164,Kennesaw State University,public,https://assistive.usablenet.com/tt/campus.kennesaw.edu/faculty-staff/academic-affairs/curriculum-instruction-assessment/academic-program-planning-development/docs/spsu-2005-2006-undergrad-catalog.pdf,2005,2006,historical_url_evidence_materialization,historical_lead_input_url,imported_llm_candidate_lead,False,_quarantine/policy_scraper_artifacts_20260702/artifacts/AUDIT_TRAILS/policy_data_internal_existing/90_INTERNAL_PIPELINE_ARTIFACTS/audits/legacy_benchmark_current/public_fresh_ai_year_candidates_public_fresh_full_rank026_050_ai25_live.csv,historical_attempt,2
140164,Kennesaw State University,public,https://assistive.usablenet.com/tt/campus.kennesaw.edu/faculty-staff/academic-affairs/curriculum-instruction-assessment/academic-program-planning-development/docs/2006-2007-undergrad-catalog.pdf,2006,2007,historical_url_evidence_materialization,historical_lead_input_url,imported_llm_candidate_lead,False,_quarantine/policy_scraper_artifacts_20260702/artifacts/AUDIT_TRAILS/policy_data_internal_existing/90_INTERNAL_PIPELINE_ARTIFACTS/audits/legacy_benchmark_current/public_fresh_ai_year_candidates_public_fresh_full_rank026_050_ai25_live.csv,historical_attempt,2
140164,Kennesaw State University,public,https://assistive.usablenet.com/tt/campus.kennesaw.edu/faculty-staff/academic-affairs/curriculum-instruction-assessment/academic-program-planning-development/docs/2007-2008-undergrad-catalog.pdf,2007,2008,historical_url_evidence_materialization,historical_lead_input_url,imported_llm_candidate_lead,False,_quarantine/policy_scraper_artifacts_20260702/artifacts/AUDIT_TRAILS/policy_data_internal_existing/90_INTERNAL_PIPELINE_ARTIFACTS/audits/legacy_benchmark_current/public_fresh_ai_year_candidates_public_fresh_full_rank026_050_ai25_live.csv,historical_attempt,2
140322,Macon State College,public,https://www.mga.edu/library/archives/collections/docs/msc/MSC_2005-2006_Catalog.pdf,2005,2006,historical_url_evidence_materialization,historical_lead_input_url,imported_llm_candidate_lead,False,_quarantine/policy_scraper_artifacts_20260702/artifacts/AUDIT_TRAILS/policy_data_internal_existing/90_INTERNAL_PIPELINE_ARTIFACTS/audits/legacy_benchmark_current/public_fresh_ai_year_candidates_public_fresh_full_rank026_050_ai25_live.csv,historical_attempt,2
140322,Macon State College,public,https://www.mga.edu/library/archives/collections/docs/mgc/MGC_2006-2008_Catalog.pdf,2006,2008,historical_url_evidence_materialization,historical_lead_input_url,imported_llm_candidate_lead,False,_quarantine/policy_scraper_artifacts_20260702/artifacts/AUDIT_TRAILS/policy_data_internal_existing/90_INTERNAL_PIPELINE_ARTIFACTS/audits/legacy_benchmark_current/public_fresh_ai_year_candidates_public_fresh_full_rank026_050_ai25_live.csv,historical_attempt,2
141264,Valdosta State University,public,http://catalog.valdosta.edu/archive/2015-2016/,2015,2016,historical_url_evidence_materialization,historical_lead_input_url,imported_llm_candidate_lead,False,_quarantine/policy_scraper_artifacts_20260702/artifacts/OLD_OUTPUT_ARCHIVES/policy_data_rebuild_archive_20260622_054122/outputs/step3_live_rebuilt_ledger/step3_suggestion_candidate_ledger.csv,historical_attempt,2
141264,Valdosta State University,public,http://catalog.valdosta.edu/archive/2016-2017/,2016,2017,historical_url_evidence_materialization,historical_lead_input_url,imported_llm_candidate_lead,False,_quarantine/policy_scraper_artifacts_20260702/artifacts/OLD_OUTPUT_ARCHIVES/policy_data_rebuild_archive_20260622_054122/outputs/step3_live_rebuilt_ledger/step3_suggestion_candidate_ledger.csv,historical_attempt,2
141565,UNIVERSITY OF HAWAII AT HILO,public,https://hilo.hawaii.edu/catalog/documents/UHH_Catalog_02-03.pdf,2002,2002,historical_url_evidence_materialization,historical_lead_input_url,imported_llm_candidate_lead,False,_quarantine/policy_scraper_artifacts_20260702/artifacts/OLD_OUTPUT_ARCHIVES/policy_data_rebuild_archive_20260622_054122/outputs/step3_live_rebuilt_ledger/step3_suggestion_candidate_ledger.csv,historical_attempt,2
141565,UNIVERSITY OF HAWAII AT HILO,public,https://hilo.hawaii.edu/catalog/documents/UHH_Catalog_03-04.pdf,2003,2003,historical_url_evidence_materialization,historical_lead_input_url,imported_llm_candidate_lead,False,_quarantine/policy_scraper_artifacts_20260702/artifacts/OLD_OUTPUT_ARCHIVES/policy_data_rebuild_archive_20260622_054122/outputs/step3_live_rebuilt_ledger/step3_suggestion_candidate_ledger.csv,historical_attempt,2
141565,UNIVERSITY OF HAWAII AT HILO,public,https://web.archive.org/web/20041009201518/http://www.hilo.hawaii.edu:80/catalog/,2004,2005,historical_url_evidence_materialization,historical_lead_input_url,imported_llm_candidate_lead,False,_quarantine/policy_scraper_artifacts_20260702/artifacts/OLD_OUTPUT_ARCHIVES/policy_data_rebuild_archive_20260622_054122/outputs/step3_live_rebuilt_ledger/step3_suggestion_candidate_ledger.csv,historical_attempt,2
141565,University of Hawaii at Hilo,public,https://hilo.hawaii.edu/catalog/documents/UHH_Catalog_06-07.pdf,2006,2006,historical_url_evidence_materialization,legacy_input_url,validated_human_legacy,True,_quarantine/policy_scraper_artifacts_20260702/artifacts/AUDIT_TRAILS/policy_data_internal_existing/90_INTERNAL_PIPELINE_ARTIFACTS/interim/archive/pre_namespace_run_20260609_production_namespace/legacy_evidence_links.csv,historical_attempt,0
141565,University of Hawaii at Hilo,public,https://hilo.hawaii.edu/catalog/documents/UHH_Catalog_08-09.pdf,2008,2008,historical_url_evidence_materialization,historical_lead_input_url,imported_llm_candidate_lead,False,_quarantine/policy_scraper_artifacts_20260702/artifacts/OLD_OUTPUT_ARCHIVES/policy_data_rebuild_archive_20260622_054122/outputs/step3_live_rebuilt_ledger/step3_suggestion_candidate_ledger.csv,historical_attempt,2
141565,University of Hawaii at Hilo,public,https://web.archive.org/web/20090918015620/http://hilo.hawaii.edu/catalog/,2009,2010,historical_url_evidence_materialization,historical_lead_input_url,imported_llm_candidate_lead,False,_quarantine/policy_scraper_artifacts_20260702/artifacts/OLD_OUTPUT_ARCHIVES/policy_data_rebuild_archive_20260622_054122/outputs/step3_live_rebuilt_ledger/step3_suggestion_candidate_ledger.csv,historical_attempt,2
141565,University of Hawaii at Hilo,public,https://web.archive.org/web/20101011111624/http://hilo.hawaii.edu:80/catalog/academic-calendar.html,2010,2011,historical_url_evidence_materialization,historical_lead_input_url,imported_llm_candidate_lead,False,_quarantine/policy_scraper_artifacts_20260702/artifacts/OLD_OUTPUT_ARCHIVES/policy_data_rebuild_archive_20260622_054122/outputs/step3_live_rebuilt_ledger/step3_suggestion_candidate_ledger.csv,historical_attempt,2
141565,University of Hawaii at Hilo,public,https://web.archive.org/web/20111024135121/http://hilo.hawaii.edu/catalog/documents/UH_Hilo_Catalog_2011-12.pdf,2011,2012,historical_url_evidence_materialization,historical_lead_input_url,imported_llm_candidate_lead,False,_quarantine/policy_scraper_artifacts_20260702/artifacts/OLD_OUTPUT_ARCHIVES/policy_data_rebuild_archive_20260622_054122/outputs/step3_live_rebuilt_ledger/step3_suggestion_candidate_ledger.csv,historical_attempt,2
141644,HAWAII PACIFIC UNIVERSITY,private,Presidents Message.p65,2003,2003,historical_url_evidence_materialization,legacy_input_url,validated_human_legacy,True,_quarantine/policy_scraper_artifacts_20260702/artifacts/AUDIT_TRAILS/policy_data_internal_existing/90_INTERNAL_PIPELINE_ARTIFACTS/interim/archive/pre_namespace_run_20260609_production_namespace/legacy_evidence_links.csv,historical_attempt,0
141644,HAWAII PACIFIC UNIVERSITY,private,Presidents Message.p65,2004,2004,historical_url_evidence_materialization,legacy_input_url,validated_human_legacy,True,_quarantine/policy_scraper_artifacts_20260702/artifacts/AUDIT_TRAILS/policy_data_internal_existing/90_INTERNAL_PIPELINE_ARTIFACTS/interim/archive/pre_namespace_run_20260609_production_namespace/legacy_evidence_links.csv,historical_attempt,0
141644,Hawaii Pacific University,private,01 Presidents Message.p65,2005,2005,historical_url_evidence_materialization,legacy_input_url,validated_human_legacy,True,_quarantine/policy_scraper_artifacts_20260702/artifacts/AUDIT_TRAILS/policy_data_internal_existing/90_INTERNAL_PIPELINE_ARTIFACTS/interim/archive/pre_namespace_run_20260609_production_namespace/legacy_evidence_links.csv,historical_attempt,0
141644,Hawaii Pacific University,private,01 Presidents Message.p65,2006,2006,historical_url_evidence_materialization,legacy_input_url,validated_human_legacy,True,_quarantine/policy_scraper_artifacts_20260702/artifacts/AUDIT_TRAILS/policy_data_internal_existing/90_INTERNAL_PIPELINE_ARTIFACTS/interim/archive/pre_namespace_run_20260609_production_namespace/legacy_evidence_links.csv,historical_attempt,0
141644,Hawaii Pacific University,private,HPU_Academic_Catalog_2007-2008.pdf,2007,2008,historical_url_evidence_materialization,legacy_input_url,validated_human_legacy,True,_quarantine/policy_scraper_artifacts_20260702/artifacts/AUDIT_TRAILS/policy_data_internal_existing/90_INTERNAL_PIPELINE_ARTIFACTS/interim/archive/pre_namespace_run_20260609_production_namespace/legacy_evidence_links.csv,historical_attempt,0
141644,Hawaii Pacific University,private,HPU_Academic_Catalog_2008-2010.pdf,2008,2010,historical_url_evidence_materialization,legacy_input_url,validated_human_legacy,True,_quarantine/policy_scraper_artifacts_20260702/artifacts/AUDIT_TRAILS/policy_data_internal_existing/90_INTERNAL_PIPELINE_ARTIFACTS/interim/archive/pre_namespace_run_20260609_production_namespace/legacy_evidence_links.csv,historical_attempt,0
141644,Hawaii Pacific University,private,HPU_Academic_Catalog_2008-2010.pdf,2008,2010,historical_url_evidence_materialization,legacy_input_url,validated_human_legacy,True,_quarantine/policy_scraper_artifacts_20260702/artifacts/AUDIT_TRAILS/policy_data_internal_existing/90_INTERNAL_PIPELINE_ARTIFACTS/interim/archive/pre_namespace_run_20260609_production_namespace/legacy_evidence_links.csv,historical_attempt,0
141644,Hawaii Pacific University,private,HPU_Academic_Catalog_2008-2010.pdf,2008,2010,historical_url_evidence_materialization,legacy_input_url,validated_human_legacy,True,_quarantine/policy_scraper_artifacts_20260702/artifacts/AUDIT_TRAILS/policy_data_internal_existing/90_INTERNAL_PIPELINE_ARTIFACTS/interim/archive/pre_namespace_run_20260609_production_namespace/legacy_evidence_links.csv,historical_attempt,0
141644,Hawaii Pacific University,private,HPU_Academic_Catalog_2011-2013.pdf,2011,2013,historical_url_evidence_materialization,legacy_input_url,validated_human_legacy,True,_quarantine/policy_scraper_artifacts_20260702/artifacts/AUDIT_TRAILS/policy_data_internal_existing/90_INTERNAL_PIPELINE_ARTIFACTS/interim/archive/pre_namespace_run_20260609_production_namespace/legacy_evidence_links.csv,historical_attempt,0
141644,Hawaii Pacific University,private,HPU_Academic_Catalog_2011-2013.pdf,2011,2013,historical_url_evidence_materialization,legacy_input_url,validated_human_legacy,True,_quarantine/policy_scraper_artifacts_20260702/artifacts/AUDIT_TRAILS/policy_data_internal_existing/90_INTERNAL_PIPELINE_ARTIFACTS/interim/archive/pre_namespace_run_20260609_production_namespace/legacy_evidence_links.csv,historical_attempt,0
141644,Hawaii Pacific University,private,HPU_Academic_Catalog_2013-2014.pdf,2013,2014,historical_url_evidence_materialization,legacy_input_url,validated_human_legacy,True,_quarantine/policy_scraper_artifacts_20260702/artifacts/AUDIT_TRAILS/policy_data_internal_existing/90_INTERNAL_PIPELINE_ARTIFACTS/interim/archive/pre_namespace_run_20260609_production_namespace/legacy_evidence_links.csv,historical_attempt,0
141644,Hawaii Pacific University,private,2014-2015 Catalog -2.10.2015.indb,2014,2015,historical_url_evidence_materialization,legacy_input_url,validated_human_legacy,True,_quarantine/policy_scraper_artifacts_20260702/artifacts/AUDIT_TRAILS/policy_data_internal_existing/90_INTERNAL_PIPELINE_ARTIFACTS/interim/archive/pre_namespace_run_20260609_production_namespace/legacy_evidence_links.csv,historical_attempt,0
141644,Hawaii Pacific University,private,2015-2016_Catalog.pdf,2015,2016,historical_url_evidence_materialization,legacy_input_url,validated_human_legacy,True,_quarantine/policy_scraper_artifacts_20260702/artifacts/AUDIT_TRAILS/policy_data_internal_existing/90_INTERNAL_PIPELINE_ARTIFACTS/interim/archive/pre_namespace_run_20260609_production_namespace/legacy_evidence_links.csv,historical_attempt,0
141644,Hawaii Pacific University,private,2016-17-catalog-final-copy.pdf,2016,2017,historical_url_evidence_materialization,legacy_input_url,validated_human_legacy,True,_quarantine/policy_scraper_artifacts_20260702/artifacts/AUDIT_TRAILS/policy_data_internal_existing/90_INTERNAL_PIPELINE_ARTIFACTS/interim/archive/pre_namespace_run_20260609_production_namespace/legacy_evidence_links.csv,historical_attempt,0
142285,University of Idaho,public,https://www.skagit.edu/wp-content/uploads/2019/06/svc-catalog_2005.pdf,2005,2006,historical_url_evidence_materialization,historical_lead_input_url,imported_llm_candidate_lead,False,_quarantine/policy_scraper_artifacts_20260702/artifacts/OLD_OUTPUT_ARCHIVES/policy_data_rebuild_archive_20260622_054122/outputs/step3_live_rebuilt_ledger/step3_suggestion_candidate_ledger.csv,historical_attempt,2
142285,University of Idaho,public,https://www.skagit.edu/wp-content/uploads/2019/06/svc-catalog_2005.pdf,2005,2006,historical_url_evidence_materialization,historical_lead_input_url,imported_llm_candidate_lead,False,_quarantine/policy_scraper_artifacts_20260702/artifacts/OLD_OUTPUT_ARCHIVES/policy_data_rebuild_archive_20260622_054122/outputs/step3_live_rebuilt_ledger/step3_suggestion_candidate_ledger.csv,historical_attempt,2
142285,University of Idaho,public,https://www.skagit.edu/wp-content/uploads/2019/06/svc-catalog_2008.pdf,2008,2009,historical_url_evidence_materialization,historical_lead_input_url,imported_llm_candidate_lead,False,_quarantine/policy_scraper_artifacts_20260702/artifacts/OLD_OUTPUT_ARCHIVES/policy_data_rebuild_archive_20260622_054122/outputs/step3_live_rebuilt_ledger/step3_suggestion_candidate_ledger.csv,historical_attempt,2
142285,University of Idaho,public,https://www.skagit.edu/wp-content/uploads/2019/06/svc-catalog_2008.pdf,2008,2009,historical_url_evidence_materialization,historical_lead_input_url,imported_llm_candidate_lead,False,_quarantine/policy_scraper_artifacts_20260702/artifacts/OLD_OUTPUT_ARCHIVES/policy_data_rebuild_archive_20260622_054122/outputs/step3_live_rebuilt_ledger/step3_suggestion_candidate_ledger.csv,historical_attempt,2
142285,University of Idaho,public,https://www.nic.edu/media/nic-main/departments/catalog/2010-11Catalog.pdf,2010,2011,historical_url_evidence_materialization,historical_lead_input_url,imported_llm_candidate_lead,False,_quarantine/policy_scraper_artifacts_20260702/artifacts/OLD_OUTPUT_ARCHIVES/policy_data_rebuild_archive_20260622_054122/outputs/step3_live_rebuilt_ledger/step3_suggestion_candidate_ledger.csv,historical_attempt,2
142285,University of Idaho,public,https://www.nic.edu/media/nic-main/departments/catalog/2011-12Catalog.pdf,2011,2012,historical_url_evidence_materialization,historical_lead_input_url,imported_llm_candidate_lead,False,_quarantine/policy_scraper_artifacts_20260702/artifacts/OLD_OUTPUT_ARCHIVES/policy_data_rebuild_archive_20260622_054122/outputs/step3_live_rebuilt_ledger/step3_suggestion_candidate_ledger.csv,historical_attempt,2
142285,University of Idaho,public,https://www.nic.edu/media/nic-main/departments/catalog/2012-13Catalog.pdf,2012,2013,historical_url_evidence_materialization,historical_lead_input_url,imported_llm_candidate_lead,False,_quarantine/policy_scraper_artifacts_20260702/artifacts/OLD_OUTPUT_ARCHIVES/policy_data_rebuild_archive_20260622_054122/outputs/step3_live_rebuilt_ledger/step3_suggestion_candidate_ledger.csv,historical_attempt,2
142285,University of Idaho,public,https://www.isu.edu/media/libraries/registrar/2013-2014_ISU_GR_catalog-min.pdf,2013,2014,historical_url_evidence_materialization,historical_lead_input_url,imported_llm_candidate_lead,False,_quarantine/policy_scraper_artifacts_20260702/artifacts/OLD_OUTPUT_ARCHIVES/policy_data_rebuild_archive_20260622_054122/outputs/step3_live_rebuilt_ledger/step3_suggestion_candidate_ledger.csv,historical_attempt,2
142285,University of Idaho,public,https://www.nic.edu/media/nic-main/departments/catalog/2014-15Catalog.pdf,2014,2015,historical_url_evidence_materialization,historical_lead_input_url,imported_llm_candidate_lead,False,_quarantine/policy_scraper_artifacts_20260702/artifacts/OLD_OUTPUT_ARCHIVES/policy_data_rebuild_archive_20260622_054122/outputs/step3_live_rebuilt_ledger/step3_suggestion_candidate_ledger.csv,historical_attempt,2
142285,University of Idaho,public,https://objects.lib.uidaho.edu/coursecatalogs/uicat_2015-2016.pdf,2015,2016,historical_url_evidence_materialization,historical_lead_input_url,imported_llm_candidate_lead,False,_quarantine/policy_scraper_artifacts_20260702/artifacts/OLD_OUTPUT_ARCHIVES/policy_data_rebuild_archive_20260622_054122/outputs/step4_source_review/step4_suggestion_source_review.csv,historical_attempt,2
145637,UNIVERSITY OF ILLINOIS AT URBANA-CHAMPAIGN,public,https://catalog.illinois.edu/archivedacademiccatalogs/catalog-fall-2004.pdf,2004,2005,historical_url_evidence_materialization,historical_lead_input_url,imported_llm_candidate_lead,False,_quarantine/policy_scraper_artifacts_20260702/artifacts/OLD_OUTPUT_ARCHIVES/policy_data_rebuild_archive_20260622_054122/outputs/step3_live_rebuilt_ledger/step3_suggestion_candidate_ledger.csv,historical_attempt,2
145637,University of Illinois at Urbana-Champaign,public,https://catalog.illinois.edu/archivedacademiccatalogs/catalog-fall-2005.pdf,2005,2006,historical_url_evidence_materialization,historical_lead_input_url,imported_llm_candidate_lead,False,_quarantine/policy_scraper_artifacts_20260702/artifacts/OLD_OUTPUT_ARCHIVES/policy_data_rebuild_archive_20260622_054122/outputs/step3_live_rebuilt_ledger/step3_suggestion_candidate_ledger.csv,historical_attempt,2
145637,University of Illinois at Urbana-Champaign,public,https://catalog.illinois.edu/archivedacademiccatalogs/catalog-fall-2006.pdf,2006,2007,historical_url_evidence_materialization,historical_lead_input_url,imported_llm_candidate_lead,False,_quarantine/policy_scraper_artifacts_20260702/artifacts/OLD_OUTPUT_ARCHIVES/policy_data_rebuild_archive_20260622_054122/outputs/step3_live_rebuilt_ledger/step3_suggestion_candidate_ledger.csv,historical_attempt,2
145637,University of Illinois at Urbana-Champaign,public,https://catalog.illinois.edu/archivedacademiccatalogs/catalog-fall-2007.pdf,2007,2008,historical_url_evidence_materialization,historical_lead_input_url,imported_llm_candidate_lead,False,_quarantine/policy_scraper_artifacts_20260702/artifacts/OLD_OUTPUT_ARCHIVES/policy_data_rebuild_archive_20260622_054122/outputs/step3_live_rebuilt_ledger/step3_suggestion_candidate_ledger.csv,historical_attempt,2
145637,University of Illinois at Urbana-Champaign,public,https://catalog.illinois.edu/archivedacademiccatalogs/catalog-fall-2008.pdf,2008,2009,historical_url_evidence_materialization,historical_lead_input_url,imported_llm_candidate_lead,False,_quarantine/policy_scraper_artifacts_20260702/artifacts/AUDIT_TRAILS/policy_data_internal_existing/90_INTERNAL_PIPELINE_ARTIFACTS/audits/legacy_benchmark_current/public_fresh_ai_year_candidates_public_fresh_full_rank051_075_ai25_live.csv,historical_attempt,2
145637,University of Illinois at Urbana-Champaign,public,https://catalog.illinois.edu/archivedacademiccatalogs/catalog-fall-2009.pdf,2009,2010,historical_url_evidence_materialization,historical_lead_input_url,imported_llm_candidate_lead,False,_quarantine/policy_scraper_artifacts_20260702/artifacts/OLD_OUTPUT_ARCHIVES/policy_data_rebuild_archive_20260622_054122/outputs/step3_live_rebuilt_ledger/step3_suggestion_candidate_ledger.csv,historical_attempt,2
145637,University of Illinois at Urbana-Champaign,public,https://catalog.illinois.edu/archivedacademiccatalogs/catalog-fall-2010.pdf,2010,2011,historical_url_evidence_materialization,historical_lead_input_url,imported_llm_candidate_lead,False,_quarantine/policy_scraper_artifacts_20260702/artifacts/OLD_OUTPUT_ARCHIVES/policy_data_rebuild_archive_20260622_054122/outputs/step3_live_rebuilt_ledger/step3_suggestion_candidate_ledger.csv,historical_attempt,2
145637,University of Illinois at Urbana-Champaign,public,https://catalog.illinois.edu/archivedacademiccatalogs/catalog-fall-2011.pdf,2011,2012,historical_url_evidence_materialization,historical_lead_input_url,imported_llm_candidate_lead,False,_quarantine/policy_scraper_artifacts_20260702/artifacts/OLD_OUTPUT_ARCHIVES/policy_data_rebuild_archive_20260622_054122/outputs/step3_live_rebuilt_ledger/step3_suggestion_candidate_ledger.csv,historical_attempt,2
145637,University of Illinois at Urbana-Champaign,public,https://catalog.illinois.edu/archivedacademiccatalogs/catalog-fall-2012.pdf,2012,2013,historical_url_evidence_materialization,historical_lead_input_url,imported_llm_candidate_lead,False,_quarantine/policy_scraper_artifacts_20260702/artifacts/OLD_OUTPUT_ARCHIVES/policy_data_rebuild_archive_20260622_054122/outputs/step3_live_rebuilt_ledger/step3_suggestion_candidate_ledger.csv,historical_attempt,2
145637,University of Illinois at Urbana-Champaign,public,https://catalog.illinois.edu/archivedacademiccatalogs/catalog-fall-2013.pdf,2013,2014,historical_url_evidence_materialization,historical_lead_input_url,imported_llm_candidate_lead,False,_quarantine/policy_scraper_artifacts_20260702/artifacts/OLD_OUTPUT_ARCHIVES/policy_data_rebuild_archive_20260622_054122/outputs/step3_live_rebuilt_ledger/step3_suggestion_candidate_ledger.csv,historical_attempt,2
145637,University of Illinois at Urbana-Champaign,public,https://catalog.illinois.edu/archivedacademiccatalogs/2014-15.pdf,2014,2015,historical_url_evidence_materialization,historical_lead_input_url,imported_llm_candidate_lead,False,_quarantine/policy_scraper_artifacts_20260702/artifacts/AUDIT_TRAILS/policy_data_internal_existing/90_INTERNAL_PIPELINE_ARTIFACTS/audits/legacy_benchmark_current/public_fresh_ai_year_candidates_public_fresh_full_rank051_075_ai25_live.csv,historical_attempt,2
145637,University of Illinois at Urbana-Champaign,public,https://catalog.illinois.edu/archivedacademiccatalogs/2015-16.pdf,2015,2016,historical_url_evidence_materialization,historical_lead_input_url,imported_llm_candidate_lead,False,_quarantine/policy_scraper_artifacts_20260702/artifacts/AUDIT_TRAILS/policy_data_internal_existing/90_INTERNAL_PIPELINE_ARTIFACTS/audits/legacy_benchmark_current/public_fresh_ai_year_candidates_public_fresh_full_rank051_075_ai25_live.csv,historical_attempt,2
145637,University of Illinois at Urbana-Champaign,public,https://catalog.illinois.edu/archivedacademiccatalogs/2016-2017/,2016,2017,historical_url_evidence_materialization,historical_lead_input_url,imported_llm_candidate_lead,False,_quarantine/policy_scraper_artifacts_20260702/artifacts/OLD_OUTPUT_ARCHIVES/policy_data_rebuild_archive_20260622_054122/outputs/step3_live_rebuilt_ledger/step3_suggestion_candidate_ledger.csv,historical_attempt,2
145813,ILLINOIS STATE UNIVERSITY,public,https://registrar.illinoisstate.edu/downloads/catalog-archive/grad0405.pdf,2004,2004,historical_url_evidence_materialization,legacy_input_url,prior_programmatic,True,_quarantine/policy_scraper_artifacts_20260702/artifacts/PILOTS/url_discovery/audit_trails/url_discovery_pilot_batch_013_dev_008/source_review_log.csv,historical_discovery,1
145813,Illinois State University,public,https://illinoisstate.edu/downloads/catalog/archive/undergrad0506.pdf,2005,2005,historical_url_evidence_materialization,legacy_input_url,validated_human_legacy,True,_quarantine/policy_scraper_artifacts_20260702/artifacts/AUDIT_TRAILS/policy_data_internal_existing/90_INTERNAL_PIPELINE_ARTIFACTS/interim/archive/pre_namespace_run_20260609_production_namespace/legacy_evidence_links.csv,historical_attempt,0
145813,Illinois State University,public,https://registrar.illinoisstate.edu/downloads/catalog-archive/undergrad0607.pdf,2006,2006,historical_url_evidence_materialization,legacy_input_url,prior_programmatic,True,_quarantine/policy_scraper_artifacts_20260702/artifacts/PILOTS/url_discovery/audit_trails/url_discovery_pilot_batch_013_dev_008/source_review_log.csv,historical_discovery,1
145813,Illinois State University,public,https://registrar.illinoisstate.edu/downloads/catalog-archive/undergrad0708.pdf,2007,2007,historical_url_evidence_materialization,legacy_input_url,prior_programmatic,True,_quarantine/policy_scraper_artifacts_20260702/artifacts/PILOTS/url_discovery/audit_trails/url_discovery_pilot_batch_013_dev_008/source_review_log.csv,historical_discovery,1
145813,Illinois State University,public,https://registrar.illinoisstate.edu/downloads/catalog-archive/undergrad0810.pdf,2008,2008,historical_url_evidence_materialization,legacy_input_url,prior_programmatic,True,_quarantine/policy_scraper_artifacts_20260702/artifacts/PILOTS/url_discovery/audit_trails/url_discovery_pilot_batch_013_dev_008/source_review_log.csv,historical_discovery,1
145813,Illinois State University,public,https://registrar.illinoisstate.edu/downloads/catalog-archive/undergrad0810.pdf,2009,2009,historical_url_evidence_materialization,legacy_input_url,prior_programmatic,True,_quarantine/policy_scraper_artifacts_20260702/artifacts/PILOTS/url_discovery/audit_trails/url_discovery_pilot_batch_013_dev_008/source_review_log.csv,historical_discovery,1
145813,Illinois State University,public,https://registrar.illinoisstate.edu/downloads/catalog-archive/undergrad1012.pdf,2010,2010,historical_url_evidence_materialization,legacy_input_url,prior_programmatic,True,_quarantine/policy_scraper_artifacts_20260702/artifacts/PILOTS/url_discovery/audit_trails/url_discovery_pilot_batch_013_dev_008/source_review_log.csv,historical_discovery,1
145813,Illinois State University,public,https://registrar.illinoisstate.edu/downloads/catalog-archive/undergrad1012.pdf,2011,2011,historical_url_evidence_materialization,legacy_input_url,prior_programmatic,True,_quarantine/policy_scraper_artifacts_20260702/artifacts/PILOTS/url_discovery/audit_trails/url_discovery_pilot_batch_013_dev_008/source_review_log.csv,historical_discovery,1
145813,Illinois State University,public,https://illinoisstate.edu/downloads/catalog/archive/undergrad1214.pdf,2012,2012,historical_url_evidence_materialization,legacy_input_url,validated_human_legacy,True,_quarantine/policy_scraper_artifacts_20260702/artifacts/AUDIT_TRAILS/policy_data_internal_existing/90_INTERNAL_PIPELINE_ARTIFACTS/interim/archive/pre_namespace_run_20260609_production_namespace/legacy_evidence_links.csv,historical_attempt,0
145813,Illinois State University,public,https://registrar.illinoisstate.edu/downloads/catalog-archive/undergrad1214.pdf,2013,2013,historical_url_evidence_materialization,legacy_input_url,prior_programmatic,True,_quarantine/policy_scraper_artifacts_20260702/artifacts/PILOTS/url_discovery/audit_trails/url_discovery_pilot_batch_013_dev_008/source_review_log.csv,historical_discovery,1
145813,Illinois State University,public,https://registrar.illinoisstate.edu/downloads/catalog-archive/undergrad1416.pdf,2014,2014,historical_url_evidence_materialization,legacy_input_url,prior_programmatic,True,_quarantine/policy_scraper_artifacts_20260702/artifacts/PILOTS/url_discovery/audit_trails/url_discovery_pilot_batch_013_dev_008/source_review_log.csv,historical_discovery,1
145813,Illinois State University,public,https://registrar.illinoisstate.edu/downloads/catalog-archive/undergrad1416.pdf,2015,2015,historical_url_evidence_materialization,legacy_input_url,prior_programmatic,True,_quarantine/policy_scraper_artifacts_20260702/artifacts/PILOTS/url_discovery/audit_trails/url_discovery_pilot_batch_013_dev_008/source_review_log.csv,historical_discovery,1
145813,Illinois State University,public,https://registrar.illinoisstate.edu/downloads/catalog-archive/undergrad1617.pdf,2016,2016,historical_url_evidence_materialization,legacy_input_url,prior_programmatic,True,_quarantine/policy_scraper_artifacts_20260702/artifacts/PILOTS/url_discovery/audit_trails/url_discovery_pilot_batch_013_dev_008/source_review_log.csv,historical_discovery,1
149222,SOUTHERN ILLINOIS UNIVERSITY-CARBONDALE,public,https://opensiuc.lib.siu.edu/ua_bcc/356,2002,2002,historical_url_evidence_materialization,historical_lead_input_url,imported_llm_candidate_lead,False,_quarantine/policy_scraper_artifacts_20260702/artifacts/OLD_OUTPUT_ARCHIVES/policy_data_rebuild_archive_20260622_054122/outputs/step3_live_rebuilt_ledger/step3_suggestion_candidate_ledger.csv,historical_attempt,2
149222,SOUTHERN ILLINOIS UNIVERSITY-CARBONDALE,public,https://opensiuc.lib.siu.edu/cgi/viewcontent.cgi?article=1363&context=ua_bcc,2003,2003,historical_url_evidence_materialization,legacy_input_url,validated_human_legacy,True,_quarantine/policy_scraper_artifacts_20260702/artifacts/policy_data_internal/interim/legacy_evidence_links.csv,historical_attempt,0
149222,SOUTHERN ILLINOIS UNIVERSITY CARBONDALE,public,https://opensiuc.lib.siu.edu/ua_bcc/353,2004,2004,historical_url_evidence_materialization,historical_lead_input_url,imported_llm_candidate_lead,False,_quarantine/policy_scraper_artifacts_20260702/artifacts/OLD_OUTPUT_ARCHIVES/policy_data_rebuild_archive_20260622_054122/outputs/step3_live_rebuilt_ledger/step3_suggestion_candidate_ledger.csv,historical_attempt,2
149222,Southern Illinois University Carbondale,public,https://opensiuc.lib.siu.edu/ua_bcc/375,2005,2005,historical_url_evidence_materialization,historical_lead_input_url,imported_llm_candidate_lead,False,_quarantine/policy_scraper_artifacts_20260702/artifacts/OLD_OUTPUT_ARCHIVES/policy_data_rebuild_archive_20260622_054122/outputs/step3_live_rebuilt_ledger/step3_suggestion_candidate_ledger.csv,historical_attempt,2
149222,Southern Illinois University Carbondale,public,https://opensiuc.lib.siu.edu/ua_bcc/374,2006,2006,historical_url_evidence_materialization,historical_lead_input_url,imported_llm_candidate_lead,False,_quarantine/policy_scraper_artifacts_20260702/artifacts/OLD_OUTPUT_ARCHIVES/policy_data_rebuild_archive_20260622_054122/outputs/step3_live_rebuilt_ledger/step3_suggestion_candidate_ledger.csv,historical_attempt,2
149222,Southern Illinois University Carbondale,public,https://opensiuc.lib.siu.edu/ua_bcc/373,2007,2007,historical_url_evidence_materialization,historical_lead_input_url,imported_llm_candidate_lead,False,_quarantine/policy_scraper_artifacts_20260702/artifacts/OLD_OUTPUT_ARCHIVES/policy_data_rebuild_archive_20260622_054122/outputs/step3_live_rebuilt_ledger/step3_suggestion_candidate_ledger.csv,historical_attempt,2
149222,Southern Illinois University Carbondale,public,https://opensiuc.lib.siu.edu/ua_bcc/371,2008,2008,historical_url_evidence_materialization,historical_lead_input_url,imported_llm_candidate_lead,False,_quarantine/policy_scraper_artifacts_20260702/artifacts/OLD_OUTPUT_ARCHIVES/policy_data_rebuild_archive_20260622_054122/outputs/step3_live_rebuilt_ledger/step3_suggestion_candidate_ledger.csv,historical_attempt,2
149222,Southern Illinois University Carbondale,public,https://opensiuc.lib.siu.edu/ua_bcc/387,2009,2009,historical_url_evidence_materialization,historical_lead_input_url,imported_llm_candidate_lead,False,_quarantine/policy_scraper_artifacts_20260702/artifacts/OLD_OUTPUT_ARCHIVES/policy_data_rebuild_archive_20260622_054122/outputs/step3_live_rebuilt_ledger/step3_suggestion_candidate_ledger.csv,historical_attempt,2
149222,Southern Illinois University Carbondale,public,https://opensiuc.lib.siu.edu/ua_bcc/368,2010,2010,historical_url_evidence_materialization,historical_lead_input_url,imported_llm_candidate_lead,False,_quarantine/policy_scraper_artifacts_20260702/artifacts/OLD_OUTPUT_ARCHIVES/policy_data_rebuild_archive_20260622_054122/outputs/step3_live_rebuilt_ledger/step3_suggestion_candidate_ledger.csv,historical_attempt,2
149222,Southern Illinois University Carbondale,public,https://opensiuc.lib.siu.edu/ua_bcc/384,2011,2011,historical_url_evidence_materialization,historical_lead_input_url,imported_llm_candidate_lead,False,_quarantine/policy_scraper_artifacts_20260702/artifacts/OLD_OUTPUT_ARCHIVES/policy_data_rebuild_archive_20260622_054122/outputs/step3_live_rebuilt_ledger/step3_suggestion_candidate_ledger.csv,historical_attempt,2
149222,Southern Illinois University Carbondale,public,https://opensiuc.lib.siu.edu/ua_bcc/385,2012,2012,historical_url_evidence_materialization,historical_lead_input_url,imported_llm_candidate_lead,False,_quarantine/policy_scraper_artifacts_20260702/artifacts/OLD_OUTPUT_ARCHIVES/policy_data_rebuild_archive_20260622_054122/outputs/step3_live_rebuilt_ledger/step3_suggestion_candidate_ledger.csv,historical_attempt,2
149222,Southern Illinois University-Carbondale,public,https://opensiuc.lib.siu.edu/cgi/viewcontent.cgi?article=1377&context=ua_bcc,2013,2013,historical_url_evidence_materialization,legacy_input_url,validated_human_legacy,True,_quarantine/policy_scraper_artifacts_20260702/artifacts/policy_data_internal/interim/legacy_evidence_links.csv,historical_attempt,0
149222,Southern Illinois University-Carbondale,public,https://opensiuc.lib.siu.edu/ua_bcc/380,2014,2014,historical_url_evidence_materialization,historical_lead_input_url,imported_llm_candidate_lead,False,_quarantine/policy_scraper_artifacts_20260702/artifacts/OLD_OUTPUT_ARCHIVES/policy_data_rebuild_archive_20260622_054122/outputs/step3_live_rebuilt_ledger/step3_suggestion_candidate_ledger.csv,historical_attempt,2
149222,Southern Illinois University-Carbondale,public,https://opensiuc.lib.siu.edu/ua_bcc/378,2015,2015,historical_url_evidence_materialization,historical_lead_input_url,imported_llm_candidate_lead,False,_quarantine/policy_scraper_artifacts_20260702/artifacts/OLD_OUTPUT_ARCHIVES/policy_data_rebuild_archive_20260622_054122/outputs/step3_live_rebuilt_ledger/step3_suggestion_candidate_ledger.csv,historical_attempt,2
149222,Southern Illinois University-Carbondale,public,https://opensiuc.lib.siu.edu/ua_bcc/376,2016,2016,historical_url_evidence_materialization,historical_lead_input_url,imported_llm_candidate_lead,False,_quarantine/policy_scraper_artifacts_20260702/artifacts/OLD_OUTPUT_ARCHIVES/policy_data_rebuild_archive_20260622_054122/outputs/step3_live_rebuilt_ledger/step3_suggestion_candidate_ledger.csv,historical_attempt,2
149781,WHEATON COLLEGE,private,https://cso.collegesource.com/viewer/CSO_catalinkviewer.aspx?iid=29996&pguid={22D40249-A1EF-4866-9B6C-1852B643F4D2},2002,2002,historical_url_evidence_materialization,legacy_input_url,validated_human_legacy,True,_quarantine/policy_scraper_artifacts_20260702/artifacts/policy_data_internal/interim/legacy_evidence_links.csv,historical_attempt,0
149781,WHEATON COLLEGE,private,https://cso.collegesource.com/viewer/CSO_catalinkviewer.aspx?iid=29996&pguid={73B37D88-1960-42C2-BB12-7BCFA92E49AC},2003,2003,historical_url_evidence_materialization,legacy_input_url,validated_human_legacy,True,_quarantine/policy_scraper_artifacts_20260702/artifacts/policy_data_internal/interim/legacy_evidence_links.csv,historical_attempt,0
149781,WHEATON COLLEGE,private,https://cso.collegesource.com/CSO_catalink.aspx?pid=625725c1-7a56-4c3c-bd4b-9b855fb1cf0f&oig=908B52A7-4BD3-40FE-ADE5-3260F18039B2&vt=5,2004,2004,historical_url_evidence_materialization,legacy_input_url,validated_human_legacy,True,_quarantine/policy_scraper_artifacts_20260702/artifacts/policy_data_internal/interim/legacy_evidence_links.csv,historical_attempt,0
149781,Wheaton College,private,https://cso.collegesource.com/viewer/CSO_catalinkviewer.aspx?iid=29996&pguid={59AFB92A-D90E-447B-A201-EE9ADE6547E5},2005,2005,historical_url_evidence_materialization,legacy_input_url,validated_human_legacy,True,_quarantine/policy_scraper_artifacts_20260702/artifacts/policy_data_internal/interim/legacy_evidence_links.csv,historical_attempt,0
149781,Wheaton College,private,https://cso.collegesource.com/viewer/CSO_catalinkviewer.aspx?iid=29996&pguid={508D8FAA-4662-4E6E-9267-938F23C27BDE},2006,2006,historical_url_evidence_materialization,legacy_input_url,validated_human_legacy,True,_quarantine/policy_scraper_artifacts_20260702/artifacts/policy_data_internal/interim/legacy_evidence_links.csv,historical_attempt,0
149781,Wheaton College,private,https://cso.collegesource.com/CSO_catalink.aspx?pid=09c8c5d1-7d18-4c26-beba-69614b7b7ecb&oig=908B52A7-4BD3-40FE-ADE5-3260F18039B2&vt=5,2007,2007,historical_url_evidence_materialization,legacy_input_url,validated_human_legacy,True,_quarantine/policy_scraper_artifacts_20260702/artifacts/policy_data_internal/interim/legacy_evidence_links.csv,historical_attempt,0
149781,Wheaton College,private,https://cso.collegesource.com/CSO_catalink.aspx?pid=b7583b6f-c279-4304-9dec-0b0c7536785e&oig=908B52A7-4BD3-40FE-ADE5-3260F18039B2&vt=5,2008,2008,historical_url_evidence_materialization,legacy_input_url,validated_human_legacy,True,_quarantine/policy_scraper_artifacts_20260702/artifacts/policy_data_internal/interim/legacy_evidence_links.csv,historical_attempt,0
149781,Wheaton College,private,https://cso.collegesource.com/CSO_catalink.aspx?pid=1701d06d-f874-4a19-9acf-3538607cd9fa&oig=908B52A7-4BD3-40FE-ADE5-3260F18039B2&vt=5,2009,2009,historical_url_evidence_materialization,legacy_input_url,validated_human_legacy,True,_quarantine/policy_scraper_artifacts_20260702/artifacts/policy_data_internal/interim/legacy_evidence_links.csv,historical_attempt,0
149781,Wheaton College,private,https://cso.collegesource.com/CSO_catalink.aspx?pid=e2ac2e94-33e2-4750-bbec-94f84df3b86a&oig=908B52A7-4BD3-40FE-ADE5-3260F18039B2&vt=5,2010,2010,historical_url_evidence_materialization,legacy_input_url,validated_human_legacy,True,_quarantine/policy_scraper_artifacts_20260702/artifacts/policy_data_internal/interim/legacy_evidence_links.csv,historical_attempt,0
149781,Wheaton College,private,https://cso.collegesource.com/CSO_catalink.aspx?pid=4057f028-2a1b-4760-97af-7662f97be750&oig=908B52A7-4BD3-40FE-ADE5-3260F18039B2&vt=5,2011,2011,historical_url_evidence_materialization,legacy_input_url,validated_human_legacy,True,_quarantine/policy_scraper_artifacts_20260702/artifacts/policy_data_internal/interim/legacy_evidence_links.csv,historical_attempt,0
149781,Wheaton College,private,https://cso.collegesource.com/CSO_catalink.aspx?pid=143f8ead-b115-490c-b7c1-ff83fcfe8513&oig=908B52A7-4BD3-40FE-ADE5-3260F18039B2&vt=5,2012,2012,historical_url_evidence_materialization,legacy_input_url,validated_human_legacy,True,_quarantine/policy_scraper_artifacts_20260702/artifacts/policy_data_internal/interim/legacy_evidence_links.csv,historical_attempt,0
149781,Wheaton College,private,https://cso.collegesource.com/CSO_catalink.aspx?pid=e1e6a0ce-ab8a-4576-bded-017ed0745415&oig=908B52A7-4BD3-40FE-ADE5-3260F18039B2&vt=5,2013,2013,historical_url_evidence_materialization,legacy_input_url,validated_human_legacy,True,_quarantine/policy_scraper_artifacts_20260702/artifacts/policy_data_internal/interim/legacy_evidence_links.csv,historical_attempt,0
149781,Wheaton College,private,https://cso.collegesource.com/CSO_catalink.aspx?pid=d5ed6aea-765f-40cd-b04b-41680f3c65cc&oig=908B52A7-4BD3-40FE-ADE5-3260F18039B2&vt=5,2014,2014,historical_url_evidence_materialization,legacy_input_url,validated_human_legacy,True,_quarantine/policy_scraper_artifacts_20260702/artifacts/policy_data_internal/interim/legacy_evidence_links.csv,historical_attempt,0
149781,Wheaton College,private,https://cso.collegesource.com/CSO_catalink.aspx?pid=95eeb740-b715-4245-bda0-c84d57fc06ae&oig=908B52A7-4BD3-40FE-ADE5-3260F18039B2&vt=5,2015,2015,historical_url_evidence_materialization,legacy_input_url,validated_human_legacy,True,_quarantine/policy_scraper_artifacts_20260702/artifacts/policy_data_internal/interim/legacy_evidence_links.csv,historical_attempt,0
149781,Wheaton College,private,https://cso.collegesource.com/CSO_catalink.aspx?pid=6ae992a7-1213-4e5f-aba7-4984fb06a82a&oig=908B52A7-4BD3-40FE-ADE5-3260F18039B2&vt=5,2016,2016,historical_url_evidence_materialization,legacy_input_url,validated_human_legacy,True,_quarantine/policy_scraper_artifacts_20260702/artifacts/policy_data_internal/interim/legacy_evidence_links.csv,historical_attempt,0
150136,BALL STATE UNIVERSITY,public,https://dmr.bsu.edu/compoundobject/collection/BSUCoursCat/id/34220,2002,2002,historical_url_evidence_materialization,historical_lead_input_url,historical_programmatic_lead,False,_quarantine/policy_scraper_artifacts_20260702/artifacts/PILOTS/url_discovery/pipeline_outputs/pilot_batch_003/OUTPUT_urls_for_text_extraction.csv,historical_attempt,3
150136,BALL STATE UNIVERSITY,public,https://dmr.bsu.edu/compoundobject/collection/BSUCoursCat/id/34220,2003,2003,historical_url_evidence_materialization,historical_lead_input_url,historical_programmatic_lead,False,_quarantine/policy_scraper_artifacts_20260702/artifacts/PILOTS/url_discovery/pipeline_outputs/pilot_batch_003/OUTPUT_urls_for_text_extraction.csv,historical_attempt,3
150136,BALL STATE UNIVERSITY,public,https://dmr.bsu.edu/compoundobject/collection/BSUCoursCat/id/53348,2004,2004,historical_url_evidence_materialization,historical_lead_input_url,historical_programmatic_lead,False,_quarantine/policy_scraper_artifacts_20260702/artifacts/PILOTS/url_discovery/pipeline_outputs/pilot_batch_003/OUTPUT_urls_for_text_extraction.csv,historical_attempt,3
150136,Ball State University,public,https://dmr.bsu.edu/compoundobject/collection/BSUCoursCat/id/32749,2005,2005,historical_url_evidence_materialization,historical_lead_input_url,historical_programmatic_lead,False,_quarantine/policy_scraper_artifacts_20260702/artifacts/PILOTS/url_discovery/pipeline_outputs/pilot_batch_003/OUTPUT_urls_for_text_extraction.csv,historical_attempt,3
150136,Ball State University,public,https://dmr.bsu.edu/compoundobject/collection/BSUCoursCat/id/35070,2006,2006,historical_url_evidence_materialization,historical_lead_input_url,historical_programmatic_lead,False,_quarantine/policy_scraper_artifacts_20260702/artifacts/PILOTS/url_discovery/pipeline_outputs/pilot_batch_003/OUTPUT_urls_for_text_extraction.csv,historical_attempt,3
150136,Ball State University,public,https://dmr.bsu.edu/compoundobject/collection/BSUCoursCat/id/35070,2007,2007,historical_url_evidence_materialization,historical_lead_input_url,historical_programmatic_lead,False,_quarantine/policy_scraper_artifacts_20260702/artifacts/PILOTS/url_discovery/pipeline_outputs/pilot_batch_003/OUTPUT_urls_for_text_extraction.csv,historical_attempt,3
150136,Ball State University,public,https://dmr.bsu.edu/compoundobject/collection/BSUCoursCat/id/33282,2008,2008,historical_url_evidence_materialization,historical_lead_input_url,historical_programmatic_lead,False,_quarantine/policy_scraper_artifacts_20260702/artifacts/PILOTS/url_discovery/pipeline_outputs/pilot_batch_003/OUTPUT_urls_for_text_extraction.csv,historical_attempt,3
150136,Ball State University,public,https://dmr.bsu.edu/compoundobject/collection/BSUCoursCat/id/33282,2009,2009,historical_url_evidence_materialization,historical_lead_input_url,historical_programmatic_lead,False,_quarantine/policy_scraper_artifacts_20260702/artifacts/PILOTS/url_discovery/pipeline_outputs/pilot_batch_003/OUTPUT_urls_for_text_extraction.csv,historical_attempt,3
150136,Ball State University,public,https://dmr.bsu.edu/compoundobject/collection/BSUCoursCat/id/22597,2010,2010,historical_url_evidence_materialization,historical_lead_input_url,historical_programmatic_lead,False,_quarantine/policy_scraper_artifacts_20260702/artifacts/PILOTS/url_discovery/pipeline_outputs/pilot_batch_003/OUTPUT_urls_for_text_extraction.csv,historical_attempt,3
150136,Ball State University,public,https://dmr.bsu.edu/compoundobject/collection/BSUCoursCat/id/23132,2011,2011,historical_url_evidence_materialization,historical_lead_input_url,historical_programmatic_lead,False,_quarantine/policy_scraper_artifacts_20260702/artifacts/PILOTS/url_discovery/pipeline_outputs/pilot_batch_003/OUTPUT_urls_for_text_extraction.csv,historical_attempt,3
150136,Ball State University,public,https://dmr.bsu.edu/digital/collection/BSUCoursCat/id/23529/rec/4,2012,2012,historical_url_evidence_materialization,legacy_input_url,validated_human_legacy,True,_quarantine/policy_scraper_artifacts_20260702/artifacts/policy_data_internal/interim/legacy_evidence_links.csv,historical_attempt,0
150136,Ball State University,public,https://dmr.bsu.edu/compoundobject/collection/BSUCoursCat/id/24621,2013,2013,historical_url_evidence_materialization,historical_lead_input_url,historical_programmatic_lead,False,_quarantine/policy_scraper_artifacts_20260702/artifacts/PILOTS/url_discovery/pipeline_outputs/pilot_batch_003/OUTPUT_urls_for_text_extraction.csv,historical_attempt,3
150136,Ball State University,public,https://dmr.bsu.edu/compoundobject/collection/BSUCoursCat/id/25032,2014,2014,historical_url_evidence_materialization,historical_lead_input_url,historical_programmatic_lead,False,_quarantine/policy_scraper_artifacts_20260702/artifacts/PILOTS/url_discovery/pipeline_outputs/pilot_batch_003/OUTPUT_urls_for_text_extraction.csv,historical_attempt,3
150172,Calumet College of Saint Joseph,private,https://www.ccsj.edu/wp-content/uploads/2023/10/2023-2024-CCSJ-Catalog-v.3-10-12-2023.pdf,2023,2024,historical_url_evidence_materialization,legacy_input_url,prior_programmatic,True,_quarantine/policy_scraper_artifacts_20260702/artifacts/PILOTS/url_discovery/audit_trails/url_discovery_pilot_batch_004/source_review_log.csv,historical_discovery,1
150172,Calumet College of Saint Joseph,private,https://www.ccsj.edu/wp-content/uploads/2023/10/2023-2024-CCSJ-Catalog-v.3-10-12-2023.pdf,2023,2024,historical_url_evidence_materialization,legacy_input_url,prior_programmatic,True,_quarantine/policy_scraper_artifacts_20260702/artifacts/PILOTS/url_discovery/audit_trails/url_discovery_pilot_batch_004/source_review_log.csv,historical_discovery,1
151102,Indiana University-Purdue University-Fort Wayne,public,https://catalog.pfw.edu/content.php?catoid=1&navoid=10#acad_regu_11.,2006,2006,historical_url_evidence_materialization,legacy_input_url,validated_human_legacy,True,_quarantine/policy_scraper_artifacts_20260702/artifacts/policy_data_internal/interim/legacy_evidence_links.csv,historical_attempt,0
151102,Indiana University-Purdue University-Fort Wayne,public,https://catalog.pfw.edu/content.php?catoid=1&navoid=10#acad_regu_11.,2007,2007,historical_url_evidence_materialization,historical_lead_input_url,imported_llm_candidate_lead,False,_quarantine/policy_scraper_artifacts_20260702/artifacts/OLD_OUTPUT_ARCHIVES/policy_data_rebuild_archive_20260622_054122/outputs/step3_live_rebuilt_ledger/step3_suggestion_candidate_ledger.csv,historical_attempt,2
151102,Indiana University-Purdue University-Fort Wayne,public,https://catalog.pfw.edu/index.php?catoid=8,2008,2008,historical_url_evidence_materialization,historical_lead_input_url,imported_llm_candidate_lead,False,_quarantine/policy_scraper_artifacts_20260702/artifacts/OLD_OUTPUT_ARCHIVES/policy_data_rebuild_archive_20260622_054122/outputs/step3_live_rebuilt_ledger/step3_suggestion_candidate_ledger.csv,historical_attempt,2
151102,Indiana University-Purdue University-Fort Wayne,public,https://catalog.pfw.edu/index.php?catoid=13,2009,2009,historical_url_evidence_materialization,historical_lead_input_url,imported_llm_candidate_lead,False,_quarantine/policy_scraper_artifacts_20260702/artifacts/OLD_OUTPUT_ARCHIVES/policy_data_rebuild_archive_20260622_054122/outputs/step3_live_rebuilt_ledger/step3_suggestion_candidate_ledger.csv,historical_attempt,2
151102,Indiana University-Purdue University-Fort Wayne,public,https://catalog.pfw.edu/index.php?catoid=19,2010,2010,historical_url_evidence_materialization,historical_lead_input_url,imported_llm_candidate_lead,False,_quarantine/policy_scraper_artifacts_20260702/artifacts/OLD_OUTPUT_ARCHIVES/policy_data_rebuild_archive_20260622_054122/outputs/step3_live_rebuilt_ledger/step3_suggestion_candidate_ledger.csv,historical_attempt,2
151102,Indiana University-Purdue University-Fort Wayne,public,https://catalog.pfw.edu/index.php?catoid=25,2011,2011,historical_url_evidence_materialization,historical_lead_input_url,imported_llm_candidate_lead,False,_quarantine/policy_scraper_artifacts_20260702/artifacts/OLD_OUTPUT_ARCHIVES/policy_data_rebuild_archive_20260622_054122/outputs/step3_live_rebuilt_ledger/step3_suggestion_candidate_ledger.csv,historical_attempt,2
151102,Indiana University-Purdue University-Fort Wayne,public,https://catalog.pfw.edu/index.php?catoid=27,2012,2012,historical_url_evidence_materialization,historical_lead_input_url,imported_llm_candidate_lead,False,_quarantine/policy_scraper_artifacts_20260702/artifacts/OLD_OUTPUT_ARCHIVES/policy_data_rebuild_archive_20260622_054122/outputs/step3_live_rebuilt_ledger/step3_suggestion_candidate_ledger.csv,historical_attempt,2
151102,Indiana University-Purdue University-Fort Wayne,public,https://catalog.pfw.edu/index.php?catoid=31,2013,2013,historical_url_evidence_materialization,historical_lead_input_url,imported_llm_candidate_lead,False,_quarantine/policy_scraper_artifacts_20260702/artifacts/OLD_OUTPUT_ARCHIVES/policy_data_rebuild_archive_20260622_054122/outputs/step3_live_rebuilt_ledger/step3_suggestion_candidate_ledger.csv,historical_attempt,2
151102,Indiana University-Purdue University-Fort Wayne,public,https://catalog.pfw.edu/index.php?catoid=33,2014,2014,historical_url_evidence_materialization,historical_lead_input_url,imported_llm_candidate_lead,False,_quarantine/policy_scraper_artifacts_20260702/artifacts/OLD_OUTPUT_ARCHIVES/policy_data_rebuild_archive_20260622_054122/outputs/step3_live_rebuilt_ledger/step3_suggestion_candidate_ledger.csv,historical_attempt,2
151102,Indiana University-Purdue University-Fort Wayne,public,https://catalog.pfw.edu/index.php?catoid=38,2015,2015,historical_url_evidence_materialization,historical_lead_input_url,imported_llm_candidate_lead,False,_quarantine/policy_scraper_artifacts_20260702/artifacts/OLD_OUTPUT_ARCHIVES/policy_data_rebuild_archive_20260622_054122/outputs/step3_live_rebuilt_ledger/step3_suggestion_candidate_ledger.csv,historical_attempt,2
151102,Indiana University-Purdue University-Fort Wayne,public,https://catalog.pfw.edu/index.php?catoid=42,2016,2016,historical_url_evidence_materialization,historical_lead_input_url,imported_llm_candidate_lead,False,_quarantine/policy_scraper_artifacts_20260702/artifacts/OLD_OUTPUT_ARCHIVES/policy_data_rebuild_archive_20260622_054122/outputs/step3_live_rebuilt_ledger/step3_suggestion_candidate_ledger.csv,historical_attempt,2
151290,Indiana Institute of Technology,private,https://registrar.indianatech.edu/wp-content/uploads/sites/13/2014/04/Day-Catalog-07-08.pdf,2014,2015,historical_url_evidence_materialization,legacy_input_url,validated_human_legacy,True,_quarantine/policy_scraper_artifacts_20260702/artifacts/policy_data_internal/interim/legacy_evidence_links.csv,historical_attempt,0
151290,Indiana Institute of Technology,private,https://registrar.indianatech.edu/wp-content/uploads/sites/13/2014/04/Day-Catalog-08-09.pdf,2014,2015,historical_url_evidence_materialization,legacy_input_url,validated_human_legacy,True,_quarantine/policy_scraper_artifacts_20260702/artifacts/policy_data_internal/interim/legacy_evidence_links.csv,historical_attempt,0
151290,Indiana Institute of Technology,private,https://registrar.indianatech.edu/wp-content/uploads/sites/13/Day-Catalog-09-10.pdf,2009,2009,historical_url_evidence_materialization,legacy_input_url,validated_human_legacy,True,_quarantine/policy_scraper_artifacts_20260702/artifacts/policy_data_internal/interim/legacy_evidence_links.csv,historical_attempt,0
151290,Indiana Institute of Technology,private,https://registrar.indianatech.edu/wp-content/uploads/sites/13/Day-Catalog-10-11.pdf,2010,2010,historical_url_evidence_materialization,legacy_input_url,validated_human_legacy,True,_quarantine/policy_scraper_artifacts_20260702/artifacts/policy_data_internal/interim/legacy_evidence_links.csv,historical_attempt,0
151290,Indiana Institute of Technology,private,https://registrar.indianatech.edu/wp-content/uploads/sites/13/2014/04/Day-Catalog-11-12.pdf,2014,2015,historical_url_evidence_materialization,legacy_input_url,validated_human_legacy,True,_quarantine/policy_scraper_artifacts_20260702/artifacts/policy_data_internal/interim/legacy_evidence_links.csv,historical_attempt,0
151290,Indiana Institute of Technology,private,https://registrar.indianatech.edu/wp-content/uploads/sites/13/2014/04/Day-Catalog-12-13.pdf,2014,2015,historical_url_evidence_materialization,legacy_input_url,validated_human_legacy,True,_quarantine/policy_scraper_artifacts_20260702/artifacts/policy_data_internal/interim/legacy_evidence_links.csv,historical_attempt,0
151290,Indiana Institute of Technology,private,https://registrar.indianatech.edu/wp-content/uploads/sites/13/Day-Catalog-13-14.pdf,2013,2013,historical_url_evidence_materialization,legacy_input_url,validated_human_legacy,True,_quarantine/policy_scraper_artifacts_20260702/artifacts/policy_data_internal/interim/legacy_evidence_links.csv,historical_attempt,0
151290,Indiana Institute of Technology,private,https://catalog.indianatech.edu/?catoid=3,2016,2016,historical_url_evidence_materialization,legacy_input_url,validated_human_legacy,True,_quarantine/policy_scraper_artifacts_20260702/artifacts/policy_data_internal/interim/legacy_evidence_links.csv,historical_attempt,0
151324,INDIANA STATE UNIVERSITY,public,https://indianastate.edu/,2002,2002,historical_url_evidence_materialization,legacy_input_url,prior_programmatic,True,_quarantine/policy_scraper_artifacts_20260702/artifacts/PILOTS/url_discovery/audit_trails/url_discovery_pilot_batch_014_dev_009/source_review_log.csv,historical_discovery,1
151324,INDIANA STATE UNIVERSITY,public,https://indianastate.edu/,2003,2003,historical_url_evidence_materialization,legacy_input_url,prior_programmatic,True,_quarantine/policy_scraper_artifacts_20260702/artifacts/PILOTS/url_discovery/audit_trails/url_discovery_pilot_batch_014_dev_009/source_review_log.csv,historical_discovery,1
151324,INDIANA STATE UNIVERSITY,public,https://indianastate.edu/,2004,2004,historical_url_evidence_materialization,legacy_input_url,prior_programmatic,True,_quarantine/policy_scraper_artifacts_20260702/artifacts/PILOTS/url_discovery/audit_trails/url_discovery_pilot_batch_014_dev_009/source_review_log.csv,historical_discovery,1
151324,Indiana State University,public,https://indianastate.edu/,2005,2005,historical_url_evidence_materialization,legacy_input_url,prior_programmatic,True,_quarantine/policy_scraper_artifacts_20260702/artifacts/PILOTS/url_discovery/audit_trails/url_discovery_pilot_batch_014_dev_009/source_review_log.csv,historical_discovery,1
151324,Indiana State University,public,https://indianastate.edu/,2006,2006,historical_url_evidence_materialization,legacy_input_url,prior_programmatic,True,_quarantine/policy_scraper_artifacts_20260702/artifacts/PILOTS/url_discovery/audit_trails/url_discovery_pilot_batch_014_dev_009/source_review_log.csv,historical_discovery,1
151324,Indiana State University,public,https://indianastate.edu/,2007,2007,historical_url_evidence_materialization,legacy_input_url,prior_programmatic,True,_quarantine/policy_scraper_artifacts_20260702/artifacts/PILOTS/url_discovery/audit_trails/url_discovery_pilot_batch_014_dev_009/source_review_log.csv,historical_discovery,1
152530,TAYLOR UNIVERSITY-UPLAND,private,https://pillars.taylor.edu/catalogs/12,2002,2002,historical_url_evidence_materialization,legacy_input_url,validated_human_legacy,True,_quarantine/policy_scraper_artifacts_20260702/artifacts/policy_data_internal/interim/legacy_evidence_links.csv,historical_attempt,0
152530,TAYLOR UNIVERSITY-UPLAND,private,https://pillars.taylor.edu/catalogs/13,2003,2003,historical_url_evidence_materialization,legacy_input_url,validated_human_legacy,True,_quarantine/policy_scraper_artifacts_20260702/artifacts/policy_data_internal/interim/legacy_evidence_links.csv,historical_attempt,0
152530,TAYLOR UNIVERSITY-UPLAND,private,https://pillars.taylor.edu/catalogs/14,2004,2004,historical_url_evidence_materialization,legacy_input_url,validated_human_legacy,True,_quarantine/policy_scraper_artifacts_20260702/artifacts/policy_data_internal/interim/legacy_evidence_links.csv,historical_attempt,0
152530,Taylor University-Upland,private,https://pillars.taylor.edu/catalogs/114,2005,2005,historical_url_evidence_materialization,legacy_input_url,validated_human_legacy,True,_quarantine/policy_scraper_artifacts_20260702/artifacts/policy_data_internal/interim/legacy_evidence_links.csv,historical_attempt,0
152530,Taylor University,private,https://pillars.taylor.edu/catalogs/16,2006,2006,historical_url_evidence_materialization,legacy_input_url,validated_human_legacy,True,_quarantine/policy_scraper_artifacts_20260702/artifacts/policy_data_internal/interim/legacy_evidence_links.csv,historical_attempt,0
152530,Taylor University,private,https://pillars.taylor.edu/catalogs/17,2007,2007,historical_url_evidence_materialization,legacy_input_url,validated_human_legacy,True,_quarantine/policy_scraper_artifacts_20260702/artifacts/policy_data_internal/interim/legacy_evidence_links.csv,historical_attempt,0
152530,Taylor University,private,https://pillars.taylor.edu/catalogs/18,2008,2008,historical_url_evidence_materialization,legacy_input_url,validated_human_legacy,True,_quarantine/policy_scraper_artifacts_20260702/artifacts/policy_data_internal/interim/legacy_evidence_links.csv,historical_attempt,0
152530,Taylor University,private,https://pillars.taylor.edu/catalogs/19,2009,2009,historical_url_evidence_materialization,legacy_input_url,validated_human_legacy,True,_quarantine/policy_scraper_artifacts_20260702/artifacts/policy_data_internal/interim/legacy_evidence_links.csv,historical_attempt,0
152530,Taylor University,private,https://pillars.taylor.edu/catalogs/20,2010,2010,historical_url_evidence_materialization,legacy_input_url,validated_human_legacy,True,_quarantine/policy_scraper_artifacts_20260702/artifacts/policy_data_internal/interim/legacy_evidence_links.csv,historical_attempt,0
152530,Taylor University,private,https://pillars.taylor.edu/catalogs/21,2011,2011,historical_url_evidence_materialization,legacy_input_url,validated_human_legacy,True,_quarantine/policy_scraper_artifacts_20260702/artifacts/policy_data_internal/interim/legacy_evidence_links.csv,historical_attempt,0
152530,Taylor University,private,https://pillars.taylor.edu/catalogs/22,2012,2012,historical_url_evidence_materialization,legacy_input_url,validated_human_legacy,True,_quarantine/policy_scraper_artifacts_20260702/artifacts/policy_data_internal/interim/legacy_evidence_links.csv,historical_attempt,0
152530,Taylor University,private,https://pillars.taylor.edu/catalogs/23,2013,2013,historical_url_evidence_materialization,legacy_input_url,validated_human_legacy,True,_quarantine/policy_scraper_artifacts_20260702/artifacts/policy_data_internal/interim/legacy_evidence_links.csv,historical_attempt,0
152530,Taylor University,private,https://pillars.taylor.edu/catalogs/24,2014,2014,historical_url_evidence_materialization,legacy_input_url,validated_human_legacy,True,_quarantine/policy_scraper_artifacts_20260702/artifacts/policy_data_internal/interim/legacy_evidence_links.csv,historical_attempt,0
152530,Taylor University,private,https://pillars.taylor.edu/catalogs/25,2015,2015,historical_url_evidence_materialization,legacy_input_url,validated_human_legacy,True,_quarantine/policy_scraper_artifacts_20260702/artifacts/policy_data_internal/interim/legacy_evidence_links.csv,historical_attempt,0
152530,Taylor University,private,https://pillars.taylor.edu/catalogs/26,2016,2016,historical_url_evidence_materialization,legacy_input_url,validated_human_legacy,True,_quarantine/policy_scraper_artifacts_20260702/artifacts/policy_data_internal/interim/legacy_evidence_links.csv,historical_attempt,0
153658,University of Iowa,public,https://catalog.apus.edu/docs/apuscataloglibraries/pdfs/archive/undergraduate-catalog---2014-to-2015.pdf,2014,2015,historical_url_evidence_materialization,historical_lead_input_url,imported_llm_candidate_lead,False,_quarantine/policy_scraper_artifacts_20260702/artifacts/OLD_OUTPUT_ARCHIVES/policy_data_rebuild_archive_20260622_054122/outputs/step3_live_rebuilt_ledger/step3_suggestion_candidate_ledger.csv,historical_attempt,2
155025,EMPORIA STATE UNIVERSITY,public,https://drive.google.com/drive/folders/1ZPBPR8n4ITaoIfrVVOPmWrk5qnU2CfB1,2004,2004,historical_url_evidence_materialization,legacy_input_url,validated_human_legacy,True,_quarantine/policy_scraper_artifacts_20260702/artifacts/AUDIT_TRAILS/policy_data_internal_existing/90_INTERNAL_PIPELINE_ARTIFACTS/interim/archive/pre_namespace_run_20260609_production_namespace/legacy_evidence_links.csv,historical_discovery,0
155025,Emporia State University,public,https://clicktime.symantec.com/3W98gGZsknwkUV7RZ9KjcnL7Vc?u=http%3A%2F%2Fwww.esubulletin.com%2Fnews%2Fjust-add-water-scarcity-sends-school-scrambling%2Farticle_adfc4ae0-5a66-11ea-a329-ffc0260d9a4a.html,2005,2005,historical_url_evidence_materialization,historical_lead_input_url,historical_programmatic_lead,False,_quarantine/policy_scraper_artifacts_20260702/artifacts/PILOTS/url_discovery/pipeline_outputs/pilot_batch_010_dev_005/OUTPUT_urls_for_text_extraction.csv,historical_attempt,3
155025,Emporia State University,public,https://clicktime.symantec.com/3W98gGZsknwkUV7RZ9KjcnL7Vc?u=http%3A%2F%2Fwww.esubulletin.com%2Fnews%2Fjust-add-water-scarcity-sends-school-scrambling%2Farticle_adfc4ae0-5a66-11ea-a329-ffc0260d9a4a.html,2006,2006,historical_url_evidence_materialization,historical_lead_input_url,historical_programmatic_lead,False,_quarantine/policy_scraper_artifacts_20260702/artifacts/PILOTS/url_discovery/pipeline_outputs/pilot_batch_010_dev_005/OUTPUT_urls_for_text_extraction.csv,historical_attempt,3
155025,Emporia State University,public,https://clicktime.symantec.com/3W98gGZsknwkUV7RZ9KjcnL7Vc?u=http%3A%2F%2Fwww.esubulletin.com%2Fnews%2Fjust-add-water-scarcity-sends-school-scrambling%2Farticle_adfc4ae0-5a66-11ea-a329-ffc0260d9a4a.html,2007,2007,historical_url_evidence_materialization,historical_lead_input_url,historical_programmatic_lead,False,_quarantine/policy_scraper_artifacts_20260702/artifacts/PILOTS/url_discovery/pipeline_outputs/pilot_batch_010_dev_005/OUTPUT_urls_for_text_extraction.csv,historical_attempt,3
155025,Emporia State University,public,https://clicktime.symantec.com/3W98gGZsknwkUV7RZ9KjcnL7Vc?u=http%3A%2F%2Fwww.esubulletin.com%2Fnews%2Fjust-add-water-scarcity-sends-school-scrambling%2Farticle_adfc4ae0-5a66-11ea-a329-ffc0260d9a4a.html,2008,2008,historical_url_evidence_materialization,historical_lead_input_url,historical_programmatic_lead,False,_quarantine/policy_scraper_artifacts_20260702/artifacts/PILOTS/url_discovery/pipeline_outputs/pilot_batch_010_dev_005/OUTPUT_urls_for_text_extraction.csv,historical_attempt,3
155025,Emporia State University,public,https://clicktime.symantec.com/3W98gGZsknwkUV7RZ9KjcnL7Vc?u=http%3A%2F%2Fwww.esubulletin.com%2Fnews%2Fjust-add-water-scarcity-sends-school-scrambling%2Farticle_adfc4ae0-5a66-11ea-a329-ffc0260d9a4a.html,2009,2009,historical_url_evidence_materialization,historical_lead_input_url,historical_programmatic_lead,False,_quarantine/policy_scraper_artifacts_20260702/artifacts/PILOTS/url_discovery/pipeline_outputs/pilot_batch_010_dev_005/OUTPUT_urls_for_text_extraction.csv,historical_attempt,3
155025,Emporia State University,public,https://clicktime.symantec.com/3W98gGZsknwkUV7RZ9KjcnL7Vc?u=http%3A%2F%2Fwww.esubulletin.com%2Fnews%2Fjust-add-water-scarcity-sends-school-scrambling%2Farticle_adfc4ae0-5a66-11ea-a329-ffc0260d9a4a.html,2010,2010,historical_url_evidence_materialization,historical_lead_input_url,historical_programmatic_lead,False,_quarantine/policy_scraper_artifacts_20260702/artifacts/PILOTS/url_discovery/pipeline_outputs/pilot_batch_010_dev_005/OUTPUT_urls_for_text_extraction.csv,historical_attempt,3
155414,Kansas Wesleyan University,private,https://www.kwu.edu/wp-content/uploads/KWUFinal0708catalog.pdf,2007,2007,historical_url_evidence_materialization,historical_lead_input_url,imported_llm_candidate_lead,False,_quarantine/policy_scraper_artifacts_20260702/artifacts/AUDIT_TRAILS/policy_data_internal_existing/90_INTERNAL_PIPELINE_ARTIFACTS/audits/legacy_benchmark_current/private_step0_llm_suggestions_private_step0_llm_all374_v1.csv,historical_attempt,2
155414,Kansas Wesleyan University,private,https://www.kwu.edu/wp-content/uploads/KWUFinal0809catalog_0.pdf,2008,2008,historical_url_evidence_materialization,historical_lead_input_url,imported_llm_candidate_lead,False,_quarantine/policy_scraper_artifacts_20260702/artifacts/AUDIT_TRAILS/policy_data_internal_existing/90_INTERNAL_PIPELINE_ARTIFACTS/audits/legacy_benchmark_current/private_step0_llm_suggestions_private_step0_llm_all374_v1.csv,historical_attempt,2
155414,Kansas Wesleyan University,private,https://www.kwu.edu/wp-content/uploads/KWUFinal0910catalog_0.pdf,2009,2009,historical_url_evidence_materialization,historical_lead_input_url,imported_llm_candidate_lead,False,_quarantine/policy_scraper_artifacts_20260702/artifacts/AUDIT_TRAILS/policy_data_internal_existing/90_INTERNAL_PIPELINE_ARTIFACTS/audits/legacy_benchmark_current/private_step0_llm_suggestions_private_step0_llm_all374_v1.csv,historical_attempt,2
155414,Kansas Wesleyan University,private,https://www.kwu.edu/wp-content/uploads/KWUFinal1011catalog_0.pdf,2010,2010,historical_url_evidence_materialization,historical_lead_input_url,imported_llm_candidate_lead,False,_quarantine/policy_scraper_artifacts_20260702/artifacts/AUDIT_TRAILS/policy_data_internal_existing/90_INTERNAL_PIPELINE_ARTIFACTS/audits/legacy_benchmark_current/private_step0_llm_suggestions_private_step0_llm_all374_v1.csv,historical_attempt,2
155414,Kansas Wesleyan University,private,https://www.kwu.edu/wp-content/uploads/KWUFinalDraft1112catalog_0.pdf,2011,2011,historical_url_evidence_materialization,historical_lead_input_url,imported_llm_candidate_lead,False,_quarantine/policy_scraper_artifacts_20260702/artifacts/AUDIT_TRAILS/policy_data_internal_existing/90_INTERNAL_PIPELINE_ARTIFACTS/audits/legacy_benchmark_current/private_step0_llm_suggestions_private_step0_llm_all374_v1.csv,historical_attempt,2
155414,Kansas Wesleyan University,private,https://www.kwu.edu/wp-content/uploads/KWUFinalDraft1213catalog.pdf,2012,2012,historical_url_evidence_materialization,historical_lead_input_url,imported_llm_candidate_lead,False,_quarantine/policy_scraper_artifacts_20260702/artifacts/AUDIT_TRAILS/policy_data_internal_existing/90_INTERNAL_PIPELINE_ARTIFACTS/audits/legacy_benchmark_current/private_step0_llm_suggestions_private_step0_llm_all374_v1.csv,historical_attempt,2
155414,Kansas Wesleyan University,private,https://www.kwu.edu/wp-content/uploads/KWUFinal1314catalog-Revised-4.7.2014-for-ATrng-update.pdf,2014,2015,historical_url_evidence_materialization,historical_lead_input_url,imported_llm_candidate_lead,False,_quarantine/policy_scraper_artifacts_20260702/artifacts/AUDIT_TRAILS/policy_data_internal_existing/90_INTERNAL_PIPELINE_ARTIFACTS/audits/legacy_benchmark_current/private_step0_llm_suggestions_private_step0_llm_all374_v1.csv,historical_attempt,2
155414,Kansas Wesleyan University,private,https://www.kwu.edu/wp-content/uploads/1617-Catalog-Revision-7.7.2020.pdf,2020,2021,historical_url_evidence_materialization,historical_lead_input_url,imported_llm_candidate_lead,False,_quarantine/policy_scraper_artifacts_20260702/artifacts/AUDIT_TRAILS/policy_data_internal_existing/90_INTERNAL_PIPELINE_ARTIFACTS/audits/legacy_benchmark_current/private_step0_llm_suggestions_private_step0_llm_all374_v1.csv,historical_attempt,2
156620,EASTERN KENTUCKY UNIVERSITY,public,https://libguides.eku.edu/library,2002,2002,historical_url_evidence_materialization,legacy_input_url,prior_programmatic,True,_quarantine/policy_scraper_artifacts_20260702/artifacts/PILOTS/url_discovery/audit_trails/url_discovery_pilot_batch_010_regression_001/source_review_log.csv,historical_discovery,1
156620,EASTERN KENTUCKY UNIVERSITY,public,https://libguides.eku.edu/library,2003,2003,historical_url_evidence_materialization,legacy_input_url,prior_programmatic,True,_quarantine/policy_scraper_artifacts_20260702/artifacts/PILOTS/url_discovery/audit_trails/url_discovery_pilot_batch_010_regression_001/source_review_log.csv,historical_discovery,1
156620,EASTERN KENTUCKY UNIVERSITY,public,https://libguides.eku.edu/library,2004,2004,historical_url_evidence_materialization,legacy_input_url,prior_programmatic,True,_quarantine/policy_scraper_artifacts_20260702/artifacts/PILOTS/url_discovery/audit_trails/url_discovery_pilot_batch_010_regression_001/source_review_log.csv,historical_discovery,1
156620,Eastern Kentucky University,public,https://libguides.eku.edu/library,2005,2005,historical_url_evidence_materialization,legacy_input_url,prior_programmatic,True,_quarantine/policy_scraper_artifacts_20260702/artifacts/PILOTS/url_discovery/audit_trails/url_discovery_pilot_batch_010_regression_001/source_review_log.csv,historical_discovery,1
156620,Eastern Kentucky University,public,https://catalogs.eku.edu/,2006,2006,historical_url_evidence_materialization,legacy_input_url,validated_human_legacy,True,_quarantine/policy_scraper_artifacts_20260702/artifacts/AUDIT_TRAILS/policy_data_internal_existing/90_INTERNAL_PIPELINE_ARTIFACTS/interim/archive/pre_namespace_run_20260609_production_namespace/legacy_evidence_links.csv,historical_discovery,0
156620,Eastern Kentucky University,public,https://libguides.eku.edu/library,2007,2007,historical_url_evidence_materialization,legacy_input_url,prior_programmatic,True,_quarantine/policy_scraper_artifacts_20260702/artifacts/PILOTS/url_discovery/audit_trails/url_discovery_pilot_batch_010_regression_001/source_review_log.csv,historical_discovery,1
156620,Eastern Kentucky University,public,https://libguides.eku.edu/library,2008,2008,historical_url_evidence_materialization,legacy_input_url,prior_programmatic,True,_quarantine/policy_scraper_artifacts_20260702/artifacts/PILOTS/url_discovery/audit_trails/url_discovery_pilot_batch_010_regression_001/source_review_log.csv,historical_discovery,1
156620,Eastern Kentucky University,public,https://libguides.eku.edu/library,2009,2009,historical_url_evidence_materialization,legacy_input_url,prior_programmatic,True,_quarantine/policy_scraper_artifacts_20260702/artifacts/PILOTS/url_discovery/audit_trails/url_discovery_pilot_batch_010_regression_001/source_review_log.csv,historical_discovery,1
156620,Eastern Kentucky University,public,https://libguides.eku.edu/library,2010,2010,historical_url_evidence_materialization,legacy_input_url,prior_programmatic,True,_quarantine/policy_scraper_artifacts_20260702/artifacts/PILOTS/url_discovery/audit_trails/url_discovery_pilot_batch_010_regression_001/source_review_log.csv,historical_discovery,1
156620,Eastern Kentucky University,public,https://libguides.eku.edu/library,2011,2011,historical_url_evidence_materialization,legacy_input_url,prior_programmatic,True,_quarantine/policy_scraper_artifacts_20260702/artifacts/PILOTS/url_discovery/audit_trails/url_discovery_pilot_batch_010_regression_001/source_review_log.csv,historical_discovery,1
156620,Eastern Kentucky University,public,https://libguides.eku.edu/library,2012,2012,historical_url_evidence_materialization,legacy_input_url,prior_programmatic,True,_quarantine/policy_scraper_artifacts_20260702/artifacts/PILOTS/url_discovery/audit_trails/url_discovery_pilot_batch_010_regression_001/source_review_log.csv,historical_discovery,1
156620,Eastern Kentucky University,public,https://libguides.eku.edu/library,2013,2013,historical_url_evidence_materialization,legacy_input_url,prior_programmatic,True,_quarantine/policy_scraper_artifacts_20260702/artifacts/PILOTS/url_discovery/audit_trails/url_discovery_pilot_batch_010_regression_001/source_review_log.csv,historical_discovery,1
156620,Eastern Kentucky University,public,https://libguides.eku.edu/library,2014,2014,historical_url_evidence_materialization,legacy_input_url,prior_programmatic,True,_quarantine/policy_scraper_artifacts_20260702/artifacts/PILOTS/url_discovery/audit_trails/url_discovery_pilot_batch_010_regression_001/source_review_log.csv,historical_discovery,1
156620,Eastern Kentucky University,public,https://libguides.eku.edu/library,2015,2015,historical_url_evidence_materialization,legacy_input_url,prior_programmatic,True,_quarantine/policy_scraper_artifacts_20260702/artifacts/PILOTS/url_discovery/audit_trails/url_discovery_pilot_batch_010_regression_001/source_review_log.csv,historical_discovery,1
156620,Eastern Kentucky University,public,https://libguides.eku.edu/library,2016,2016,historical_url_evidence_materialization,legacy_input_url,prior_programmatic,True,_quarantine/policy_scraper_artifacts_20260702/artifacts/PILOTS/url_discovery/audit_trails/url_discovery_pilot_batch_010_regression_001/source_review_log.csv,historical_discovery,1
157058,KENTUCKY STATE UNIVERSITY,public,https://www.kysu.edu/academics/registrar/select-a-catalog.php,2003,2003,historical_url_evidence_materialization,legacy_input_url,validated_human_legacy,True,_quarantine/policy_scraper_artifacts_20260702/artifacts/AUDIT_TRAILS/policy_data_internal_existing/90_INTERNAL_PIPELINE_ARTIFACTS/interim/archive/pre_namespace_run_20260609_production_namespace/legacy_evidence_links.csv,historical_discovery,0
157386,MOREHEAD STATE UNIVERSITY,public,https://scholarworks.moreheadstate.edu/cgi/viewcontent.cgi?article=1001&context=msu_catalogs,2002,2002,historical_url_evidence_materialization,legacy_input_url,validated_human_legacy,True,_quarantine/policy_scraper_artifacts_20260702/artifacts/AUDIT_TRAILS/policy_data_internal_existing/90_INTERNAL_PIPELINE_ARTIFACTS/interim/archive/pre_namespace_run_20260609_production_namespace/legacy_evidence_links.csv,historical_discovery,0
159966,Nicholls State University,public,https://web.archive.org/web/20071005013518/http://www.nicholls.edu/catalog/,2007,2008,historical_url_evidence_materialization,historical_lead_input_url,imported_llm_candidate_lead,False,_quarantine/policy_scraper_artifacts_20260702/artifacts/OLD_OUTPUT_ARCHIVES/policy_data_rebuild_archive_20260622_054122/outputs/step3_live_rebuilt_ledger/step3_suggestion_candidate_ledger.csv,historical_attempt,2
159966,Nicholls State University,public,https://web.archive.org/web/20080929014606/http://www.nicholls.edu:80/catalog/2008-2009/html/college_of_arts_and_sciences/applied_sciences/,2008,2009,historical_url_evidence_materialization,historical_lead_input_url,imported_llm_candidate_lead,False,_quarantine/policy_scraper_artifacts_20260702/artifacts/OLD_OUTPUT_ARCHIVES/policy_data_rebuild_archive_20260622_054122/outputs/step3_live_rebuilt_ledger/step3_suggestion_candidate_ledger.csv,historical_attempt,2
159966,Nicholls State University,public,https://web.archive.org/web/20090904031554/http://www.nicholls.edu:80/catalog/,2009,2010,historical_url_evidence_materialization,historical_lead_input_url,imported_llm_candidate_lead,False,_quarantine/policy_scraper_artifacts_20260702/artifacts/OLD_OUTPUT_ARCHIVES/policy_data_rebuild_archive_20260622_054122/outputs/step3_live_rebuilt_ledger/step3_suggestion_candidate_ledger.csv,historical_attempt,2
159966,Nicholls State University,public,https://web.archive.org/web/20100904235239/http://www.nicholls.edu:80/catalog/,2010,2011,historical_url_evidence_materialization,historical_lead_input_url,imported_llm_candidate_lead,False,_quarantine/policy_scraper_artifacts_20260702/artifacts/OLD_OUTPUT_ARCHIVES/policy_data_rebuild_archive_20260622_054122/outputs/step3_live_rebuilt_ledger/step3_suggestion_candidate_ledger.csv,historical_attempt,2
159966,Nicholls State University,public,https://web.archive.org/web/20110922214455/http://www.nicholls.edu:80/catalog/,2011,2012,historical_url_evidence_materialization,historical_lead_input_url,imported_llm_candidate_lead,False,_quarantine/policy_scraper_artifacts_20260702/artifacts/OLD_OUTPUT_ARCHIVES/policy_data_rebuild_archive_20260622_054122/outputs/step3_live_rebuilt_ledger/step3_suggestion_candidate_ledger.csv,historical_attempt,2
159966,Nicholls State University,public,https://web.archive.org/web/20120922214455/http://www.nicholls.edu:80/catalog/,2012,2013,historical_url_evidence_materialization,historical_lead_input_url,imported_llm_candidate_lead,False,_quarantine/policy_scraper_artifacts_20260702/artifacts/OLD_OUTPUT_ARCHIVES/policy_data_rebuild_archive_20260622_054122/outputs/step3_live_rebuilt_ledger/step3_suggestion_candidate_ledger.csv,historical_attempt,2
159966,Nicholls State University,public,https://www.nicholls.edu/catalog-2013-2014/general_information/,2013,2014,historical_url_evidence_materialization,historical_lead_input_url,imported_llm_candidate_lead,False,_quarantine/policy_scraper_artifacts_20260702/artifacts/OLD_OUTPUT_ARCHIVES/policy_data_rebuild_archive_20260622_054122/outputs/step3_live_rebuilt_ledger/step3_suggestion_candidate_ledger.csv,historical_attempt,2
159966,Nicholls State University,public,https://www.nicholls.edu/catalog-2014-2015/general_information/,2014,2015,historical_url_evidence_materialization,historical_lead_input_url,imported_llm_candidate_lead,False,_quarantine/policy_scraper_artifacts_20260702/artifacts/OLD_OUTPUT_ARCHIVES/policy_data_rebuild_archive_20260622_054122/outputs/step3_live_rebuilt_ledger/step3_suggestion_candidate_ledger.csv,historical_attempt,2
159966,Nicholls State University,public,https://www.nicholls.edu/catalog-2015-2016/,2015,2016,historical_url_evidence_materialization,historical_lead_input_url,imported_llm_candidate_lead,False,_quarantine/policy_scraper_artifacts_20260702/artifacts/AUDIT_TRAILS/policy_data_internal_existing/90_INTERNAL_PIPELINE_ARTIFACTS/audits/legacy_benchmark_current/public_fresh_ai_year_candidates_public_fresh_full_rank076_100_ai25_live.csv,historical_attempt,2
159966,Nicholls State University,public,https://www.nicholls.edu/catalog-2016-2017/,2016,2017,historical_url_evidence_materialization,historical_lead_input_url,imported_llm_candidate_lead,False,_quarantine/policy_scraper_artifacts_20260702/artifacts/AUDIT_TRAILS/policy_data_internal_existing/90_INTERNAL_PIPELINE_ARTIFACTS/audits/legacy_benchmark_current/public_fresh_ai_year_candidates_public_fresh_full_rank076_100_ai25_live.csv,historical_attempt,2
161244,University of Maine at Machias,public,https://machias.edu/academics/wp-content/uploads/sites/16/2020/01/catalog_0709.pdf,2020,2021,historical_url_evidence_materialization,legacy_input_url,validated_human_legacy,True,_quarantine/policy_scraper_artifacts_20260702/artifacts/AUDIT_TRAILS/policy_data_internal_existing/90_INTERNAL_PIPELINE_ARTIFACTS/interim/archive/pre_namespace_run_20260609_production_namespace/legacy_evidence_links.csv,historical_discovery,0
161244,University of Maine at Machias,public,https://machias.edu/academics/wp-content/uploads/sites/16/2020/01/catalog_0709.pdf,2020,2021,historical_url_evidence_materialization,historical_lead_input_url,imported_llm_candidate_lead,False,_quarantine/policy_scraper_artifacts_20260702/artifacts/OLD_OUTPUT_ARCHIVES/policy_data_rebuild_archive_20260622_054122/outputs/step3_live_rebuilt_ledger/step3_suggestion_candidate_ledger.csv,historical_attempt,2
161341,University of Maine at Presque Isle,public,https://www.umpi.edu/files/academics/programs/Full_Catalogues/,2008,2008,historical_url_evidence_materialization,legacy_input_url,validated_human_legacy,True,_quarantine/policy_scraper_artifacts_20260702/artifacts/AUDIT_TRAILS/policy_data_internal_existing/90_INTERNAL_PIPELINE_ARTIFACTS/interim/archive/pre_namespace_run_20260609_production_namespace/legacy_evidence_links.csv,historical_discovery,0
161341,University of Maine at Presque Isle,public,https://www.umpi.edu/files/academics/programs/Full_Catalogues/course-catalogue_2009-2010.pdf,2009,2010,historical_url_evidence_materialization,historical_lead_input_url,imported_llm_candidate_lead,False,_quarantine/policy_scraper_artifacts_20260702/artifacts/OLD_OUTPUT_ARCHIVES/policy_data_rebuild_archive_20260622_054122/outputs/step3_live_rebuilt_ledger/step3_suggestion_candidate_ledger.csv,historical_attempt,2
161341,University of Maine at Presque Isle,public,https://www.umpi.edu/files/academics/programs/Full_Catalogues/course-catalogue_2010-2011.pdf,2010,2011,historical_url_evidence_materialization,historical_lead_input_url,imported_llm_candidate_lead,False,_quarantine/policy_scraper_artifacts_20260702/artifacts/OLD_OUTPUT_ARCHIVES/policy_data_rebuild_archive_20260622_054122/outputs/step3_live_rebuilt_ledger/step3_suggestion_candidate_ledger.csv,historical_attempt,2
161341,University of Maine at Presque Isle,public,https://www.umpi.edu/files/academics/programs/Full_Catalogues/course-catalogue_2011-2012.pdf,2011,2012,historical_url_evidence_materialization,historical_lead_input_url,imported_llm_candidate_lead,False,_quarantine/policy_scraper_artifacts_20260702/artifacts/OLD_OUTPUT_ARCHIVES/policy_data_rebuild_archive_20260622_054122/outputs/step3_live_rebuilt_ledger/step3_suggestion_candidate_ledger.csv,historical_attempt,2
161341,University of Maine at Presque Isle,public,https://www.umpi.edu/files/academics/programs/Full_Catalogues/course-catalogue_2012-2013.pdf,2012,2013,historical_url_evidence_materialization,historical_lead_input_url,imported_llm_candidate_lead,False,_quarantine/policy_scraper_artifacts_20260702/artifacts/OLD_OUTPUT_ARCHIVES/policy_data_rebuild_archive_20260622_054122/outputs/step3_live_rebuilt_ledger/step3_suggestion_candidate_ledger.csv,historical_attempt,2
161341,University of Maine at Presque Isle,public,https://www.umpi.edu/files/academics/programs/Full_Catalogues/course-catalogue_2013-2014.pdf,2013,2014,historical_url_evidence_materialization,historical_lead_input_url,imported_llm_candidate_lead,False,_quarantine/policy_scraper_artifacts_20260702/artifacts/OLD_OUTPUT_ARCHIVES/policy_data_rebuild_archive_20260622_054122/outputs/step3_live_rebuilt_ledger/step3_suggestion_candidate_ledger.csv,historical_attempt,2
161341,University of Maine at Presque Isle,public,https://www.umpi.edu/files/academics/programs/Full_Catalogues/course-catalogue_2014-2015.pdf,2014,2015,historical_url_evidence_materialization,historical_lead_input_url,imported_llm_candidate_lead,False,_quarantine/policy_scraper_artifacts_20260702/artifacts/OLD_OUTPUT_ARCHIVES/policy_data_rebuild_archive_20260622_054122/outputs/step3_live_rebuilt_ledger/step3_suggestion_candidate_ledger.csv,historical_attempt,2
161341,University of Maine at Presque Isle,public,https://www.umpi.edu/files/academics/programs/Full_Catalogues/course-catalogue_2015-2016.pdf,2015,2016,historical_url_evidence_materialization,historical_lead_input_url,imported_llm_candidate_lead,False,_quarantine/policy_scraper_artifacts_20260702/artifacts/OLD_OUTPUT_ARCHIVES/policy_data_rebuild_archive_20260622_054122/outputs/step3_live_rebuilt_ledger/step3_suggestion_candidate_ledger.csv,historical_attempt,2
161341,University of Maine at Presque Isle,public,https://www.umpi.edu/files/academics/programs/Full_Catalogues/course-catalogue_2016-2017.pdf,2016,2017,historical_url_evidence_materialization,historical_lead_input_url,imported_llm_candidate_lead,False,_quarantine/policy_scraper_artifacts_20260702/artifacts/OLD_OUTPUT_ARCHIVES/policy_data_rebuild_archive_20260622_054122/outputs/step3_live_rebuilt_ledger/step3_suggestion_candidate_ledger.csv,historical_attempt,2
163046,Loyola University Maryland,private,https://catalogue.loyola.edu/content.php?catoid=3&navoid=131,2015,2015,historical_url_evidence_materialization,legacy_input_url,validated_human_legacy,True,_quarantine/policy_scraper_artifacts_20260702/artifacts/AUDIT_TRAILS/policy_data_internal_existing/90_INTERNAL_PIPELINE_ARTIFACTS/interim/archive/pre_namespace_run_20260609_production_namespace/legacy_evidence_links.csv,historical_discovery,0
163046,Loyola University Maryland,private,https://catalogue.loyola.edu/content.php?catoid=8&navoid=292,2016,2016,historical_url_evidence_materialization,legacy_input_url,validated_human_legacy,True,_quarantine/policy_scraper_artifacts_20260702/artifacts/AUDIT_TRAILS/policy_data_internal_existing/90_INTERNAL_PIPELINE_ARTIFACTS/interim/archive/pre_namespace_run_20260609_production_namespace/legacy_evidence_links.csv,historical_discovery,0
163204,UNIVERSITY OF MARYLAND-UNIVERSITY COLLEGE,public,https://asia.umgc.edu/content/dam/umgc-asia/documents/upload/catalog/2002-03-UMUC-Asia-Undergraduate-Catalog.pdf,2002,2003,historical_url_evidence_materialization,historical_lead_input_url,imported_llm_candidate_lead,False,_quarantine/policy_scraper_artifacts_20260702/artifacts/AUDIT_TRAILS/policy_data_internal_existing/90_INTERNAL_PIPELINE_ARTIFACTS/interim/public_fresh_ai_year_candidates_public_fresh_full_next50_ai25_live.csv,historical_attempt,2
163204,UNIVERSITY OF MARYLAND-UNIVERSITY COLLEGE,public,https://asia.umgc.edu/content/dam/umgc-asia/documents/upload/catalog/2003-04-UMUC-Asia-Undergraduate-Catalog.pdf,2003,2004,historical_url_evidence_materialization,historical_lead_input_url,imported_llm_candidate_lead,False,_quarantine/policy_scraper_artifacts_20260702/artifacts/AUDIT_TRAILS/policy_data_internal_existing/90_INTERNAL_PIPELINE_ARTIFACTS/interim/public_fresh_ai_year_candidates_public_fresh_full_next50_ai25_live.csv,historical_attempt,2
163204,UNIVERSITY OF MARYLAND-UNIVERSITY COLLEGE,public,https://asia.umgc.edu/content/dam/umgc-asia/documents/upload/catalog/2004-05-UMUC-Asia-Undergraduate-Catalog.pdf,2004,2005,historical_url_evidence_materialization,historical_lead_input_url,imported_llm_candidate_lead,False,_quarantine/policy_scraper_artifacts_20260702/artifacts/AUDIT_TRAILS/policy_data_internal_existing/90_INTERNAL_PIPELINE_ARTIFACTS/interim/public_fresh_ai_year_candidates_public_fresh_full_next50_ai25_live.csv,historical_attempt,2
163204,University of Maryland-University College,public,https://asia.umgc.edu/content/dam/umgc-asia/documents/upload/catalog/2005-06-UMUC-Asia-Undergraduate-Catalog.pdf,2005,2006,historical_url_evidence_materialization,historical_lead_input_url,imported_llm_candidate_lead,False,_quarantine/policy_scraper_artifacts_20260702/artifacts/AUDIT_TRAILS/policy_data_internal_existing/90_INTERNAL_PIPELINE_ARTIFACTS/interim/public_fresh_ai_year_candidates_public_fresh_full_next50_ai25_live.csv,historical_attempt,2
163204,University of Maryland-University College,public,https://asia.umgc.edu/content/dam/umgc-asia/documents/upload/catalog/2006-07-UMUC-Asia-Undergraduate-Catalog.pdf,2006,2007,historical_url_evidence_materialization,historical_lead_input_url,imported_llm_candidate_lead,False,_quarantine/policy_scraper_artifacts_20260702/artifacts/AUDIT_TRAILS/policy_data_internal_existing/90_INTERNAL_PIPELINE_ARTIFACTS/interim/public_fresh_ai_year_candidates_public_fresh_full_next50_ai25_live.csv,historical_attempt,2
163204,University of Maryland-University College,public,https://asia.umgc.edu/content/dam/umgc-asia/documents/upload/catalog/2007-08-UMUC-Asia-Undergraduate-Catalog.pdf,2007,2008,historical_url_evidence_materialization,historical_lead_input_url,imported_llm_candidate_lead,False,_quarantine/policy_scraper_artifacts_20260702/artifacts/AUDIT_TRAILS/policy_data_internal_existing/90_INTERNAL_PIPELINE_ARTIFACTS/interim/public_fresh_ai_year_candidates_public_fresh_full_next50_ai25_live.csv,historical_attempt,2
163204,University of Maryland-University College,public,https://asia.umgc.edu/content/dam/umgc-asia/documents/upload/catalog/2008-09-UMUC-Asia-Undergraduate-Catalog.pdf,2008,2009,historical_url_evidence_materialization,historical_lead_input_url,imported_llm_candidate_lead,False,_quarantine/policy_scraper_artifacts_20260702/artifacts/AUDIT_TRAILS/policy_data_internal_existing/90_INTERNAL_PIPELINE_ARTIFACTS/interim/public_fresh_ai_year_candidates_public_fresh_full_next50_ai25_live.csv,historical_attempt,2
163204,University of Maryland-University College,public,https://asia.umgc.edu/content/dam/umgc-asia/documents/upload/catalog/2009-10-UMUC-Asia-Undergraduate-Catalog.pdf,2009,2010,historical_url_evidence_materialization,historical_lead_input_url,imported_llm_candidate_lead,False,_quarantine/policy_scraper_artifacts_20260702/artifacts/AUDIT_TRAILS/policy_data_internal_existing/90_INTERNAL_PIPELINE_ARTIFACTS/interim/public_fresh_ai_year_candidates_public_fresh_full_next50_ai25_live.csv,historical_attempt,2
163204,University of Maryland-University College,public,https://asia.umgc.edu/content/dam/umgc-asia/documents/upload/catalog/2010-11-UMUC-Asia-Undergraduate-Catalog.pdf,2010,2011,historical_url_evidence_materialization,historical_lead_input_url,imported_llm_candidate_lead,False,_quarantine/policy_scraper_artifacts_20260702/artifacts/AUDIT_TRAILS/policy_data_internal_existing/90_INTERNAL_PIPELINE_ARTIFACTS/interim/public_fresh_ai_year_candidates_public_fresh_full_next50_ai25_live.csv,historical_attempt,2
163204,University of Maryland-University College,public,https://asia.umgc.edu/content/dam/umgc-asia/documents/upload/catalog/2011-12-UMUC-Asia-Undergraduate-Catalog.pdf,2011,2012,historical_url_evidence_materialization,historical_lead_input_url,imported_llm_candidate_lead,False,_quarantine/policy_scraper_artifacts_20260702/artifacts/AUDIT_TRAILS/policy_data_internal_existing/90_INTERNAL_PIPELINE_ARTIFACTS/interim/public_fresh_ai_year_candidates_public_fresh_full_next50_ai25_live.csv,historical_attempt,2
163204,University of Maryland-University College,public,https://asia.umgc.edu/content/dam/umgc-asia/documents/upload/catalog/2012-13-UMUC-Asia-Undergraduate-Catalog.pdf,2012,2013,historical_url_evidence_materialization,historical_lead_input_url,imported_llm_candidate_lead,False,_quarantine/policy_scraper_artifacts_20260702/artifacts/AUDIT_TRAILS/policy_data_internal_existing/90_INTERNAL_PIPELINE_ARTIFACTS/interim/public_fresh_ai_year_candidates_public_fresh_full_next50_ai25_live.csv,historical_attempt,2
163204,University of Maryland-University College,public,https://asia.umgc.edu/content/dam/umgc-asia/documents/upload/catalog/2013-14-UMUC-Asia-Undergraduate-Catalog.pdf,2013,2014,historical_url_evidence_materialization,historical_lead_input_url,imported_llm_candidate_lead,False,_quarantine/policy_scraper_artifacts_20260702/artifacts/AUDIT_TRAILS/policy_data_internal_existing/90_INTERNAL_PIPELINE_ARTIFACTS/interim/public_fresh_ai_year_candidates_public_fresh_full_next50_ai25_live.csv,historical_attempt,2
163204,University of Maryland-University College,public,https://asia.umgc.edu/content/dam/umgc-asia/documents/upload/catalog/2014-15-UMUC-Asia-Undergraduate-Catalog.pdf,2014,2015,historical_url_evidence_materialization,historical_lead_input_url,imported_llm_candidate_lead,False,_quarantine/policy_scraper_artifacts_20260702/artifacts/AUDIT_TRAILS/policy_data_internal_existing/90_INTERNAL_PIPELINE_ARTIFACTS/interim/public_fresh_ai_year_candidates_public_fresh_full_next50_ai25_live.csv,historical_attempt,2
163204,University of Maryland-University College,public,https://asia.umgc.edu/content/dam/umgc-asia/documents/upload/catalog/2015-16-UMUC-Asia-Undergraduate-Catalog.pdf,2015,2016,historical_url_evidence_materialization,historical_lead_input_url,imported_llm_candidate_lead,False,_quarantine/policy_scraper_artifacts_20260702/artifacts/AUDIT_TRAILS/policy_data_internal_existing/90_INTERNAL_PIPELINE_ARTIFACTS/interim/public_fresh_ai_year_candidates_public_fresh_full_next50_ai25_live.csv,historical_attempt,2
163204,University of Maryland-University College,public,https://asia.umgc.edu/content/dam/umgc-asia/documents/upload/catalog/2016-17-UMUC-Asia-Undergraduate-Catalog.pdf,2016,2017,historical_url_evidence_materialization,historical_lead_input_url,imported_llm_candidate_lead,False,_quarantine/policy_scraper_artifacts_20260702/artifacts/AUDIT_TRAILS/policy_data_internal_existing/90_INTERNAL_PIPELINE_ARTIFACTS/interim/public_fresh_ai_year_candidates_public_fresh_full_next50_ai25_live.csv,historical_attempt,2
165024,BRIDGEWATER STATE COLLEGE,public,https://vc.bridgew.edu/bsc_catalogs/35/,2002,2002,historical_url_evidence_materialization,legacy_input_url,prior_programmatic,True,_quarantine/policy_scraper_artifacts_20260702/artifacts/PILOTS/url_discovery/audit_trails/url_discovery_pilot_batch_004/source_review_log.csv,historical_discovery,1
165024,BRIDGEWATER STATE COLLEGE,public,https://vc.bridgew.edu/bsc_catalogs/34/,2003,2003,historical_url_evidence_materialization,legacy_input_url,prior_programmatic,True,_quarantine/policy_scraper_artifacts_20260702/artifacts/PILOTS/url_discovery/audit_trails/url_discovery_pilot_batch_004/source_review_log.csv,historical_discovery,1
165024,BRIDGEWATER STATE COLLEGE,public,https://vc.bridgew.edu/bsc_catalogs/33/,2004,2004,historical_url_evidence_materialization,legacy_input_url,prior_programmatic,True,_quarantine/policy_scraper_artifacts_20260702/artifacts/PILOTS/url_discovery/audit_trails/url_discovery_pilot_batch_004/source_review_log.csv,historical_discovery,1
165024,Bridgewater State College,public,https://vc.bridgew.edu/bsc_catalogs/33/,2005,2005,historical_url_evidence_materialization,legacy_input_url,prior_programmatic,True,_quarantine/policy_scraper_artifacts_20260702/artifacts/PILOTS/url_discovery/audit_trails/url_discovery_pilot_batch_004/source_review_log.csv,historical_discovery,1
165024,Bridgewater State College,public,https://vc.bridgew.edu/bsc_catalogs/32/,2006,2006,historical_url_evidence_materialization,legacy_input_url,prior_programmatic,True,_quarantine/policy_scraper_artifacts_20260702/artifacts/PILOTS/url_discovery/audit_trails/url_discovery_pilot_batch_004/source_review_log.csv,historical_discovery,1
165024,Bridgewater State College,public,https://vc.bridgew.edu/bsc_catalogs/31/,2007,2007,historical_url_evidence_materialization,legacy_input_url,prior_programmatic,True,_quarantine/policy_scraper_artifacts_20260702/artifacts/PILOTS/url_discovery/audit_trails/url_discovery_pilot_batch_004/source_review_log.csv,historical_discovery,1
165024,Bridgewater State College,public,https://vc.bridgew.edu/bsc_catalogs/30/,2008,2008,historical_url_evidence_materialization,legacy_input_url,prior_programmatic,True,_quarantine/policy_scraper_artifacts_20260702/artifacts/PILOTS/url_discovery/audit_trails/url_discovery_pilot_batch_004/source_review_log.csv,historical_discovery,1
165024,Bridgewater State College,public,https://catalog.bridgew.edu/content.php?catoid=10&navoid=893,2009,2009,historical_url_evidence_materialization,historical_lead_input_url,historical_programmatic_lead,False,_quarantine/policy_scraper_artifacts_20260702/artifacts/PILOTS/url_discovery/pipeline_outputs/pilot_batch_004/OUTPUT_urls_for_text_extraction.csv,historical_attempt,3
165024,Bridgewater State University,public,https://web.archive.org/web/20101003150407/http://catalog.bridgew.edu:80/,2010,2011,historical_url_evidence_materialization,historical_lead_input_url,imported_llm_candidate_lead,False,_quarantine/policy_scraper_artifacts_20260702/artifacts/OLD_OUTPUT_ARCHIVES/policy_data_rebuild_archive_20260622_054122/outputs/step4_source_review/step4_suggestion_source_review.csv,historical_attempt,2
165024,Bridgewater State University,public,https://web.archive.org/web/20110921014755/http://catalog.bridgew.edu:80/,2011,2012,historical_url_evidence_materialization,historical_lead_input_url,imported_llm_candidate_lead,False,_quarantine/policy_scraper_artifacts_20260702/artifacts/OLD_OUTPUT_ARCHIVES/policy_data_rebuild_archive_20260622_054122/outputs/step4_source_review/step4_suggestion_source_review.csv,historical_attempt,2
165024,Bridgewater State University,public,https://web.archive.org/web/20110921014755/http://catalog.bridgew.edu:80/,2011,2012,historical_url_evidence_materialization,historical_lead_input_url,imported_llm_candidate_lead,False,_quarantine/policy_scraper_artifacts_20260702/artifacts/OLD_OUTPUT_ARCHIVES/policy_data_rebuild_archive_20260622_054122/outputs/step4_source_review/step4_suggestion_source_review.csv,historical_attempt,2
165334,CLARK UNIVERSITY,private,https://commons.clarku.edu/cgi/viewcontent.cgi?article=1009&context=coursecatalogs,2002,2002,historical_url_evidence_materialization,legacy_input_url,prior_programmatic,True,_quarantine/policy_scraper_artifacts_20260702/artifacts/PILOTS/url_discovery/audit_trails/url_discovery_pilot_batch_006_dev_001/source_review_log.csv,historical_discovery,1
165334,CLARK UNIVERSITY,private,https://commons.clarku.edu/cgi/viewcontent.cgi?article=1010&context=coursecatalogs,2003,2003,historical_url_evidence_materialization,legacy_input_url,prior_programmatic,True,_quarantine/policy_scraper_artifacts_20260702/artifacts/PILOTS/url_discovery/audit_trails/url_discovery_pilot_batch_006_dev_001/source_review_log.csv,historical_discovery,1
165334,CLARK UNIVERSITY,private,https://commons.clarku.edu/cgi/viewcontent.cgi?article=1011&context=coursecatalogs,2004,2004,historical_url_evidence_materialization,legacy_input_url,prior_programmatic,True,_quarantine/policy_scraper_artifacts_20260702/artifacts/PILOTS/url_discovery/audit_trails/url_discovery_pilot_batch_006_dev_001/source_review_log.csv,historical_discovery,1
165334,Clark University,private,https://commons.clarku.edu/cgi/viewcontent.cgi?article=1012&context=coursecatalogs,2005,2005,historical_url_evidence_materialization,legacy_input_url,prior_programmatic,True,_quarantine/policy_scraper_artifacts_20260702/artifacts/PILOTS/url_discovery/audit_trails/url_discovery_pilot_batch_006_dev_001/source_review_log.csv,historical_discovery,1
165334,Clark University,private,https://commons.clarku.edu/cgi/viewcontent.cgi?article=1013&context=coursecatalogs,2006,2006,historical_url_evidence_materialization,legacy_input_url,prior_programmatic,True,_quarantine/policy_scraper_artifacts_20260702/artifacts/PILOTS/url_discovery/audit_trails/url_discovery_pilot_batch_006_dev_001/source_review_log.csv,historical_discovery,1
165334,Clark University,private,https://commons.clarku.edu/cgi/viewcontent.cgi?article=1014&context=coursecatalogs,2007,2007,historical_url_evidence_materialization,legacy_input_url,prior_programmatic,True,_quarantine/policy_scraper_artifacts_20260702/artifacts/PILOTS/url_discovery/audit_trails/url_discovery_pilot_batch_006_dev_001/source_review_log.csv,historical_discovery,1
165334,Clark University,private,https://commons.clarku.edu/cgi/viewcontent.cgi?article=1015&context=coursecatalogs,2008,2008,historical_url_evidence_materialization,legacy_input_url,prior_programmatic,True,_quarantine/policy_scraper_artifacts_20260702/artifacts/PILOTS/url_discovery/audit_trails/url_discovery_pilot_batch_006_dev_001/source_review_log.csv,historical_discovery,1
165334,Clark University,private,https://catalog.clarku.edu/index.php?catoid=36,2009,2009,historical_url_evidence_materialization,legacy_input_url,prior_programmatic,True,_quarantine/policy_scraper_artifacts_20260702/artifacts/PILOTS/url_discovery/audit_trails/url_discovery_pilot_batch_006_dev_001/source_review_log.csv,historical_discovery,1
165334,Clark University,private,https://catalog.clarku.edu/content.php?catoid=1&navoid=20,2010,2010,historical_url_evidence_materialization,legacy_input_url,validated_human_legacy,True,_quarantine/policy_scraper_artifacts_20260702/artifacts/AUDIT_TRAILS/policy_data_internal_existing/90_INTERNAL_PIPELINE_ARTIFACTS/interim/archive/pre_namespace_run_20260609_production_namespace/legacy_evidence_links.csv,historical_discovery,0
165334,Clark University,private,https://catalog.clarku.edu/content.php?catoid=4&navoid=145,2011,2011,historical_url_evidence_materialization,legacy_input_url,validated_human_legacy,True,_quarantine/policy_scraper_artifacts_20260702/artifacts/AUDIT_TRAILS/policy_data_internal_existing/90_INTERNAL_PIPELINE_ARTIFACTS/interim/archive/pre_namespace_run_20260609_production_namespace/legacy_evidence_links.csv,historical_discovery,0
165334,Clark University,private,https://catalog.clarku.edu/content.php?catoid=7&navoid=243,2012,2012,historical_url_evidence_materialization,legacy_input_url,validated_human_legacy,True,_quarantine/policy_scraper_artifacts_20260702/artifacts/AUDIT_TRAILS/policy_data_internal_existing/90_INTERNAL_PIPELINE_ARTIFACTS/interim/archive/pre_namespace_run_20260609_production_namespace/legacy_evidence_links.csv,historical_discovery,0
165334,Clark University,private,https://catalog.clarku.edu/content.php?catoid=9&navoid=444#repeats,2013,2013,historical_url_evidence_materialization,legacy_input_url,validated_human_legacy,True,_quarantine/policy_scraper_artifacts_20260702/artifacts/AUDIT_TRAILS/policy_data_internal_existing/90_INTERNAL_PIPELINE_ARTIFACTS/interim/archive/pre_namespace_run_20260609_production_namespace/legacy_evidence_links.csv,historical_discovery,0
165334,Clark University,private,https://catalog.clarku.edu/content.php?catoid=13&navoid=756,2014,2014,historical_url_evidence_materialization,legacy_input_url,validated_human_legacy,True,_quarantine/policy_scraper_artifacts_20260702/artifacts/AUDIT_TRAILS/policy_data_internal_existing/90_INTERNAL_PIPELINE_ARTIFACTS/interim/archive/pre_namespace_run_20260609_production_namespace/legacy_evidence_links.csv,historical_discovery,0
165334,Clark University,private,https://catalog.clarku.edu/content.php?catoid=15&navoid=1149,2015,2015,historical_url_evidence_materialization,legacy_input_url,validated_human_legacy,True,_quarantine/policy_scraper_artifacts_20260702/artifacts/AUDIT_TRAILS/policy_data_internal_existing/90_INTERNAL_PIPELINE_ARTIFACTS/interim/archive/pre_namespace_run_20260609_production_namespace/legacy_evidence_links.csv,historical_discovery,0
165334,Clark University,private,https://catalog.clarku.edu/content.php?catoid=18&navoid=1352,2016,2016,historical_url_evidence_materialization,legacy_input_url,validated_human_legacy,True,_quarantine/policy_scraper_artifacts_20260702/artifacts/AUDIT_TRAILS/policy_data_internal_existing/90_INTERNAL_PIPELINE_ARTIFACTS/interim/archive/pre_namespace_run_20260609_production_namespace/legacy_evidence_links.csv,historical_discovery,0
165662,EMERSON COLLEGE,private,https://digitalcollections.emerson.edu/uncategorized/IO_aae7ca8e-a182-44fc-9c9a-4fa99fe6ed34/,2002,2002,historical_url_evidence_materialization,legacy_input_url,validated_human_legacy,True,_quarantine/policy_scraper_artifacts_20260702/artifacts/AUDIT_TRAILS/policy_data_internal_existing/90_INTERNAL_PIPELINE_ARTIFACTS/interim/archive/pre_namespace_run_20260609_production_namespace/legacy_evidence_links.csv,historical_discovery,0
165662,EMERSON COLLEGE,private,https://digitalcollections.emerson.edu/uncategorized/IO_a8eb082a-185d-48bb-81a1-0d929beb6e54/,2003,2003,historical_url_evidence_materialization,legacy_input_url,validated_human_legacy,True,_quarantine/policy_scraper_artifacts_20260702/artifacts/AUDIT_TRAILS/policy_data_internal_existing/90_INTERNAL_PIPELINE_ARTIFACTS/interim/archive/pre_namespace_run_20260609_production_namespace/legacy_evidence_links.csv,historical_discovery,0
165662,EMERSON COLLEGE,private,https://digitalcollections.emerson.edu/uncategorized/IO_ff593348-61dd-4506-95a0-680c00d3b7ed/,2004,2004,historical_url_evidence_materialization,legacy_input_url,validated_human_legacy,True,_quarantine/policy_scraper_artifacts_20260702/artifacts/AUDIT_TRAILS/policy_data_internal_existing/90_INTERNAL_PIPELINE_ARTIFACTS/interim/archive/pre_namespace_run_20260609_production_namespace/legacy_evidence_links.csv,historical_discovery,0
165662,Emerson College,private,https://digitalcollections.emerson.edu/uncategorized/IO_1bf81e94-e801-479a-890a-aec6193dd193/,2005,2005,historical_url_evidence_materialization,legacy_input_url,validated_human_legacy,True,_quarantine/policy_scraper_artifacts_20260702/artifacts/AUDIT_TRAILS/policy_data_internal_existing/90_INTERNAL_PIPELINE_ARTIFACTS/interim/archive/pre_namespace_run_20260609_production_namespace/legacy_evidence_links.csv,historical_discovery,0
165662,Emerson College,private,https://digitalcollections.emerson.edu/uncategorized/IO_f2b26f02-b968-4498-ac71-348e81b9fe42/,2006,2006,historical_url_evidence_materialization,legacy_input_url,validated_human_legacy,True,_quarantine/policy_scraper_artifacts_20260702/artifacts/AUDIT_TRAILS/policy_data_internal_existing/90_INTERNAL_PIPELINE_ARTIFACTS/interim/archive/pre_namespace_run_20260609_production_namespace/legacy_evidence_links.csv,historical_discovery,0
165662,Emerson College,private,https://digitalcollections.emerson.edu/uncategorized/IO_24015ac7-df79-40d7-bd1a-20934b3cd30d/,2007,2007,historical_url_evidence_materialization,legacy_input_url,validated_human_legacy,True,_quarantine/policy_scraper_artifacts_20260702/artifacts/AUDIT_TRAILS/policy_data_internal_existing/90_INTERNAL_PIPELINE_ARTIFACTS/interim/archive/pre_namespace_run_20260609_production_namespace/legacy_evidence_links.csv,historical_discovery,0
165662,Emerson College,private,https://digitalcollections.emerson.edu/uncategorized/IO_5a6638f3-9b57-491e-8845-d5ae4a069661/,2008,2008,historical_url_evidence_materialization,legacy_input_url,validated_human_legacy,True,_quarantine/policy_scraper_artifacts_20260702/artifacts/AUDIT_TRAILS/policy_data_internal_existing/90_INTERNAL_PIPELINE_ARTIFACTS/interim/archive/pre_namespace_run_20260609_production_namespace/legacy_evidence_links.csv,historical_discovery,0
165662,Emerson College,private,https://digitalcollections.emerson.edu/uncategorized/IO_14cd0a0f-160b-488a-9538-da30e2477446/,2009,2009,historical_url_evidence_materialization,legacy_input_url,validated_human_legacy,True,_quarantine/policy_scraper_artifacts_20260702/artifacts/AUDIT_TRAILS/policy_data_internal_existing/90_INTERNAL_PIPELINE_ARTIFACTS/interim/archive/pre_namespace_run_20260609_production_namespace/legacy_evidence_links.csv,historical_discovery,0
165662,Emerson College,private,https://digitalcollections.emerson.edu/uncategorized/IO_d60c278a-b434-4b28-b8cb-3003e967e0a9/,2010,2010,historical_url_evidence_materialization,legacy_input_url,validated_human_legacy,True,_quarantine/policy_scraper_artifacts_20260702/artifacts/AUDIT_TRAILS/policy_data_internal_existing/90_INTERNAL_PIPELINE_ARTIFACTS/interim/archive/pre_namespace_run_20260609_production_namespace/legacy_evidence_links.csv,historical_discovery,0
165662,Emerson College,private,https://digitalcollections.emerson.edu/uncategorized/IO_a009cd40-4deb-4f5b-927b-097fd950fc8c/,2011,2011,historical_url_evidence_materialization,legacy_input_url,validated_human_legacy,True,_quarantine/policy_scraper_artifacts_20260702/artifacts/AUDIT_TRAILS/policy_data_internal_existing/90_INTERNAL_PIPELINE_ARTIFACTS/interim/archive/pre_namespace_run_20260609_production_namespace/legacy_evidence_links.csv,historical_discovery,0
165662,Emerson College,private,https://digitalcollections.emerson.edu/uncategorized/IO_e55de047-85e5-4529-8477-c25cad245a8a/,2012,2012,historical_url_evidence_materialization,legacy_input_url,validated_human_legacy,True,_quarantine/policy_scraper_artifacts_20260702/artifacts/AUDIT_TRAILS/policy_data_internal_existing/90_INTERNAL_PIPELINE_ARTIFACTS/interim/archive/pre_namespace_run_20260609_production_namespace/legacy_evidence_links.csv,historical_discovery,0
165662,Emerson College,private,https://digitalcollections.emerson.edu/uncategorized/IO_2c4fb532-2ff1-4725-904f-1160300ab0cf/,2013,2013,historical_url_evidence_materialization,legacy_input_url,validated_human_legacy,True,_quarantine/policy_scraper_artifacts_20260702/artifacts/AUDIT_TRAILS/policy_data_internal_existing/90_INTERNAL_PIPELINE_ARTIFACTS/interim/archive/pre_namespace_run_20260609_production_namespace/legacy_evidence_links.csv,historical_discovery,0
165662,Emerson College,private,https://digitalcollections.emerson.edu/uncategorized/IO_acd4c2eb-53aa-4e50-8385-ff8c5ed012ba/,2014,2014,historical_url_evidence_materialization,legacy_input_url,validated_human_legacy,True,_quarantine/policy_scraper_artifacts_20260702/artifacts/AUDIT_TRAILS/policy_data_internal_existing/90_INTERNAL_PIPELINE_ARTIFACTS/interim/archive/pre_namespace_run_20260609_production_namespace/legacy_evidence_links.csv,historical_discovery,0
165662,Emerson College,private,https://digitalcollections.emerson.edu/uncategorized/IO_392b0566-6808-40ef-a8e8-6f81867679cf/,2015,2015,historical_url_evidence_materialization,legacy_input_url,validated_human_legacy,True,_quarantine/policy_scraper_artifacts_20260702/artifacts/AUDIT_TRAILS/policy_data_internal_existing/90_INTERNAL_PIPELINE_ARTIFACTS/interim/archive/pre_namespace_run_20260609_production_namespace/legacy_evidence_links.csv,historical_discovery,0
165662,Emerson College,private,https://digitalcollections.emerson.edu/uncategorized/IO_5fd88bca-97ec-43f4-960c-565eee3efba1/,2016,2016,historical_url_evidence_materialization,legacy_input_url,validated_human_legacy,True,_quarantine/policy_scraper_artifacts_20260702/artifacts/AUDIT_TRAILS/policy_data_internal_existing/90_INTERNAL_PIPELINE_ARTIFACTS/interim/archive/pre_namespace_run_20260609_production_namespace/legacy_evidence_links.csv,historical_discovery,0
165699,Endicott College,private,https://catalog.endicott.edu/content.php?catoid=2&navoid=30#repe_cour,2005,2005,historical_url_evidence_materialization,legacy_input_url,validated_human_legacy,True,_quarantine/policy_scraper_artifacts_20260702/artifacts/AUDIT_TRAILS/policy_data_internal_existing/90_INTERNAL_PIPELINE_ARTIFACTS/interim/archive/pre_namespace_run_20260609_production_namespace/legacy_evidence_links.csv,historical_discovery,0
165699,Endicott College,private,https://catalog.endicott.edu/content.php?catoid=6&navoid=95#repe_cour,2006,2006,historical_url_evidence_materialization,legacy_input_url,validated_human_legacy,True,_quarantine/policy_scraper_artifacts_20260702/artifacts/AUDIT_TRAILS/policy_data_internal_existing/90_INTERNAL_PIPELINE_ARTIFACTS/interim/archive/pre_namespace_run_20260609_production_namespace/legacy_evidence_links.csv,historical_discovery,0
165699,Endicott College,private,https://catalog.endicott.edu/content.php?catoid=7&navoid=110#repe_cour,2007,2007,historical_url_evidence_materialization,legacy_input_url,validated_human_legacy,True,_quarantine/policy_scraper_artifacts_20260702/artifacts/AUDIT_TRAILS/policy_data_internal_existing/90_INTERNAL_PIPELINE_ARTIFACTS/interim/archive/pre_namespace_run_20260609_production_namespace/legacy_evidence_links.csv,historical_discovery,0
165699,Endicott College,private,https://catalog.endicott.edu/content.php?catoid=10&navoid=157#repe_cour,2008,2008,historical_url_evidence_materialization,legacy_input_url,validated_human_legacy,True,_quarantine/policy_scraper_artifacts_20260702/artifacts/AUDIT_TRAILS/policy_data_internal_existing/90_INTERNAL_PIPELINE_ARTIFACTS/interim/archive/pre_namespace_run_20260609_production_namespace/legacy_evidence_links.csv,historical_discovery,0
165699,Endicott College,private,https://catalog.endicott.edu/content.php?catoid=12&navoid=299#repe_cour,2009,2009,historical_url_evidence_materialization,legacy_input_url,validated_human_legacy,True,_quarantine/policy_scraper_artifacts_20260702/artifacts/AUDIT_TRAILS/policy_data_internal_existing/90_INTERNAL_PIPELINE_ARTIFACTS/interim/archive/pre_namespace_run_20260609_production_namespace/legacy_evidence_links.csv,historical_discovery,0
165699,Endicott College,private,https://catalog.endicott.edu/content.php?catoid=14&navoid=374#repe_cour,2010,2010,historical_url_evidence_materialization,legacy_input_url,validated_human_legacy,True,_quarantine/policy_scraper_artifacts_20260702/artifacts/AUDIT_TRAILS/policy_data_internal_existing/90_INTERNAL_PIPELINE_ARTIFACTS/interim/archive/pre_namespace_run_20260609_production_namespace/legacy_evidence_links.csv,historical_discovery,0
165699,Endicott College,private,https://catalog.endicott.edu/content.php?catoid=18&navoid=488,2011,2011,historical_url_evidence_materialization,legacy_input_url,validated_human_legacy,True,_quarantine/policy_scraper_artifacts_20260702/artifacts/AUDIT_TRAILS/policy_data_internal_existing/90_INTERNAL_PIPELINE_ARTIFACTS/interim/archive/pre_namespace_run_20260609_production_namespace/legacy_evidence_links.csv,historical_discovery,0
165699,Endicott College,private,https://catalog.endicott.edu/content.php?catoid=21&navoid=606,2012,2012,historical_url_evidence_materialization,legacy_input_url,validated_human_legacy,True,_quarantine/policy_scraper_artifacts_20260702/artifacts/AUDIT_TRAILS/policy_data_internal_existing/90_INTERNAL_PIPELINE_ARTIFACTS/interim/archive/pre_namespace_run_20260609_production_namespace/legacy_evidence_links.csv,historical_discovery,0
165699,Endicott College,private,https://catalog.endicott.edu/content.php?catoid=23&navoid=694,2013,2013,historical_url_evidence_materialization,legacy_input_url,validated_human_legacy,True,_quarantine/policy_scraper_artifacts_20260702/artifacts/AUDIT_TRAILS/policy_data_internal_existing/90_INTERNAL_PIPELINE_ARTIFACTS/interim/archive/pre_namespace_run_20260609_production_namespace/legacy_evidence_links.csv,historical_discovery,0
165699,Endicott College,private,https://catalog.endicott.edu/content.php?catoid=25&navoid=817,2014,2014,historical_url_evidence_materialization,legacy_input_url,validated_human_legacy,True,_quarantine/policy_scraper_artifacts_20260702/artifacts/AUDIT_TRAILS/policy_data_internal_existing/90_INTERNAL_PIPELINE_ARTIFACTS/interim/archive/pre_namespace_run_20260609_production_namespace/legacy_evidence_links.csv,historical_discovery,0
165699,Endicott College,private,https://catalog.endicott.edu/content.php?catoid=28&navoid=920,2015,2015,historical_url_evidence_materialization,legacy_input_url,validated_human_legacy,True,_quarantine/policy_scraper_artifacts_20260702/artifacts/AUDIT_TRAILS/policy_data_internal_existing/90_INTERNAL_PIPELINE_ARTIFACTS/interim/archive/pre_namespace_run_20260609_production_namespace/legacy_evidence_links.csv,historical_discovery,0
165699,Endicott College,private,https://catalog.endicott.edu/content.php?catoid=30&navoid=993,2016,2016,historical_url_evidence_materialization,legacy_input_url,validated_human_legacy,True,_quarantine/policy_scraper_artifacts_20260702/artifacts/AUDIT_TRAILS/policy_data_internal_existing/90_INTERNAL_PIPELINE_ARTIFACTS/interim/archive/pre_namespace_run_20260609_production_namespace/legacy_evidence_links.csv,historical_discovery,0
166513,University of Massachusetts-Lowell,public,https://www.uml.edu/resources/catalog-archive/catalog_ay06/undergraduate/policies/repeated_coursework-course_deletions.htm,2005,2005,historical_url_evidence_materialization,legacy_input_url,validated_human_legacy,True,_quarantine/policy_scraper_artifacts_20260702/artifacts/AUDIT_TRAILS/policy_data_internal_existing/90_INTERNAL_PIPELINE_ARTIFACTS/interim/archive/pre_namespace_run_20260609_production_namespace/legacy_evidence_links.csv,historical_discovery,0
166513,University of Massachusetts-Lowell,public,https://www.uml.edu/resources/catalog-archive/catalog_ay07/undergraduate/policies/repeated_coursework-course_deletions.htm,2006,2006,historical_url_evidence_materialization,legacy_input_url,validated_human_legacy,True,_quarantine/policy_scraper_artifacts_20260702/artifacts/AUDIT_TRAILS/policy_data_internal_existing/90_INTERNAL_PIPELINE_ARTIFACTS/interim/archive/pre_namespace_run_20260609_production_namespace/legacy_evidence_links.csv,historical_discovery,0
166513,University of Massachusetts-Lowell,public,https://www.uml.edu/resources/catalog-archive/catalog_ay07/undergraduate/policies/repeated_coursework-course_deletions.htm,2007,2007,historical_url_evidence_materialization,historical_lead_input_url,imported_llm_candidate_lead,False,_quarantine/policy_scraper_artifacts_20260702/artifacts/OLD_OUTPUT_ARCHIVES/policy_data_rebuild_archive_20260622_054122/outputs/step3_live_rebuilt_ledger/step3_suggestion_candidate_ledger.csv,historical_attempt,2
166629,University of Massachusetts Amherst,public,http://www.umass.edu/ug_programguide/index-2010-2011.html,2010,2011,historical_url_evidence_materialization,historical_lead_input_url,imported_llm_candidate_lead,False,_quarantine/policy_scraper_artifacts_20260702/artifacts/AUDIT_TRAILS/policy_data_internal_existing/90_INTERNAL_PIPELINE_ARTIFACTS/audits/legacy_benchmark_current/public_fresh_ai_year_candidates_public_fresh_full_rank076_100_ai25_live.csv,historical_attempt,2
166629,University of Massachusetts Amherst,public,https://catalog.umass.edu/,2011,2011,historical_url_evidence_materialization,historical_lead_input_url,imported_llm_candidate_lead,False,_quarantine/policy_scraper_artifacts_20260702/artifacts/AUDIT_TRAILS/policy_data_internal_existing/90_INTERNAL_PIPELINE_ARTIFACTS/interim/public_fresh_ai_year_candidates_public_fresh_full_next50_ai25_live.csv,historical_attempt,2
166629,University of Massachusetts Amherst,public,https://catalog.umass.edu/,2012,2012,historical_url_evidence_materialization,historical_lead_input_url,imported_llm_candidate_lead,False,_quarantine/policy_scraper_artifacts_20260702/artifacts/AUDIT_TRAILS/policy_data_internal_existing/90_INTERNAL_PIPELINE_ARTIFACTS/interim/public_fresh_ai_year_candidates_public_fresh_full_next50_ai25_live.csv,historical_attempt,2
166629,University of Massachusetts-Amherst,public,https://catalog.umass.edu/,2013,2013,historical_url_evidence_materialization,historical_lead_input_url,imported_llm_candidate_lead,False,_quarantine/policy_scraper_artifacts_20260702/artifacts/AUDIT_TRAILS/policy_data_internal_existing/90_INTERNAL_PIPELINE_ARTIFACTS/interim/public_fresh_ai_year_candidates_public_fresh_full_next50_ai25_live.csv,historical_attempt,2
166629,University of Massachusetts-Amherst,public,http://catalog.umes.edu/index.php?catoid=14,2014,2014,historical_url_evidence_materialization,historical_lead_input_url,imported_llm_candidate_lead,False,_quarantine/policy_scraper_artifacts_20260702/artifacts/OLD_OUTPUT_ARCHIVES/policy_data_rebuild_archive_20260622_054122/outputs/step3_live_rebuilt_ledger/step3_suggestion_candidate_ledger.csv,historical_attempt,2
166629,University of Massachusetts-Amherst,public,http://catalog.umes.edu/index.php?catoid=4,2015,2015,historical_url_evidence_materialization,historical_lead_input_url,imported_llm_candidate_lead,False,_quarantine/policy_scraper_artifacts_20260702/artifacts/OLD_OUTPUT_ARCHIVES/policy_data_rebuild_archive_20260622_054122/outputs/step3_live_rebuilt_ledger/step3_suggestion_candidate_ledger.csv,historical_attempt,2
166629,University of Massachusetts-Amherst,public,http://catalog.umes.edu/index.php?catoid=3,2016,2016,historical_url_evidence_materialization,historical_lead_input_url,imported_llm_candidate_lead,False,_quarantine/policy_scraper_artifacts_20260702/artifacts/OLD_OUTPUT_ARCHIVES/policy_data_rebuild_archive_20260622_054122/outputs/step3_live_rebuilt_ledger/step3_suggestion_candidate_ledger.csv,historical_attempt,2
166674,Massachusetts College of Art and Design,public,http://academic-catalog.massart.edu/index.php,2012,2012,historical_url_evidence_materialization,legacy_input_url,validated_human_legacy,True,_quarantine/policy_scraper_artifacts_20260702/artifacts/AUDIT_TRAILS/policy_data_internal_existing/90_INTERNAL_PIPELINE_ARTIFACTS/interim/archive/pre_namespace_run_20260609_production_namespace/legacy_evidence_links.csv,historical_discovery,0
166692,Massachusetts Maritime Academy,public,https://drive.google.com/file/d/1TSgVineTrMhFw3LF3OChdnyKsJxUrcYB/view,2012,2012,historical_url_evidence_materialization,legacy_input_url,validated_human_legacy,True,_quarantine/policy_scraper_artifacts_20260702/artifacts/AUDIT_TRAILS/policy_data_internal_existing/90_INTERNAL_PIPELINE_ARTIFACTS/interim/archive/pre_namespace_run_20260609_production_namespace/legacy_evidence_links.csv,historical_discovery,0
167729,Salem State University,public,https://catalog.salemstate.edu/index.php?catoid=1,2010,2010,historical_url_evidence_materialization,historical_lead_input_url,imported_llm_candidate_lead,False,_quarantine/policy_scraper_artifacts_20260702/artifacts/OLD_OUTPUT_ARCHIVES/policy_data_rebuild_archive_20260622_054122/outputs/step3_live_rebuilt_ledger/step3_suggestion_candidate_ledger.csv,historical_attempt,2
167899,SPRINGFIELD COLLEGE,private,https://catalog.springfield.edu/content.php?catoid=6&navoid=162,2004,2004,historical_url_evidence_materialization,legacy_input_url,validated_human_legacy,True,_quarantine/policy_scraper_artifacts_20260702/artifacts/AUDIT_TRAILS/policy_data_internal_existing/90_INTERNAL_PIPELINE_ARTIFACTS/interim/archive/pre_namespace_run_20260609_production_namespace/legacy_evidence_links.csv,historical_discovery,0
167899,Springfield College,private,https://catalog.springfield.edu/content.php?catoid=17&navoid=253,2005,2005,historical_url_evidence_materialization,legacy_input_url,validated_human_legacy,True,_quarantine/policy_scraper_artifacts_20260702/artifacts/AUDIT_TRAILS/policy_data_internal_existing/90_INTERNAL_PIPELINE_ARTIFACTS/interim/archive/pre_namespace_run_20260609_production_namespace/legacy_evidence_links.csv,historical_discovery,0
167899,Springfield College,private,https://catalog.springfield.edu/content.php?catoid=26&navoid=361,2006,2006,historical_url_evidence_materialization,legacy_input_url,validated_human_legacy,True,_quarantine/policy_scraper_artifacts_20260702/artifacts/AUDIT_TRAILS/policy_data_internal_existing/90_INTERNAL_PIPELINE_ARTIFACTS/interim/archive/pre_namespace_run_20260609_production_namespace/legacy_evidence_links.csv,historical_discovery,0
167899,Springfield College,private,https://catalog.springfield.edu/content.php?catoid=28&navoid=399,2007,2007,historical_url_evidence_materialization,legacy_input_url,validated_human_legacy,True,_quarantine/policy_scraper_artifacts_20260702/artifacts/AUDIT_TRAILS/policy_data_internal_existing/90_INTERNAL_PIPELINE_ARTIFACTS/interim/archive/pre_namespace_run_20260609_production_namespace/legacy_evidence_links.csv,historical_discovery,0
167899,Springfield College,private,https://catalog.springfield.edu/content.php?catoid=32&navoid=460,2008,2008,historical_url_evidence_materialization,legacy_input_url,validated_human_legacy,True,_quarantine/policy_scraper_artifacts_20260702/artifacts/AUDIT_TRAILS/policy_data_internal_existing/90_INTERNAL_PIPELINE_ARTIFACTS/interim/archive/pre_namespace_run_20260609_production_namespace/legacy_evidence_links.csv,historical_discovery,0
167899,Springfield College,private,https://catalog.springfield.edu/content.php?catoid=36&navoid=528,2009,2009,historical_url_evidence_materialization,legacy_input_url,validated_human_legacy,True,_quarantine/policy_scraper_artifacts_20260702/artifacts/AUDIT_TRAILS/policy_data_internal_existing/90_INTERNAL_PIPELINE_ARTIFACTS/interim/archive/pre_namespace_run_20260609_production_namespace/legacy_evidence_links.csv,historical_discovery,0
167899,Springfield College,private,https://catalog.springfield.edu/content.php?catoid=40&navoid=917,2010,2010,historical_url_evidence_materialization,legacy_input_url,validated_human_legacy,True,_quarantine/policy_scraper_artifacts_20260702/artifacts/AUDIT_TRAILS/policy_data_internal_existing/90_INTERNAL_PIPELINE_ARTIFACTS/interim/archive/pre_namespace_run_20260609_production_namespace/legacy_evidence_links.csv,historical_discovery,0
167899,Springfield College,private,https://catalog.springfield.edu/content.php?catoid=44&navoid=1011,2011,2011,historical_url_evidence_materialization,legacy_input_url,validated_human_legacy,True,_quarantine/policy_scraper_artifacts_20260702/artifacts/AUDIT_TRAILS/policy_data_internal_existing/90_INTERNAL_PIPELINE_ARTIFACTS/interim/archive/pre_namespace_run_20260609_production_namespace/legacy_evidence_links.csv,historical_discovery,0
167899,Springfield College,private,https://catalog.springfield.edu/content.php?catoid=48&navoid=1095,2012,2012,historical_url_evidence_materialization,legacy_input_url,validated_human_legacy,True,_quarantine/policy_scraper_artifacts_20260702/artifacts/AUDIT_TRAILS/policy_data_internal_existing/90_INTERNAL_PIPELINE_ARTIFACTS/interim/archive/pre_namespace_run_20260609_production_namespace/legacy_evidence_links.csv,historical_discovery,0
167899,Springfield College,private,https://catalog.springfield.edu/content.php?catoid=53&navoid=1211,2013,2013,historical_url_evidence_materialization,legacy_input_url,validated_human_legacy,True,_quarantine/policy_scraper_artifacts_20260702/artifacts/AUDIT_TRAILS/policy_data_internal_existing/90_INTERNAL_PIPELINE_ARTIFACTS/interim/archive/pre_namespace_run_20260609_production_namespace/legacy_evidence_links.csv,historical_discovery,0
167899,Springfield College,private,https://catalog.springfield.edu/content.php?catoid=56&navoid=1295#repe_a_cour,2014,2014,historical_url_evidence_materialization,legacy_input_url,validated_human_legacy,True,_quarantine/policy_scraper_artifacts_20260702/artifacts/AUDIT_TRAILS/policy_data_internal_existing/90_INTERNAL_PIPELINE_ARTIFACTS/interim/archive/pre_namespace_run_20260609_production_namespace/legacy_evidence_links.csv,historical_discovery,0
167899,Springfield College,private,https://catalog.springfield.edu/content.php?catoid=62&navoid=1481#repe_a_cour,2015,2015,historical_url_evidence_materialization,legacy_input_url,validated_human_legacy,True,_quarantine/policy_scraper_artifacts_20260702/artifacts/AUDIT_TRAILS/policy_data_internal_existing/90_INTERNAL_PIPELINE_ARTIFACTS/interim/archive/pre_namespace_run_20260609_production_namespace/legacy_evidence_links.csv,historical_discovery,0
167899,Springfield College,private,https://catalog.springfield.edu/content.php?catoid=64&navoid=1573#repe_a_cour,2016,2016,historical_url_evidence_materialization,legacy_input_url,validated_human_legacy,True,_quarantine/policy_scraper_artifacts_20260702/artifacts/AUDIT_TRAILS/policy_data_internal_existing/90_INTERNAL_PIPELINE_ARTIFACTS/interim/archive/pre_namespace_run_20260609_production_namespace/legacy_evidence_links.csv,historical_discovery,0
169080,CALVIN COLLEGE,private,https://calvin.edu/sites/default/files/migrated/dotAsset-2981285e-f762-4aa5-86ca-05a18da6a863-.pdf,2002,2002,historical_url_evidence_materialization,legacy_input_url,validated_human_legacy,True,_quarantine/policy_scraper_artifacts_20260702/artifacts/AUDIT_TRAILS/policy_data_internal_existing/90_INTERNAL_PIPELINE_ARTIFACTS/interim/archive/pre_namespace_run_20260609_production_namespace/legacy_evidence_links.csv,historical_discovery,0
169080,CALVIN COLLEGE,private,https://calvin.edu/sites/default/files/migrated/dotAsset-73ebdea5-e9b0-4a65-87f7-61e6d3e6faa0-.pdf,2003,2003,historical_url_evidence_materialization,legacy_input_url,validated_human_legacy,True,_quarantine/policy_scraper_artifacts_20260702/artifacts/AUDIT_TRAILS/policy_data_internal_existing/90_INTERNAL_PIPELINE_ARTIFACTS/interim/archive/pre_namespace_run_20260609_production_namespace/legacy_evidence_links.csv,historical_discovery,0
169080,CALVIN COLLEGE,private,https://calvin.edu/sites/default/files/migrated/dotAsset-29b3041d-5c70-459d-a297-02ec0702f127-.pdf,2004,2004,historical_url_evidence_materialization,legacy_input_url,validated_human_legacy,True,_quarantine/policy_scraper_artifacts_20260702/artifacts/AUDIT_TRAILS/policy_data_internal_existing/90_INTERNAL_PIPELINE_ARTIFACTS/interim/archive/pre_namespace_run_20260609_production_namespace/legacy_evidence_links.csv,historical_discovery,0
169080,Calvin College,private,https://calvin.edu/sites/default/files/migrated/dotAsset-c40ebe28-7afb-439f-924f-5990b51a5c04-.pdf,2005,2005,historical_url_evidence_materialization,legacy_input_url,validated_human_legacy,True,_quarantine/policy_scraper_artifacts_20260702/artifacts/AUDIT_TRAILS/policy_data_internal_existing/90_INTERNAL_PIPELINE_ARTIFACTS/interim/archive/pre_namespace_run_20260609_production_namespace/legacy_evidence_links.csv,historical_discovery,0
169080,Calvin College,private,https://calvin.edu/sites/default/files/migrated/dotAsset-aa4c7bd2-9c9c-41ab-8670-4a8670cb1234-.pdf,2006,2006,historical_url_evidence_materialization,legacy_input_url,validated_human_legacy,True,_quarantine/policy_scraper_artifacts_20260702/artifacts/AUDIT_TRAILS/policy_data_internal_existing/90_INTERNAL_PIPELINE_ARTIFACTS/interim/archive/pre_namespace_run_20260609_production_namespace/legacy_evidence_links.csv,historical_discovery,0
169080,Calvin College,private,https://calvin.edu/sites/default/files/migrated/dotAsset-07a76545-7f80-4d87-82f0-66c1dfcdf8b6-.pdf,2007,2007,historical_url_evidence_materialization,legacy_input_url,validated_human_legacy,True,_quarantine/policy_scraper_artifacts_20260702/artifacts/AUDIT_TRAILS/policy_data_internal_existing/90_INTERNAL_PIPELINE_ARTIFACTS/interim/archive/pre_namespace_run_20260609_production_namespace/legacy_evidence_links.csv,historical_discovery,0
169080,Calvin College,private,https://calvin.edu/sites/default/files/migrated/dotAsset-6174d0ee-65d1-4949-a59a-1dd93d7a6be1-.pdf,2008,2008,historical_url_evidence_materialization,legacy_input_url,validated_human_legacy,True,_quarantine/policy_scraper_artifacts_20260702/artifacts/AUDIT_TRAILS/policy_data_internal_existing/90_INTERNAL_PIPELINE_ARTIFACTS/interim/archive/pre_namespace_run_20260609_production_namespace/legacy_evidence_links.csv,historical_discovery,0
169080,Calvin College,private,https://calvin.edu/sites/default/files/migrated/dotAsset-0d89d418-732c-4676-9b56-f05d2dade41f-.pdf,2009,2009,historical_url_evidence_materialization,legacy_input_url,validated_human_legacy,True,_quarantine/policy_scraper_artifacts_20260702/artifacts/AUDIT_TRAILS/policy_data_internal_existing/90_INTERNAL_PIPELINE_ARTIFACTS/interim/archive/pre_namespace_run_20260609_production_namespace/legacy_evidence_links.csv,historical_discovery,0
169080,Calvin College,private,https://calvin.edu/sites/default/files/migrated/dotAsset-331f26bc-e1d4-4ee2-a96e-98c44b80431b-.pdf,2010,2010,historical_url_evidence_materialization,legacy_input_url,validated_human_legacy,True,_quarantine/policy_scraper_artifacts_20260702/artifacts/AUDIT_TRAILS/policy_data_internal_existing/90_INTERNAL_PIPELINE_ARTIFACTS/interim/archive/pre_namespace_run_20260609_production_namespace/legacy_evidence_links.csv,historical_discovery,0
169080,Calvin College,private,https://calvin.edu/sites/default/files/migrated/dotAsset-4cf39bbb-d715-43bd-b602-6bca0cd8b2db-.pdf,2011,2011,historical_url_evidence_materialization,legacy_input_url,validated_human_legacy,True,_quarantine/policy_scraper_artifacts_20260702/artifacts/AUDIT_TRAILS/policy_data_internal_existing/90_INTERNAL_PIPELINE_ARTIFACTS/interim/archive/pre_namespace_run_20260609_production_namespace/legacy_evidence_links.csv,historical_discovery,0
169080,Calvin College,private,https://calvin.edu/sites/default/files/migrated/dotAsset-0af2c50a-bcff-4c22-a55e-7f00287d7ed5-.pdf,2012,2012,historical_url_evidence_materialization,legacy_input_url,validated_human_legacy,True,_quarantine/policy_scraper_artifacts_20260702/artifacts/AUDIT_TRAILS/policy_data_internal_existing/90_INTERNAL_PIPELINE_ARTIFACTS/interim/archive/pre_namespace_run_20260609_production_namespace/legacy_evidence_links.csv,historical_discovery,0
169080,Calvin College,private,https://calvin.edu/sites/default/files/migrated/dA-c094b37a9c-Catalog1314.pdf,2013,2013,historical_url_evidence_materialization,legacy_input_url,validated_human_legacy,True,_quarantine/policy_scraper_artifacts_20260702/artifacts/AUDIT_TRAILS/policy_data_internal_existing/90_INTERNAL_PIPELINE_ARTIFACTS/interim/archive/pre_namespace_run_20260609_production_namespace/legacy_evidence_links.csv,historical_discovery,0
169080,Calvin College,private,https://calvin.edu/sites/default/files/migrated/dotAsset-498a504d-b06a-4489-931d-9ca9a9822329-.pdf,2014,2014,historical_url_evidence_materialization,legacy_input_url,validated_human_legacy,True,_quarantine/policy_scraper_artifacts_20260702/artifacts/AUDIT_TRAILS/policy_data_internal_existing/90_INTERNAL_PIPELINE_ARTIFACTS/interim/archive/pre_namespace_run_20260609_production_namespace/legacy_evidence_links.csv,historical_discovery,0
169080,Calvin College,private,https://calvin.edu/sites/default/files/migrated/dotAsset-1816ea47-5800-45b9-8051-4afc2e0b9e39-.pdf,2015,2015,historical_url_evidence_materialization,legacy_input_url,validated_human_legacy,True,_quarantine/policy_scraper_artifacts_20260702/artifacts/AUDIT_TRAILS/policy_data_internal_existing/90_INTERNAL_PIPELINE_ARTIFACTS/interim/archive/pre_namespace_run_20260609_production_namespace/legacy_evidence_links.csv,historical_discovery,0
169248,CENTRAL MICHIGAN UNIVERSITY,public,https://cmich.smartcatalogiq.com/,2002,2002,historical_url_evidence_materialization,legacy_input_url,prior_programmatic,True,_quarantine/policy_scraper_artifacts_20260702/artifacts/PILOTS/url_discovery/audit_trails/url_discovery_pilot_batch_006_dev_001/source_review_log.csv,historical_discovery,1
169248,CENTRAL MICHIGAN UNIVERSITY,public,https://cmich.smartcatalogiq.com/,2003,2003,historical_url_evidence_materialization,legacy_input_url,prior_programmatic,True,_quarantine/policy_scraper_artifacts_20260702/artifacts/PILOTS/url_discovery/audit_trails/url_discovery_pilot_batch_006_dev_001/source_review_log.csv,historical_discovery,1
169248,CENTRAL MICHIGAN UNIVERSITY,public,https://cmich.smartcatalogiq.com/,2004,2004,historical_url_evidence_materialization,legacy_input_url,prior_programmatic,True,_quarantine/policy_scraper_artifacts_20260702/artifacts/PILOTS/url_discovery/audit_trails/url_discovery_pilot_batch_006_dev_001/source_review_log.csv,historical_discovery,1
169248,Central Michigan University,public,https://cmich.smartcatalogiq.com/,2005,2005,historical_url_evidence_materialization,legacy_input_url,prior_programmatic,True,_quarantine/policy_scraper_artifacts_20260702/artifacts/PILOTS/url_discovery/audit_trails/url_discovery_pilot_batch_006_dev_001/source_review_log.csv,historical_discovery,1
169248,Central Michigan University,public,https://cmich.smartcatalogiq.com/,2006,2006,historical_url_evidence_materialization,legacy_input_url,prior_programmatic,True,_quarantine/policy_scraper_artifacts_20260702/artifacts/PILOTS/url_discovery/audit_trails/url_discovery_pilot_batch_006_dev_001/source_review_log.csv,historical_discovery,1
169248,Central Michigan University,public,https://cmich.smartcatalogiq.com/,2007,2007,historical_url_evidence_materialization,legacy_input_url,prior_programmatic,True,_quarantine/policy_scraper_artifacts_20260702/artifacts/PILOTS/url_discovery/audit_trails/url_discovery_pilot_batch_006_dev_001/source_review_log.csv,historical_discovery,1
169248,Central Michigan University,public,https://cmich.smartcatalogiq.com/,2008,2008,historical_url_evidence_materialization,legacy_input_url,prior_programmatic,True,_quarantine/policy_scraper_artifacts_20260702/artifacts/PILOTS/url_discovery/audit_trails/url_discovery_pilot_batch_006_dev_001/source_review_log.csv,historical_discovery,1
169248,Central Michigan University,public,https://cmich.smartcatalogiq.com/,2009,2009,historical_url_evidence_materialization,legacy_input_url,prior_programmatic,True,_quarantine/policy_scraper_artifacts_20260702/artifacts/PILOTS/url_discovery/audit_trails/url_discovery_pilot_batch_006_dev_001/source_review_log.csv,historical_discovery,1
169248,Central Michigan University,public,https://cmich.smartcatalogiq.com/,2010,2010,historical_url_evidence_materialization,legacy_input_url,prior_programmatic,True,_quarantine/policy_scraper_artifacts_20260702/artifacts/PILOTS/url_discovery/audit_trails/url_discovery_pilot_batch_006_dev_001/source_review_log.csv,historical_discovery,1
169248,Central Michigan University,public,https://cmich.smartcatalogiq.com/,2011,2011,historical_url_evidence_materialization,legacy_input_url,prior_programmatic,True,_quarantine/policy_scraper_artifacts_20260702/artifacts/PILOTS/url_discovery/audit_trails/url_discovery_pilot_batch_006_dev_001/source_review_log.csv,historical_discovery,1
169248,Central Michigan University,public,https://cmich.smartcatalogiq.com/,2012,2012,historical_url_evidence_materialization,legacy_input_url,prior_programmatic,True,_quarantine/policy_scraper_artifacts_20260702/artifacts/PILOTS/url_discovery/audit_trails/url_discovery_pilot_batch_006_dev_001/source_review_log.csv,historical_discovery,1
169248,Central Michigan University,public,https://cmich.smartcatalogiq.com/,2013,2013,historical_url_evidence_materialization,legacy_input_url,prior_programmatic,True,_quarantine/policy_scraper_artifacts_20260702/artifacts/PILOTS/url_discovery/audit_trails/url_discovery_pilot_batch_006_dev_001/source_review_log.csv,historical_discovery,1
169248,Central Michigan University,public,https://cmich.smartcatalogiq.com/,2014,2014,historical_url_evidence_materialization,legacy_input_url,prior_programmatic,True,_quarantine/policy_scraper_artifacts_20260702/artifacts/PILOTS/url_discovery/audit_trails/url_discovery_pilot_batch_006_dev_001/source_review_log.csv,historical_discovery,1
169248,Central Michigan University,public,https://cmich.smartcatalogiq.com/,2015,2015,historical_url_evidence_materialization,legacy_input_url,prior_programmatic,True,_quarantine/policy_scraper_artifacts_20260702/artifacts/PILOTS/url_discovery/audit_trails/url_discovery_pilot_batch_006_dev_001/source_review_log.csv,historical_discovery,1
169248,Central Michigan University,public,https://cmich.smartcatalogiq.com/,2016,2016,historical_url_evidence_materialization,legacy_input_url,prior_programmatic,True,_quarantine/policy_scraper_artifacts_20260702/artifacts/PILOTS/url_discovery/audit_trails/url_discovery_pilot_batch_006_dev_001/source_review_log.csv,historical_discovery,1
169479,Davenport University,private,UG0506merge1-22.indd,2005,2005,historical_url_evidence_materialization,legacy_input_url,validated_human_legacy,True,_quarantine/policy_scraper_artifacts_20260702/artifacts/AUDIT_TRAILS/policy_data_internal_existing/90_INTERNAL_PIPELINE_ARTIFACTS/interim/archive/pre_namespace_run_20260609_production_namespace/legacy_evidence_links.csv,historical_discovery,0
169479,Davenport University,private,Open Access - Davenport University - 2006-07 Undergraduate Catalog,2006,2007,historical_url_evidence_materialization,legacy_input_url,validated_human_legacy,True,_quarantine/policy_scraper_artifacts_20260702/artifacts/AUDIT_TRAILS/policy_data_internal_existing/90_INTERNAL_PIPELINE_ARTIFACTS/interim/archive/pre_namespace_run_20260609_production_namespace/legacy_evidence_links.csv,historical_discovery,0
169479,Davenport University,private,BiblioBoard,2007,2007,historical_url_evidence_materialization,legacy_input_url,validated_human_legacy,True,_quarantine/policy_scraper_artifacts_20260702/artifacts/AUDIT_TRAILS/policy_data_internal_existing/90_INTERNAL_PIPELINE_ARTIFACTS/interim/archive/pre_namespace_run_20260609_production_namespace/legacy_evidence_links.csv,historical_discovery,0
169479,Davenport University,private,Open Access - Davenport University - 2008-09 Undergraduate Catalog,2008,2009,historical_url_evidence_materialization,legacy_input_url,validated_human_legacy,True,_quarantine/policy_scraper_artifacts_20260702/artifacts/AUDIT_TRAILS/policy_data_internal_existing/90_INTERNAL_PIPELINE_ARTIFACTS/interim/archive/pre_namespace_run_20260609_production_namespace/legacy_evidence_links.csv,historical_discovery,0
169479,Davenport University,private,https://library.biblioboard.com/viewer/942f170f-fcd5-4d2f-9cd9-9d76be27b5a3/85/single,2009,2009,historical_url_evidence_materialization,legacy_input_url,validated_human_legacy,True,_quarantine/policy_scraper_artifacts_20260702/artifacts/AUDIT_TRAILS/policy_data_internal_existing/90_INTERNAL_PIPELINE_ARTIFACTS/interim/archive/pre_namespace_run_20260609_production_namespace/legacy_evidence_links.csv,historical_discovery,0
169479,Davenport University,private,untitled,2010,2010,historical_url_evidence_materialization,legacy_input_url,validated_human_legacy,True,_quarantine/policy_scraper_artifacts_20260702/artifacts/AUDIT_TRAILS/policy_data_internal_existing/90_INTERNAL_PIPELINE_ARTIFACTS/interim/archive/pre_namespace_run_20260609_production_namespace/legacy_evidence_links.csv,historical_discovery,0
169479,Davenport University,private,untitled,2011,2011,historical_url_evidence_materialization,legacy_input_url,validated_human_legacy,True,_quarantine/policy_scraper_artifacts_20260702/artifacts/AUDIT_TRAILS/policy_data_internal_existing/90_INTERNAL_PIPELINE_ARTIFACTS/interim/archive/pre_namespace_run_20260609_production_namespace/legacy_evidence_links.csv,historical_discovery,0
169479,Davenport University,private,Davenport University 2012-2013 Undergraduate Catalog,2012,2013,historical_url_evidence_materialization,legacy_input_url,validated_human_legacy,True,_quarantine/policy_scraper_artifacts_20260702/artifacts/AUDIT_TRAILS/policy_data_internal_existing/90_INTERNAL_PIPELINE_ARTIFACTS/interim/archive/pre_namespace_run_20260609_production_namespace/legacy_evidence_links.csv,historical_discovery,0
169479,Davenport University,private,untitled,2013,2013,historical_url_evidence_materialization,legacy_input_url,validated_human_legacy,True,_quarantine/policy_scraper_artifacts_20260702/artifacts/AUDIT_TRAILS/policy_data_internal_existing/90_INTERNAL_PIPELINE_ARTIFACTS/interim/archive/pre_namespace_run_20260609_production_namespace/legacy_evidence_links.csv,historical_discovery,0
169479,Davenport University,private,SID-0000000203367_optimized.pdf,2014,2014,historical_url_evidence_materialization,legacy_input_url,validated_human_legacy,True,_quarantine/policy_scraper_artifacts_20260702/artifacts/AUDIT_TRAILS/policy_data_internal_existing/90_INTERNAL_PIPELINE_ARTIFACTS/interim/archive/pre_namespace_run_20260609_production_namespace/legacy_evidence_links.csv,historical_discovery,0
169479,Davenport University,private,SID-0000000203368_optimized.pdf,2015,2015,historical_url_evidence_materialization,legacy_input_url,validated_human_legacy,True,_quarantine/policy_scraper_artifacts_20260702/artifacts/AUDIT_TRAILS/policy_data_internal_existing/90_INTERNAL_PIPELINE_ARTIFACTS/interim/archive/pre_namespace_run_20260609_production_namespace/legacy_evidence_links.csv,historical_discovery,0
169479,Davenport University,private,SID-0000000225418_optimized.pdf,2016,2016,historical_url_evidence_materialization,legacy_input_url,validated_human_legacy,True,_quarantine/policy_scraper_artifacts_20260702/artifacts/AUDIT_TRAILS/policy_data_internal_existing/90_INTERNAL_PIPELINE_ARTIFACTS/interim/archive/pre_namespace_run_20260609_production_namespace/legacy_evidence_links.csv,historical_discovery,0
169798,EASTERN MICHIGAN UNIVERSITY,public,https://commons.emich.edu/catalog/156,2002,2002,historical_url_evidence_materialization,historical_lead_input_url,imported_llm_candidate_lead,False,_quarantine/policy_scraper_artifacts_20260702/artifacts/AUDIT_TRAILS/policy_data_internal_existing/90_INTERNAL_PIPELINE_ARTIFACTS/audits/legacy_benchmark_current/public_fresh_ai_year_candidates_public_fresh_full_rank076_100_ai25_live.csv,historical_attempt,2
169798,EASTERN MICHIGAN UNIVERSITY,public,https://commons.emich.edu/catalog/155,2003,2003,historical_url_evidence_materialization,historical_lead_input_url,imported_llm_candidate_lead,False,_quarantine/policy_scraper_artifacts_20260702/artifacts/AUDIT_TRAILS/policy_data_internal_existing/90_INTERNAL_PIPELINE_ARTIFACTS/audits/legacy_benchmark_current/public_fresh_ai_year_candidates_public_fresh_full_rank076_100_ai25_live.csv,historical_attempt,2
169798,EASTERN MICHIGAN UNIVERSITY,public,https://commons.emich.edu/catalog/155,2004,2004,historical_url_evidence_materialization,historical_lead_input_url,imported_llm_candidate_lead,False,_quarantine/policy_scraper_artifacts_20260702/artifacts/AUDIT_TRAILS/policy_data_internal_existing/90_INTERNAL_PIPELINE_ARTIFACTS/audits/legacy_benchmark_current/public_fresh_ai_year_candidates_public_fresh_full_rank076_100_ai25_live.csv,historical_attempt,2
169798,Eastern Michigan University,public,https://commons.emich.edu/catalog/154,2005,2005,historical_url_evidence_materialization,historical_lead_input_url,imported_llm_candidate_lead,False,_quarantine/policy_scraper_artifacts_20260702/artifacts/AUDIT_TRAILS/policy_data_internal_existing/90_INTERNAL_PIPELINE_ARTIFACTS/audits/legacy_benchmark_current/public_fresh_ai_year_candidates_public_fresh_full_rank076_100_ai25_live.csv,historical_attempt,2
169798,Eastern Michigan University,public,https://commons.emich.edu/catalog/154,2006,2006,historical_url_evidence_materialization,historical_lead_input_url,imported_llm_candidate_lead,False,_quarantine/policy_scraper_artifacts_20260702/artifacts/AUDIT_TRAILS/policy_data_internal_existing/90_INTERNAL_PIPELINE_ARTIFACTS/audits/legacy_benchmark_current/public_fresh_ai_year_candidates_public_fresh_full_rank076_100_ai25_live.csv,historical_attempt,2
169798,Eastern Michigan University,public,https://catalog.emich.edu/mime/media/19/1157/07-09UndergradCatalog.pdf,2007,2007,historical_url_evidence_materialization,historical_lead_input_url,imported_llm_candidate_lead,False,_quarantine/policy_scraper_artifacts_20260702/artifacts/AUDIT_TRAILS/policy_data_internal_existing/90_INTERNAL_PIPELINE_ARTIFACTS/audits/legacy_benchmark_current/public_fresh_ai_year_candidates_public_fresh_full_rank076_100_ai25_live.csv,historical_attempt,2
169798,Eastern Michigan University,public,https://catalog.emich.edu/mime/media/19/1157/07-09UndergradCatalog.pdf,2008,2008,historical_url_evidence_materialization,historical_lead_input_url,imported_llm_candidate_lead,False,_quarantine/policy_scraper_artifacts_20260702/artifacts/AUDIT_TRAILS/policy_data_internal_existing/90_INTERNAL_PIPELINE_ARTIFACTS/audits/legacy_benchmark_current/public_fresh_ai_year_candidates_public_fresh_full_rank076_100_ai25_live.csv,historical_attempt,2
169798,Eastern Michigan University,public,https://commons.emich.edu/catalog/159,2009,2009,historical_url_evidence_materialization,historical_lead_input_url,imported_llm_candidate_lead,False,_quarantine/policy_scraper_artifacts_20260702/artifacts/AUDIT_TRAILS/policy_data_internal_existing/90_INTERNAL_PIPELINE_ARTIFACTS/audits/legacy_benchmark_current/public_fresh_ai_year_candidates_public_fresh_full_rank076_100_ai25_live.csv,historical_attempt,2
169798,Eastern Michigan University,public,https://commons.emich.edu/catalog/159,2010,2010,historical_url_evidence_materialization,historical_lead_input_url,imported_llm_candidate_lead,False,_quarantine/policy_scraper_artifacts_20260702/artifacts/AUDIT_TRAILS/policy_data_internal_existing/90_INTERNAL_PIPELINE_ARTIFACTS/audits/legacy_benchmark_current/public_fresh_ai_year_candidates_public_fresh_full_rank076_100_ai25_live.csv,historical_attempt,2
169798,Eastern Michigan University,public,https://commons.emich.edu/catalog/277,2011,2011,historical_url_evidence_materialization,historical_lead_input_url,imported_llm_candidate_lead,False,_quarantine/policy_scraper_artifacts_20260702/artifacts/AUDIT_TRAILS/policy_data_internal_existing/90_INTERNAL_PIPELINE_ARTIFACTS/audits/legacy_benchmark_current/public_fresh_ai_year_candidates_public_fresh_full_rank076_100_ai25_live.csv,historical_attempt,2
169798,Eastern Michigan University,public,https://commons.emich.edu/catalog/276,2012,2012,historical_url_evidence_materialization,historical_lead_input_url,imported_llm_candidate_lead,False,_quarantine/policy_scraper_artifacts_20260702/artifacts/AUDIT_TRAILS/policy_data_internal_existing/90_INTERNAL_PIPELINE_ARTIFACTS/audits/legacy_benchmark_current/public_fresh_ai_year_candidates_public_fresh_full_rank076_100_ai25_live.csv,historical_attempt,2
169798,Eastern Michigan University,public,https://commons.emich.edu/catalog/279,2013,2013,historical_url_evidence_materialization,historical_lead_input_url,imported_llm_candidate_lead,False,_quarantine/policy_scraper_artifacts_20260702/artifacts/AUDIT_TRAILS/policy_data_internal_existing/90_INTERNAL_PIPELINE_ARTIFACTS/audits/legacy_benchmark_current/public_fresh_ai_year_candidates_public_fresh_full_rank076_100_ai25_live.csv,historical_attempt,2
169798,Eastern Michigan University,public,https://commons.emich.edu/catalog/278,2014,2014,historical_url_evidence_materialization,historical_lead_input_url,imported_llm_candidate_lead,False,_quarantine/policy_scraper_artifacts_20260702/artifacts/AUDIT_TRAILS/policy_data_internal_existing/90_INTERNAL_PIPELINE_ARTIFACTS/audits/legacy_benchmark_current/public_fresh_ai_year_candidates_public_fresh_full_rank076_100_ai25_live.csv,historical_attempt,2
169798,Eastern Michigan University,public,https://catalog.emich.edu/index.php?catoid=18,2015,2015,historical_url_evidence_materialization,historical_lead_input_url,imported_llm_candidate_lead,False,_quarantine/policy_scraper_artifacts_20260702/artifacts/AUDIT_TRAILS/policy_data_internal_existing/90_INTERNAL_PIPELINE_ARTIFACTS/audits/legacy_benchmark_current/public_fresh_ai_year_candidates_public_fresh_full_rank076_100_ai25_live.csv,historical_attempt,2
169798,Eastern Michigan University,public,https://catalog.emich.edu/index.php?catoid=20,2016,2016,historical_url_evidence_materialization,historical_lead_input_url,imported_llm_candidate_lead,False,_quarantine/policy_scraper_artifacts_20260702/artifacts/AUDIT_TRAILS/policy_data_internal_existing/90_INTERNAL_PIPELINE_ARTIFACTS/audits/legacy_benchmark_current/public_fresh_ai_year_candidates_public_fresh_full_rank076_100_ai25_live.csv,historical_attempt,2
170639,LAKE SUPERIOR STATE UNIVERSITY,public,https://lssu.omeka.net/items/show/516,2002,2002,historical_url_evidence_materialization,historical_lead_input_url,imported_llm_candidate_lead,False,_quarantine/policy_scraper_artifacts_20260702/artifacts/OLD_OUTPUT_ARCHIVES/policy_data_rebuild_archive_20260622_054122/outputs/step3_live_rebuilt_ledger/step3_suggestion_candidate_ledger.csv,historical_attempt,2
170639,LAKE SUPERIOR STATE UNIVERSITY,public,https://lssu.omeka.net/items/show/516,2003,2003,historical_url_evidence_materialization,historical_lead_input_url,imported_llm_candidate_lead,False,_quarantine/policy_scraper_artifacts_20260702/artifacts/OLD_OUTPUT_ARCHIVES/policy_data_rebuild_archive_20260622_054122/outputs/step3_live_rebuilt_ledger/step3_suggestion_candidate_ledger.csv,historical_attempt,2
170639,LAKE SUPERIOR STATE UNIVERSITY,public,https://lssu.omeka.net/items/show/517,2004,2004,historical_url_evidence_materialization,historical_lead_input_url,imported_llm_candidate_lead,False,_quarantine/policy_scraper_artifacts_20260702/artifacts/OLD_OUTPUT_ARCHIVES/policy_data_rebuild_archive_20260622_054122/outputs/step3_live_rebuilt_ledger/step3_suggestion_candidate_ledger.csv,historical_attempt,2
170639,Lake Superior State University,public,https://lssu.omeka.net/items/show/517,2005,2005,historical_url_evidence_materialization,historical_lead_input_url,imported_llm_candidate_lead,False,_quarantine/policy_scraper_artifacts_20260702/artifacts/OLD_OUTPUT_ARCHIVES/policy_data_rebuild_archive_20260622_054122/outputs/step3_live_rebuilt_ledger/step3_suggestion_candidate_ledger.csv,historical_attempt,2
170639,Lake Superior State University,public,https://lssu.omeka.net/items/show/518,2006,2006,historical_url_evidence_materialization,historical_lead_input_url,imported_llm_candidate_lead,False,_quarantine/policy_scraper_artifacts_20260702/artifacts/OLD_OUTPUT_ARCHIVES/policy_data_rebuild_archive_20260622_054122/outputs/step3_live_rebuilt_ledger/step3_suggestion_candidate_ledger.csv,historical_attempt,2
170639,Lake Superior State University,public,https://lssu.omeka.net/items/show/518,2007,2007,historical_url_evidence_materialization,historical_lead_input_url,imported_llm_candidate_lead,False,_quarantine/policy_scraper_artifacts_20260702/artifacts/OLD_OUTPUT_ARCHIVES/policy_data_rebuild_archive_20260622_054122/outputs/step3_live_rebuilt_ledger/step3_suggestion_candidate_ledger.csv,historical_attempt,2
170639,Lake Superior State University,public,https://lssu.omeka.net/items/show/518,2008,2008,historical_url_evidence_materialization,historical_lead_input_url,imported_llm_candidate_lead,False,_quarantine/policy_scraper_artifacts_20260702/artifacts/OLD_OUTPUT_ARCHIVES/policy_data_rebuild_archive_20260622_054122/outputs/step3_live_rebuilt_ledger/step3_suggestion_candidate_ledger.csv,historical_attempt,2
170639,Lake Superior State University,public,https://lssuwww.wpenginepowered.com/wp-content/uploads/2017/05/catalog09-10.pdf,2017,2018,historical_url_evidence_materialization,historical_lead_input_url,imported_llm_candidate_lead,False,_quarantine/policy_scraper_artifacts_20260702/artifacts/OLD_OUTPUT_ARCHIVES/policy_data_rebuild_archive_20260622_054122/outputs/step3_live_rebuilt_ledger/step3_suggestion_candidate_ledger.csv,historical_attempt,2
170639,Lake Superior State University,public,https://lssuwww.wpenginepowered.com/wp-content/uploads/2017/05/catalog10-11.pdf,2017,2018,historical_url_evidence_materialization,historical_lead_input_url,imported_llm_candidate_lead,False,_quarantine/policy_scraper_artifacts_20260702/artifacts/OLD_OUTPUT_ARCHIVES/policy_data_rebuild_archive_20260622_054122/outputs/step3_live_rebuilt_ledger/step3_suggestion_candidate_ledger.csv,historical_attempt,2
170639,Lake Superior State University,public,https://www.lssu.edu/wp-content/uploads/2023/10/AcademicCatalog2011-12.pdf,2011,2012,historical_url_evidence_materialization,historical_lead_input_url,imported_llm_candidate_lead,False,_quarantine/policy_scraper_artifacts_20260702/artifacts/OLD_OUTPUT_ARCHIVES/policy_data_rebuild_archive_20260622_054122/outputs/step3_live_rebuilt_ledger/step3_suggestion_candidate_ledger.csv,historical_attempt,2
170639,Lake Superior State University,public,https://www.lssu.edu/wp-content/uploads/2023/10/AcademicCatalog2012-13.pdf,2012,2013,historical_url_evidence_materialization,historical_lead_input_url,imported_llm_candidate_lead,False,_quarantine/policy_scraper_artifacts_20260702/artifacts/OLD_OUTPUT_ARCHIVES/policy_data_rebuild_archive_20260622_054122/outputs/step3_live_rebuilt_ledger/step3_suggestion_candidate_ledger.csv,historical_attempt,2
170639,Lake Superior State University,public,https://www.lssu.edu/wp-content/uploads/2023/10/AcademicCatalog2013-14.pdf,2013,2014,historical_url_evidence_materialization,historical_lead_input_url,imported_llm_candidate_lead,False,_quarantine/policy_scraper_artifacts_20260702/artifacts/OLD_OUTPUT_ARCHIVES/policy_data_rebuild_archive_20260622_054122/outputs/step3_live_rebuilt_ledger/step3_suggestion_candidate_ledger.csv,historical_attempt,2
170639,Lake Superior State University,public,https://www.lssu.edu/wp-content/uploads/2023/10/AcademicCatalog2014-15.pdf,2014,2015,historical_url_evidence_materialization,historical_lead_input_url,imported_llm_candidate_lead,False,_quarantine/policy_scraper_artifacts_20260702/artifacts/OLD_OUTPUT_ARCHIVES/policy_data_rebuild_archive_20260622_054122/outputs/step3_live_rebuilt_ledger/step3_suggestion_candidate_ledger.csv,historical_attempt,2
170639,Lake Superior State University,public,https://www.lssu.edu/wp-content/uploads/2023/10/AcademicCatalog2015-16.pdf,2015,2016,historical_url_evidence_materialization,historical_lead_input_url,imported_llm_candidate_lead,False,_quarantine/policy_scraper_artifacts_20260702/artifacts/OLD_OUTPUT_ARCHIVES/policy_data_rebuild_archive_20260622_054122/outputs/step3_live_rebuilt_ledger/step3_suggestion_candidate_ledger.csv,historical_attempt,2
170639,Lake Superior State University,public,https://www.lssu.edu/wp-content/uploads/2023/10/AcademicCatalog2016-17.pdf,2016,2017,historical_url_evidence_materialization,historical_lead_input_url,imported_llm_candidate_lead,False,_quarantine/policy_scraper_artifacts_20260702/artifacts/OLD_OUTPUT_ARCHIVES/policy_data_rebuild_archive_20260622_054122/outputs/step3_live_rebuilt_ledger/step3_suggestion_candidate_ledger.csv,historical_attempt,2
170976,University of Michigan-Ann Arbor,public,https://catalog.unlv.edu/index.php?catoid=1,2008,2008,historical_url_evidence_materialization,historical_lead_input_url,imported_llm_candidate_lead,False,_quarantine/policy_scraper_artifacts_20260702/artifacts/OLD_OUTPUT_ARCHIVES/policy_data_rebuild_archive_20260622_054122/outputs/step3_live_rebuilt_ledger/step3_suggestion_candidate_ledger.csv,historical_attempt,2
170976,University of Michigan-Ann Arbor,public,https://catalog.unlv.edu/index.php?catoid=1,2009,2009,historical_url_evidence_materialization,historical_lead_input_url,imported_llm_candidate_lead,False,_quarantine/policy_scraper_artifacts_20260702/artifacts/OLD_OUTPUT_ARCHIVES/policy_data_rebuild_archive_20260622_054122/outputs/step3_live_rebuilt_ledger/step3_suggestion_candidate_ledger.csv,historical_attempt,2
170976,University of Michigan-Ann Arbor,public,https://catalog.unlv.edu/index.php?catoid=4,2010,2010,historical_url_evidence_materialization,historical_lead_input_url,imported_llm_candidate_lead,False,_quarantine/policy_scraper_artifacts_20260702/artifacts/OLD_OUTPUT_ARCHIVES/policy_data_rebuild_archive_20260622_054122/outputs/step3_live_rebuilt_ledger/step3_suggestion_candidate_ledger.csv,historical_attempt,2
170976,University of Michigan-Ann Arbor,public,https://catalog.sjny.edu/index.php?catoid=2,2011,2011,historical_url_evidence_materialization,historical_lead_input_url,imported_llm_candidate_lead,False,_quarantine/policy_scraper_artifacts_20260702/artifacts/OLD_OUTPUT_ARCHIVES/policy_data_rebuild_archive_20260622_054122/outputs/step3_live_rebuilt_ledger/step3_suggestion_candidate_ledger.csv,historical_attempt,2
170976,University of Michigan-Ann Arbor,public,https://catalog.sjny.edu/index.php?catoid=2,2012,2012,historical_url_evidence_materialization,historical_lead_input_url,imported_llm_candidate_lead,False,_quarantine/policy_scraper_artifacts_20260702/artifacts/OLD_OUTPUT_ARCHIVES/policy_data_rebuild_archive_20260622_054122/outputs/step3_live_rebuilt_ledger/step3_suggestion_candidate_ledger.csv,historical_attempt,2
170976,University of Michigan-Ann Arbor,public,https://www.moval.edu/wp-content/uploads/2018/03/2013-2014-MVC-Undergraduate-Catalog.pdf,2013,2014,historical_url_evidence_materialization,historical_lead_input_url,imported_llm_candidate_lead,False,_quarantine/policy_scraper_artifacts_20260702/artifacts/OLD_OUTPUT_ARCHIVES/policy_data_rebuild_archive_20260622_054122/outputs/step3_live_rebuilt_ledger/step3_suggestion_candidate_ledger.csv,historical_attempt,2
170976,University of Michigan-Ann Arbor,public,https://www.moval.edu/wp-content/uploads/2018/03/2013-2014-MVC-Undergraduate-Catalog.pdf,2013,2014,historical_url_evidence_materialization,historical_lead_input_url,imported_llm_candidate_lead,False,_quarantine/policy_scraper_artifacts_20260702/artifacts/OLD_OUTPUT_ARCHIVES/policy_data_rebuild_archive_20260622_054122/outputs/step3_live_rebuilt_ledger/step3_suggestion_candidate_ledger.csv,historical_attempt,2
170976,University of Michigan-Ann Arbor,public,https://catalog.unlv.edu/index.php?catoid=15,2015,2015,historical_url_evidence_materialization,historical_lead_input_url,imported_llm_candidate_lead,False,_quarantine/policy_scraper_artifacts_20260702/artifacts/OLD_OUTPUT_ARCHIVES/policy_data_rebuild_archive_20260622_054122/outputs/step3_live_rebuilt_ledger/step3_suggestion_candidate_ledger.csv,historical_attempt,2
170976,University of Michigan-Ann Arbor,public,https://catalog.unlv.edu/index.php?catoid=17,2016,2016,historical_url_evidence_materialization,historical_lead_input_url,imported_llm_candidate_lead,False,_quarantine/policy_scraper_artifacts_20260702/artifacts/OLD_OUTPUT_ARCHIVES/policy_data_rebuild_archive_20260622_054122/outputs/step3_live_rebuilt_ledger/step3_suggestion_candidate_ledger.csv,historical_attempt,2
171128,MICHIGAN TECHNOLOGICAL UNIVERSITY,public,https://www.mtu.edu/catalog/archives/pdfs/2002.pdf,2002,2003,historical_url_evidence_materialization,historical_lead_input_url,imported_llm_candidate_lead,False,_quarantine/policy_scraper_artifacts_20260702/artifacts/OLD_OUTPUT_ARCHIVES/policy_data_rebuild_archive_20260622_054122/outputs/step3_live_rebuilt_ledger/step3_suggestion_candidate_ledger.csv,historical_attempt,2
171128,MICHIGAN TECHNOLOGICAL UNIVERSITY,public,https://www.mtu.edu/catalog/archives/pdfs/2002.pdf,2002,2003,historical_url_evidence_materialization,historical_lead_input_url,imported_llm_candidate_lead,False,_quarantine/policy_scraper_artifacts_20260702/artifacts/OLD_OUTPUT_ARCHIVES/policy_data_rebuild_archive_20260622_054122/outputs/step3_live_rebuilt_ledger/step3_suggestion_candidate_ledger.csv,historical_attempt,2
171128,MICHIGAN TECHNOLOGICAL UNIVERSITY,public,https://www.mtu.edu/catalog/archives/pdfs/2004.pdf,2004,2005,historical_url_evidence_materialization,historical_lead_input_url,imported_llm_candidate_lead,False,_quarantine/policy_scraper_artifacts_20260702/artifacts/OLD_OUTPUT_ARCHIVES/policy_data_rebuild_archive_20260622_054122/outputs/step3_live_rebuilt_ledger/step3_suggestion_candidate_ledger.csv,historical_attempt,2
171128,Michigan Technological University,public,https://www.mtu.edu/catalog/archives/pdfs/2004.pdf,2004,2005,historical_url_evidence_materialization,historical_lead_input_url,imported_llm_candidate_lead,False,_quarantine/policy_scraper_artifacts_20260702/artifacts/OLD_OUTPUT_ARCHIVES/policy_data_rebuild_archive_20260622_054122/outputs/step3_live_rebuilt_ledger/step3_suggestion_candidate_ledger.csv,historical_attempt,2
171128,Michigan Technological University,public,https://www.mtu.edu/catalog/archives/pdfs/2006.pdf,2006,2007,historical_url_evidence_materialization,historical_lead_input_url,imported_llm_candidate_lead,False,_quarantine/policy_scraper_artifacts_20260702/artifacts/OLD_OUTPUT_ARCHIVES/policy_data_rebuild_archive_20260622_054122/outputs/step3_live_rebuilt_ledger/step3_suggestion_candidate_ledger.csv,historical_attempt,2
171128,Michigan Technological University,public,https://www.mtu.edu/catalog/archives/pdfs/2006.pdf,2006,2007,historical_url_evidence_materialization,historical_lead_input_url,imported_llm_candidate_lead,False,_quarantine/policy_scraper_artifacts_20260702/artifacts/OLD_OUTPUT_ARCHIVES/policy_data_rebuild_archive_20260622_054122/outputs/step3_live_rebuilt_ledger/step3_suggestion_candidate_ledger.csv,historical_attempt,2
171128,Michigan Technological University,public,https://www.mtu.edu/catalog/archives/pdfs/2008.pdf,2008,2009,historical_url_evidence_materialization,historical_lead_input_url,imported_llm_candidate_lead,False,_quarantine/policy_scraper_artifacts_20260702/artifacts/OLD_OUTPUT_ARCHIVES/policy_data_rebuild_archive_20260622_054122/outputs/step3_live_rebuilt_ledger/step3_suggestion_candidate_ledger.csv,historical_attempt,2
171128,Michigan Technological University,public,https://www.mtu.edu/catalog/archives/pdfs/2009.pdf,2009,2010,historical_url_evidence_materialization,historical_lead_input_url,imported_llm_candidate_lead,False,_quarantine/policy_scraper_artifacts_20260702/artifacts/OLD_OUTPUT_ARCHIVES/policy_data_rebuild_archive_20260622_054122/outputs/step3_live_rebuilt_ledger/step3_suggestion_candidate_ledger.csv,historical_attempt,2
171128,Michigan Technological University,public,https://www.mtu.edu/catalog/archives/pdfs/2009.pdf,2009,2010,historical_url_evidence_materialization,historical_lead_input_url,imported_llm_candidate_lead,False,_quarantine/policy_scraper_artifacts_20260702/artifacts/OLD_OUTPUT_ARCHIVES/policy_data_rebuild_archive_20260622_054122/outputs/step3_live_rebuilt_ledger/step3_suggestion_candidate_ledger.csv,historical_attempt,2
171128,Michigan Technological University,public,https://catalog.monroeccc.edu/mime/media/7/500/2011-2012_MCCC_Catalog.pdf,2011,2012,historical_url_evidence_materialization,historical_lead_input_url,imported_llm_candidate_lead,False,_quarantine/policy_scraper_artifacts_20260702/artifacts/OLD_OUTPUT_ARCHIVES/policy_data_rebuild_archive_20260622_054122/outputs/step3_live_rebuilt_ledger/step3_suggestion_candidate_ledger.csv,historical_attempt,2
171128,Michigan Technological University,public,https://www.mtu.edu/catalog/archives/pdfs/2012.pdf,2012,2013,historical_url_evidence_materialization,historical_lead_input_url,imported_llm_candidate_lead,False,_quarantine/policy_scraper_artifacts_20260702/artifacts/OLD_OUTPUT_ARCHIVES/policy_data_rebuild_archive_20260622_054122/outputs/step3_live_rebuilt_ledger/step3_suggestion_candidate_ledger.csv,historical_attempt,2
171128,Michigan Technological University,public,https://www.mtu.edu/catalog/archives/pdfs/2013.pdf,2013,2014,historical_url_evidence_materialization,historical_lead_input_url,imported_llm_candidate_lead,False,_quarantine/policy_scraper_artifacts_20260702/artifacts/OLD_OUTPUT_ARCHIVES/policy_data_rebuild_archive_20260622_054122/outputs/step3_live_rebuilt_ledger/step3_suggestion_candidate_ledger.csv,historical_attempt,2
171128,Michigan Technological University,public,https://www.mtu.edu/mtu_resources/archives/catalog/2014/,2014,2015,historical_url_evidence_materialization,historical_lead_input_url,imported_llm_candidate_lead,False,_quarantine/policy_scraper_artifacts_20260702/artifacts/OLD_OUTPUT_ARCHIVES/policy_data_rebuild_archive_20260622_054122/outputs/step3_live_rebuilt_ledger/step3_suggestion_candidate_ledger.csv,historical_attempt,2
171128,Michigan Technological University,public,https://www.mtu.edu/mtu_resources/archives/catalog/2015/,2015,2016,historical_url_evidence_materialization,historical_lead_input_url,imported_llm_candidate_lead,False,_quarantine/policy_scraper_artifacts_20260702/artifacts/OLD_OUTPUT_ARCHIVES/policy_data_rebuild_archive_20260622_054122/outputs/step3_live_rebuilt_ledger/step3_suggestion_candidate_ledger.csv,historical_attempt,2
171128,Michigan Technological University,public,https://www.mtu.edu/mtu_resources/archives/catalog/2016/,2016,2017,historical_url_evidence_materialization,historical_lead_input_url,imported_llm_candidate_lead,False,_quarantine/policy_scraper_artifacts_20260702/artifacts/OLD_OUTPUT_ARCHIVES/policy_data_rebuild_archive_20260622_054122/outputs/step3_live_rebuilt_ledger/step3_suggestion_candidate_ledger.csv,historical_attempt,2
171146,UNIVERSITY OF MICHIGAN-FLINT,public,https://catalog.umflint.edu/mime/media/5/3974/2001-2003.pdf,2001,2003,historical_url_evidence_materialization,historical_lead_input_url,imported_llm_candidate_lead,False,_quarantine/policy_scraper_artifacts_20260702/artifacts/AUDIT_TRAILS/policy_data_internal_existing/90_INTERNAL_PIPELINE_ARTIFACTS/audits/legacy_benchmark_current/public_fresh_ai_year_candidates_public_fresh_full_rank101_125_ai25_live.csv,historical_attempt,2
171146,University of Michigan-Flint,public,https://catalog.umflint.edu/mime/media/28/3973/2005-07.Catalog.pdf,2005,2007,historical_url_evidence_materialization,historical_lead_input_url,imported_llm_candidate_lead,False,_quarantine/policy_scraper_artifacts_20260702/artifacts/AUDIT_TRAILS/policy_data_internal_existing/90_INTERNAL_PIPELINE_ARTIFACTS/audits/legacy_benchmark_current/public_fresh_ai_year_candidates_public_fresh_full_rank101_125_ai25_live.csv,historical_attempt,2
171146,University of Michigan-Flint,public,https://catalog.umflint.edu/mime/media/28/3973/2005-07.Catalog.pdf,2005,2007,historical_url_evidence_materialization,historical_lead_input_url,imported_llm_candidate_lead,False,_quarantine/policy_scraper_artifacts_20260702/artifacts/AUDIT_TRAILS/policy_data_internal_existing/90_INTERNAL_PIPELINE_ARTIFACTS/audits/legacy_benchmark_current/public_fresh_ai_year_candidates_public_fresh_full_rank101_125_ai25_live.csv,historical_attempt,2
171146,University of Michigan-Flint,public,http://catalog.kellogg.edu/content.php?catoid=27&navoid=2188#,2009,2009,historical_url_evidence_materialization,historical_lead_input_url,imported_llm_candidate_lead,False,_quarantine/policy_scraper_artifacts_20260702/artifacts/OLD_OUTPUT_ARCHIVES/policy_data_rebuild_archive_20260622_054122/outputs/step3_live_rebuilt_ledger/step3_suggestion_candidate_ledger.csv,historical_attempt,2
171456,NORTHERN MICHIGAN UNIVERSITY,public,https://catalog.nmu.edu/content.php?catoid=12&navoid=1339,2002,2002,historical_url_evidence_materialization,historical_lead_input_url,imported_llm_candidate_lead,False,_quarantine/policy_scraper_artifacts_20260702/artifacts/AUDIT_TRAILS/policy_data_internal_existing/90_INTERNAL_PIPELINE_ARTIFACTS/audits/legacy_benchmark_current/public_fresh_ai_year_candidates_public_fresh_full_rank101_125_ai25_live.csv,historical_attempt,2
171456,NORTHERN MICHIGAN UNIVERSITY,public,https://catalog.nmu.edu/content.php?catoid=12&navoid=1339,2003,2003,historical_url_evidence_materialization,historical_lead_input_url,imported_llm_candidate_lead,False,_quarantine/policy_scraper_artifacts_20260702/artifacts/AUDIT_TRAILS/policy_data_internal_existing/90_INTERNAL_PIPELINE_ARTIFACTS/audits/legacy_benchmark_current/public_fresh_ai_year_candidates_public_fresh_full_rank101_125_ai25_live.csv,historical_attempt,2
171456,NORTHERN MICHIGAN UNIVERSITY,public,http://www.adobe.com/products/acrobat/readstep2.html,2004,2004,historical_url_evidence_materialization,historical_lead_input_url,imported_llm_candidate_lead,False,_quarantine/policy_scraper_artifacts_20260702/artifacts/AUDIT_TRAILS/policy_data_internal_existing/90_INTERNAL_PIPELINE_ARTIFACTS/audits/legacy_benchmark_current/public_fresh_ai_year_candidates_public_fresh_full_rank101_125_ai25_live.csv,historical_attempt,2
171456,Northern Michigan University,public,https://catalog.nmu.edu/content.php?catoid=12&navoid=1339,2005,2005,historical_url_evidence_materialization,historical_lead_input_url,imported_llm_candidate_lead,False,_quarantine/policy_scraper_artifacts_20260702/artifacts/AUDIT_TRAILS/policy_data_internal_existing/90_INTERNAL_PIPELINE_ARTIFACTS/audits/legacy_benchmark_current/public_fresh_ai_year_candidates_public_fresh_full_rank101_125_ai25_live.csv,historical_attempt,2
171456,Northern Michigan University,public,https://catalog.nmu.edu/content.php?catoid=12&navoid=1339,2006,2006,historical_url_evidence_materialization,historical_lead_input_url,imported_llm_candidate_lead,False,_quarantine/policy_scraper_artifacts_20260702/artifacts/AUDIT_TRAILS/policy_data_internal_existing/90_INTERNAL_PIPELINE_ARTIFACTS/audits/legacy_benchmark_current/public_fresh_ai_year_candidates_public_fresh_full_rank101_125_ai25_live.csv,historical_attempt,2
171456,Northern Michigan University,public,https://catalog.nmu.edu/content.php?catoid=12&navoid=1339,2007,2007,historical_url_evidence_materialization,historical_lead_input_url,imported_llm_candidate_lead,False,_quarantine/policy_scraper_artifacts_20260702/artifacts/AUDIT_TRAILS/policy_data_internal_existing/90_INTERNAL_PIPELINE_ARTIFACTS/audits/legacy_benchmark_current/public_fresh_ai_year_candidates_public_fresh_full_rank101_125_ai25_live.csv,historical_attempt,2
171456,Northern Michigan University,public,https://catalog.nmu.edu/content.php?catoid=12&navoid=1339,2008,2008,historical_url_evidence_materialization,historical_lead_input_url,imported_llm_candidate_lead,False,_quarantine/policy_scraper_artifacts_20260702/artifacts/AUDIT_TRAILS/policy_data_internal_existing/90_INTERNAL_PIPELINE_ARTIFACTS/audits/legacy_benchmark_current/public_fresh_ai_year_candidates_public_fresh_full_rank101_125_ai25_live.csv,historical_attempt,2
171456,Northern Michigan University,public,https://catalog.nmu.edu/content.php?catoid=12&navoid=1339,2009,2009,historical_url_evidence_materialization,historical_lead_input_url,imported_llm_candidate_lead,False,_quarantine/policy_scraper_artifacts_20260702/artifacts/AUDIT_TRAILS/policy_data_internal_existing/90_INTERNAL_PIPELINE_ARTIFACTS/audits/legacy_benchmark_current/public_fresh_ai_year_candidates_public_fresh_full_rank101_125_ai25_live.csv,historical_attempt,2
171456,Northern Michigan University,public,https://catalog.nmu.edu/content.php?catoid=12&navoid=1339,2010,2010,historical_url_evidence_materialization,historical_lead_input_url,imported_llm_candidate_lead,False,_quarantine/policy_scraper_artifacts_20260702/artifacts/AUDIT_TRAILS/policy_data_internal_existing/90_INTERNAL_PIPELINE_ARTIFACTS/audits/legacy_benchmark_current/public_fresh_ai_year_candidates_public_fresh_full_rank101_125_ai25_live.csv,historical_attempt,2
171456,Northern Michigan University,public,https://catalog.nmu.edu/content.php?catoid=12&navoid=1339,2011,2011,historical_url_evidence_materialization,historical_lead_input_url,imported_llm_candidate_lead,False,_quarantine/policy_scraper_artifacts_20260702/artifacts/AUDIT_TRAILS/policy_data_internal_existing/90_INTERNAL_PIPELINE_ARTIFACTS/audits/legacy_benchmark_current/public_fresh_ai_year_candidates_public_fresh_full_rank101_125_ai25_live.csv,historical_attempt,2
171456,Northern Michigan University,public,https://catalog.nmu.edu/content.php?catoid=12&navoid=1339,2012,2012,historical_url_evidence_materialization,historical_lead_input_url,imported_llm_candidate_lead,False,_quarantine/policy_scraper_artifacts_20260702/artifacts/AUDIT_TRAILS/policy_data_internal_existing/90_INTERNAL_PIPELINE_ARTIFACTS/audits/legacy_benchmark_current/public_fresh_ai_year_candidates_public_fresh_full_rank101_125_ai25_live.csv,historical_attempt,2
171456,Northern Michigan University,public,https://catalog.nmu.edu/content.php?catoid=12&navoid=1339,2013,2013,historical_url_evidence_materialization,historical_lead_input_url,imported_llm_candidate_lead,False,_quarantine/policy_scraper_artifacts_20260702/artifacts/AUDIT_TRAILS/policy_data_internal_existing/90_INTERNAL_PIPELINE_ARTIFACTS/audits/legacy_benchmark_current/public_fresh_ai_year_candidates_public_fresh_full_rank101_125_ai25_live.csv,historical_attempt,2
171456,Northern Michigan University,public,https://catalog.nmu.edu/content.php?catoid=12&navoid=1339,2014,2014,historical_url_evidence_materialization,historical_lead_input_url,imported_llm_candidate_lead,False,_quarantine/policy_scraper_artifacts_20260702/artifacts/AUDIT_TRAILS/policy_data_internal_existing/90_INTERNAL_PIPELINE_ARTIFACTS/audits/legacy_benchmark_current/public_fresh_ai_year_candidates_public_fresh_full_rank101_125_ai25_live.csv,historical_attempt,2
171456,Northern Michigan University,public,https://catalog.nmu.edu/content.php?catoid=12&navoid=1339,2015,2015,historical_url_evidence_materialization,historical_lead_input_url,imported_llm_candidate_lead,False,_quarantine/policy_scraper_artifacts_20260702/artifacts/AUDIT_TRAILS/policy_data_internal_existing/90_INTERNAL_PIPELINE_ARTIFACTS/audits/legacy_benchmark_current/public_fresh_ai_year_candidates_public_fresh_full_rank101_125_ai25_live.csv,historical_attempt,2
171456,Northern Michigan University,public,https://catalog.nmu.edu/content.php?catoid=12&navoid=1339,2016,2016,historical_url_evidence_materialization,historical_lead_input_url,imported_llm_candidate_lead,False,_quarantine/policy_scraper_artifacts_20260702/artifacts/AUDIT_TRAILS/policy_data_internal_existing/90_INTERNAL_PIPELINE_ARTIFACTS/audits/legacy_benchmark_current/public_fresh_ai_year_candidates_public_fresh_full_rank101_125_ai25_live.csv,historical_attempt,2
173160,BETHEL COLLEGE,private,https://login.microsoftonline.com/353cbf68-c758-4f98-b6ae-961ebafec898/saml2?SAMLRequest=jZJbi9swEEb%2FitG77diObyIJ5NKFwLYs2bYPfSmKMm4Euria0bb995Udut2%2BhOpFMJrDzPnQCoXRI98GutoTfA%2BAlPw02iKfH9YseMudQIXcCgPISfLn7ftHXmYLPnpHTjrN3iD3CYEInpSzLDke1uxrXe36XbOM5127qPuqb4u6Xjbb3cP%2B0JZlxZLP4DH2r1nEI4QY4GiRhKVYWpRNumjSsv9YFrxqedV9YckhOigraKauRCPyPNfum7KZUdI7dAM5q5WFTDqTV3Ulz0PTpbKtu3Q59F16bgSkfVPAWQwgu77LJ7OSJXtnEabJ9xzlrYnL4H28U2VGraQiljw4L2GOes0GoREmoaeYiXqB18r2T0TTsGDAP4N%2FURI%2BnR7%2F6kiD2RnoCjqDS7jZ5RcYRNCUjw7pBDhOe7DNatqdz8H5zf%2Fwq%2Fwtsbp9kA9R83h4ctHk1%2BRhxJ0UiqyYK%2BqSDnMrDxZHkGpQcImGWrsfew%2BCojX5ACzf3Ib%2B%2BxE3vwE%3D&RelayState=https%3A%2F%2Fcms.bethel.edu%2Frenderfile%2Fba134ac58c586513100ee2a7cec27f4a%2Fundergrad%2Facademics%2Fcatalog%2F02-03-cas-catalog.pdf,2002,2002,historical_url_evidence_materialization,legacy_input_url,prior_programmatic,True,_quarantine/policy_scraper_artifacts_20260702/artifacts/PILOTS/url_discovery/audit_trails/url_discovery_pilot_batch_003/source_review_log.csv,historical_discovery,1
173160,BETHEL COLLEGE,private,https://login.microsoftonline.com/353cbf68-c758-4f98-b6ae-961ebafec898/saml2?SAMLRequest=jZJbaxsxEEb%2FyqL3vV8sC9uw8aZgSEtw2j70pcjybC3QZauR0vbfV7smafpi8iQYzWHmfMwGuVYT64O%2FmCP8DIA%2B%2Ba2VQbZ8bElwhlmOEpnhGpB5wZ76jw%2Bsygo2OeutsIq8QW4THBGcl9aQ5DBsyfd%2B35dt2xRtMbS06u6aumwaer9v7ouB0rsVSb6Cw9i%2FJRGPEGKAg0HPjY%2BlourSokur9eeqZPWK1fQbSYboIA33C3XxfkKW58r%2BkCbTUjiLdvTWKGkgE1bndVuL09jRVKxamjbjmqanjkO67ko48REEXdN8NqtIsrcGYZ58y1Fcm5gIzsU3lXpSUkhPkg%2FWCVii3pKRK4RZ6DFmIp%2FhtdK%2FRDQPCxrcE7hnKeDL8eGfjtCYncBfQGVwDle7%2FAwjD8rnk0V%2FBJzmPchuM%2B%2FOluDc7j38Jn9LbK4H8ilqHoZHG03%2BzB6a30ihzMqlIs%2FpuLSyYHACIUcJ52iolP21d8B9tPYuAMl316H%2FH%2BLuLw%3D%3D&RelayState=https%3A%2F%2Fcms.bethel.edu%2Frenderfile%2Fba134ac58c586513100ee2a7cec27f4a%2Fundergrad%2Facademics%2Fcatalog%2F03-04-cas-catalog.pdf,2003,2003,historical_url_evidence_materialization,legacy_input_url,prior_programmatic,True,_quarantine/policy_scraper_artifacts_20260702/artifacts/PILOTS/url_discovery/audit_trails/url_discovery_pilot_batch_003/source_review_log.csv,historical_discovery,1
173160,BETHEL UNIVERSITY,private,https://login.microsoftonline.com/353cbf68-c758-4f98-b6ae-961ebafec898/saml2?SAMLRequest=jZJNi9swEIb%2FitHd31nHEUnAiTcQ2JYl2%2FbQS1GUcSPQh6sZbdt%2FX9mh7fYSehKM5mHmeZk1CqNH3gW62hN8C4CU%2FDDaIp8%2FNix4y51AhdwKA8hJ8pfu3ROvsoKP3pGTTrM3yH1CIIIn5SxLjv2GfdmVu323b%2BpmWVTFYnFYPNaPRd8uq74%2FVLuuYskn8Bj7NyziEUIMcLRIwlIsFVWTFk1arT5UJa%2BXvG4%2Fs6SPDsoKmqkr0Yg8z7X7qmxmlPQO3UDOamUhk87k9UMtz0PTpnL50KaLYdWm50ZAumpKOIsBZLtq88ksLrN3FmGafM9R3pq4DN7HN1Vm1EoqYsnBeQlz1Bs2CI0wCT3HTNQr%2FKl0vyOahgUD%2FgX8q5Lw8fT0V0cazM5AV9AZXMLNLr%2FAIIKmfHRIJ8Bx2oNt19PufA7Ob%2F%2BHX%2BdvifXtQN5HzWP%2F7KLJz8nDiDsplFk5V9QlHeZWHiyOINWg4BINtXbf9x4ERWvyAVi%2BvQ399xC3vwA%3D&RelayState=https%3A%2F%2Fcms.bethel.edu%2Frenderfile%2Fba134ac58c586513100ee2a7cec27f4a%2Fundergrad%2Facademics%2Fcatalog%2F04-05-cas-catalog.pdf,2004,2004,historical_url_evidence_materialization,legacy_input_url,prior_programmatic,True,_quarantine/policy_scraper_artifacts_20260702/artifacts/PILOTS/url_discovery/audit_trails/url_discovery_pilot_batch_003/source_review_log.csv,historical_discovery,1
173160,Bethel University,private,https://login.microsoftonline.com/353cbf68-c758-4f98-b6ae-961ebafec898/saml2?SAMLRequest=jZJNa%2BMwEIb%2FitHd37FjiyTgxlsIdEtJd3vopSjKeCPQh1cjddt%2FX9mh3fYSehKM5mHmeZkVMiVH2nl30nv46wFd9KKkRjp%2FrIm3mhqGAqlmCpA6Tu%2B7nze0SDI6WuMMN5J8Qi4TDBGsE0aTaNevydNV3mfNj2zRLtpqmVfdVVFu%2B255nZV91S3yikQPYDH0r0nAA4ToYafRMe1CKSvqOKvjov1V5LRc0rJ5JFEfHIRmbqZOzo1I01SaP0InSnBr0AzOaCk0JNyotKxKfhjqJubLqokXQ9vEh5pB3NY5HNgAvGmbdDIrSLQ1GmGafMmRn5so99aGNxZqlIILR6JrYznMUa%2FJwCTCJHQXMhHP8FHp3iOahnkF9h7ss%2BDwe3%2FzX4crTA7gTiATOPqzXXqEgXnp0tGg2wOO0x5ks5p2p3NwdvMdfpV%2BJlbnA7kNmrv%2BzgST18lDsQsp5Ek%2BV8QxHuZW6jWOwMUg4BgMpTT%2FthaYC9bOeiDp5jz06yFu3gA%3D&RelayState=https%3A%2F%2Fcms.bethel.edu%2Frenderfile%2Fba134ac58c586513100ee2a7cec27f4a%2Fundergrad%2Facademics%2Fcatalog%2F05-06-cas-catalog.pdf,2005,2005,historical_url_evidence_materialization,legacy_input_url,prior_programmatic,True,_quarantine/policy_scraper_artifacts_20260702/artifacts/PILOTS/url_discovery/audit_trails/url_discovery_pilot_batch_003/source_review_log.csv,historical_discovery,1
173160,Bethel University,private,https://login.microsoftonline.com/353cbf68-c758-4f98-b6ae-961ebafec898/saml2?SAMLRequest=jZJNi9swEIb%2FitHdduzEXyIJJOsNBLZlybY99FIUZdwI9OFqRtv231d2aLu9hJ4Eo3mYeV5mjcLoke8CXe0JvgVASn4YbZHPHxsWvOVOoEJuhQHkJPnL7t0TL7MFH70jJ51mb5D7hEAET8pZlhz7DftSFM1ju6%2F6uu%2F6VdXsqrI9HFb1vnmsq325aljyCTzG%2Fg2LeIQQAxwtkrAUS4uyThd1WnYfyoIvG77sPrOkjw7KCpqpK9GIPM%2B1%2B6psZpT0Dt1AzmplIZPO5MtqKc9D3aayqdp0NXRteq4FpF1dwFkMINuuzSezkiUPziJMk%2B85ylsTl8H7%2BKbKjFpJRSw5OC9hjnrDBqERJqHnmIl6hT%2BV3e%2BIpmHBgH8B%2F6okfDw9%2FdWRBrMz0BV0Bpdws8svMIigKR8d0glwnPZg2%2FW0O5%2BD89v%2F4df5W2J9O5D3UfPYP7to8nPyMOJOCkVWzBV1SYe5lQeLI0g1KLhEQ63d9wcPgqI1%2BQAs396G%2FnuI218%3D&RelayState=https%3A%2F%2Fcms.bethel.edu%2Frenderfile%2Fba134ac58c586513100ee2a7cec27f4a%2Fundergrad%2Facademics%2Fcatalog%2F06-07-cas-catalog.pdf,2006,2006,historical_url_evidence_materialization,legacy_input_url,prior_programmatic,True,_quarantine/policy_scraper_artifacts_20260702/artifacts/PILOTS/url_discovery/audit_trails/url_discovery_pilot_batch_003/source_review_log.csv,historical_discovery,1
174020,Metropolitan State University,public,https://www.metrostate.edu/sites/default/files/2018-10/catalog-undergraduate-2007-2008.pdf,2007,2008,historical_url_evidence_materialization,historical_lead_input_url,imported_llm_candidate_lead,False,_quarantine/policy_scraper_artifacts_20260702/artifacts/AUDIT_TRAILS/policy_data_internal_existing/90_INTERNAL_PIPELINE_ARTIFACTS/audits/legacy_benchmark_current/public_fresh_ai_year_candidates_public_fresh_full_rank101_125_ai25_live.csv,historical_attempt,2
174020,Metropolitan State University,public,https://www.metrostate.edu/sites/default/files/2018-07/2008-2009-undergraduate-catalog.pdf,2008,2009,historical_url_evidence_materialization,historical_lead_input_url,imported_llm_candidate_lead,False,_quarantine/policy_scraper_artifacts_20260702/artifacts/AUDIT_TRAILS/policy_data_internal_existing/90_INTERNAL_PIPELINE_ARTIFACTS/audits/legacy_benchmark_current/public_fresh_ai_year_candidates_public_fresh_full_rank101_125_ai25_live.csv,historical_attempt,2
174020,Metropolitan State University,public,https://www.metrostate.edu/sites/default/files/2018-06/catalog-undergraduate-2009-2010.pdf,2009,2010,historical_url_evidence_materialization,historical_lead_input_url,imported_llm_candidate_lead,False,_quarantine/policy_scraper_artifacts_20260702/artifacts/AUDIT_TRAILS/policy_data_internal_existing/90_INTERNAL_PIPELINE_ARTIFACTS/audits/legacy_benchmark_current/public_fresh_ai_year_candidates_public_fresh_full_rank101_125_ai25_live.csv,historical_attempt,2
174020,Metropolitan State University,public,https://www.metrostate.edu/sites/default/files/2018-10/catalog-undergraduate-2010-2011_1.pdf,2010,2011,historical_url_evidence_materialization,historical_lead_input_url,imported_llm_candidate_lead,False,_quarantine/policy_scraper_artifacts_20260702/artifacts/AUDIT_TRAILS/policy_data_internal_existing/90_INTERNAL_PIPELINE_ARTIFACTS/audits/legacy_benchmark_current/public_fresh_ai_year_candidates_public_fresh_full_rank101_125_ai25_live.csv,historical_attempt,2
174020,Metropolitan State University,public,https://www.metrostate.edu/sites/default/files/2018-06/2011-2012-undergraduate-catalog.pdf,2011,2012,historical_url_evidence_materialization,historical_lead_input_url,imported_llm_candidate_lead,False,_quarantine/policy_scraper_artifacts_20260702/artifacts/OLD_OUTPUT_ARCHIVES/policy_data_rebuild_archive_20260622_054122/outputs/step3_live_rebuilt_ledger/step3_suggestion_candidate_ledger.csv,historical_attempt,2
174020,Metropolitan State University,public,https://www.metrostate.edu/sites/default/files/2018-06/catalog-undergraduate-2012-2013.pdf,2012,2013,historical_url_evidence_materialization,historical_lead_input_url,imported_llm_candidate_lead,False,_quarantine/policy_scraper_artifacts_20260702/artifacts/OLD_OUTPUT_ARCHIVES/policy_data_rebuild_archive_20260622_054122/outputs/step3_live_rebuilt_ledger/step3_suggestion_candidate_ledger.csv,historical_attempt,2
174020,Metropolitan State University,public,https://www.metrostate.edu/sites/default/files/2018-06/catalog-undergraduate-2013-2014.pdf,2013,2014,historical_url_evidence_materialization,historical_lead_input_url,imported_llm_candidate_lead,False,_quarantine/policy_scraper_artifacts_20260702/artifacts/OLD_OUTPUT_ARCHIVES/policy_data_rebuild_archive_20260622_054122/outputs/step3_live_rebuilt_ledger/step3_suggestion_candidate_ledger.csv,historical_attempt,2
174020,Metropolitan State University,public,https://www.metrostate.edu/sites/default/files/2018-06/catalog-undergraduate-2014-2015.pdf,2014,2015,historical_url_evidence_materialization,historical_lead_input_url,imported_llm_candidate_lead,False,_quarantine/policy_scraper_artifacts_20260702/artifacts/OLD_OUTPUT_ARCHIVES/policy_data_rebuild_archive_20260622_054122/outputs/step3_live_rebuilt_ledger/step3_suggestion_candidate_ledger.csv,historical_attempt,2
174020,Metropolitan State University,public,https://ushe.edu/wp-content/uploads/pdf/databook/2015/2015CompleteDataBook.pdf,2015,2015,historical_url_evidence_materialization,historical_lead_input_url,imported_llm_candidate_lead,False,_quarantine/policy_scraper_artifacts_20260702/artifacts/OLD_OUTPUT_ARCHIVES/policy_data_rebuild_archive_20260622_054122/outputs/step3_live_rebuilt_ledger/step3_suggestion_candidate_ledger.csv,historical_attempt,2
174020,Metropolitan State University,public,https://www.metrostate.edu/sites/default/files/2018-06/catalog-undergraduate-2016-2017.pdf,2016,2017,historical_url_evidence_materialization,historical_lead_input_url,imported_llm_candidate_lead,False,_quarantine/policy_scraper_artifacts_20260702/artifacts/OLD_OUTPUT_ARCHIVES/policy_data_rebuild_archive_20260622_054122/outputs/step3_live_rebuilt_ledger/step3_suggestion_candidate_ledger.csv,historical_attempt,2
174251,UNIVERSITY OF MINNESOTA-MORRIS,public,https://digitalcommons.morris.umn.edu/catalog/10,2002,2002,historical_url_evidence_materialization,historical_lead_input_url,imported_llm_candidate_lead,False,_quarantine/policy_scraper_artifacts_20260702/artifacts/OLD_OUTPUT_ARCHIVES/policy_data_rebuild_archive_20260622_054122/outputs/step3_live_rebuilt_ledger/step3_suggestion_candidate_ledger.csv,historical_attempt,2
174251,UNIVERSITY OF MINNESOTA-MORRIS,public,https://digitalcommons.morris.umn.edu/catalog/9,2003,2003,historical_url_evidence_materialization,historical_lead_input_url,imported_llm_candidate_lead,False,_quarantine/policy_scraper_artifacts_20260702/artifacts/OLD_OUTPUT_ARCHIVES/policy_data_rebuild_archive_20260622_054122/outputs/step3_live_rebuilt_ledger/step3_suggestion_candidate_ledger.csv,historical_attempt,2
174251,UNIVERSITY OF MINNESOTA-MORRIS,public,https://digitalcommons.morris.umn.edu/catalog/9,2004,2004,historical_url_evidence_materialization,historical_lead_input_url,imported_llm_candidate_lead,False,_quarantine/policy_scraper_artifacts_20260702/artifacts/OLD_OUTPUT_ARCHIVES/policy_data_rebuild_archive_20260622_054122/outputs/step3_live_rebuilt_ledger/step3_suggestion_candidate_ledger.csv,historical_attempt,2
174251,University of Minnesota-Morris,public,https://digitalcommons.morris.umn.edu/catalog/8,2005,2005,historical_url_evidence_materialization,historical_lead_input_url,imported_llm_candidate_lead,False,_quarantine/policy_scraper_artifacts_20260702/artifacts/OLD_OUTPUT_ARCHIVES/policy_data_rebuild_archive_20260622_054122/outputs/step3_live_rebuilt_ledger/step3_suggestion_candidate_ledger.csv,historical_attempt,2
174251,University of Minnesota-Morris,public,https://digitalcommons.morris.umn.edu/catalog/8,2006,2006,historical_url_evidence_materialization,historical_lead_input_url,imported_llm_candidate_lead,False,_quarantine/policy_scraper_artifacts_20260702/artifacts/OLD_OUTPUT_ARCHIVES/policy_data_rebuild_archive_20260622_054122/outputs/step3_live_rebuilt_ledger/step3_suggestion_candidate_ledger.csv,historical_attempt,2
174251,University of Minnesota-Morris,public,https://digitalcommons.morris.umn.edu/catalog/7,2007,2007,historical_url_evidence_materialization,historical_lead_input_url,imported_llm_candidate_lead,False,_quarantine/policy_scraper_artifacts_20260702/artifacts/OLD_OUTPUT_ARCHIVES/policy_data_rebuild_archive_20260622_054122/outputs/step3_live_rebuilt_ledger/step3_suggestion_candidate_ledger.csv,historical_attempt,2
174251,University of Minnesota-Morris,public,https://digitalcommons.morris.umn.edu/catalog/7,2008,2008,historical_url_evidence_materialization,historical_lead_input_url,imported_llm_candidate_lead,False,_quarantine/policy_scraper_artifacts_20260702/artifacts/OLD_OUTPUT_ARCHIVES/policy_data_rebuild_archive_20260622_054122/outputs/step3_live_rebuilt_ledger/step3_suggestion_candidate_ledger.csv,historical_attempt,2
174251,University of Minnesota-Morris,public,https://digitalcommons.morris.umn.edu/catalog/6,2009,2009,historical_url_evidence_materialization,historical_lead_input_url,imported_llm_candidate_lead,False,_quarantine/policy_scraper_artifacts_20260702/artifacts/OLD_OUTPUT_ARCHIVES/policy_data_rebuild_archive_20260622_054122/outputs/step3_live_rebuilt_ledger/step3_suggestion_candidate_ledger.csv,historical_attempt,2
174251,University of Minnesota-Morris,public,https://digitalcommons.morris.umn.edu/catalog/6,2010,2010,historical_url_evidence_materialization,historical_lead_input_url,imported_llm_candidate_lead,False,_quarantine/policy_scraper_artifacts_20260702/artifacts/OLD_OUTPUT_ARCHIVES/policy_data_rebuild_archive_20260622_054122/outputs/step3_live_rebuilt_ledger/step3_suggestion_candidate_ledger.csv,historical_attempt,2
174251,University of Minnesota-Morris,public,https://digitalcommons.morris.umn.edu/catalog/5,2011,2011,historical_url_evidence_materialization,historical_lead_input_url,imported_llm_candidate_lead,False,_quarantine/policy_scraper_artifacts_20260702/artifacts/OLD_OUTPUT_ARCHIVES/policy_data_rebuild_archive_20260622_054122/outputs/step3_live_rebuilt_ledger/step3_suggestion_candidate_ledger.csv,historical_attempt,2
174251,University of Minnesota-Morris,public,https://digitalcommons.morris.umn.edu/catalog/5,2012,2012,historical_url_evidence_materialization,historical_lead_input_url,imported_llm_candidate_lead,False,_quarantine/policy_scraper_artifacts_20260702/artifacts/OLD_OUTPUT_ARCHIVES/policy_data_rebuild_archive_20260622_054122/outputs/step3_live_rebuilt_ledger/step3_suggestion_candidate_ledger.csv,historical_attempt,2
174251,University of Minnesota-Morris,public,https://digitalcommons.morris.umn.edu/catalog/2,2013,2013,historical_url_evidence_materialization,historical_lead_input_url,imported_llm_candidate_lead,False,_quarantine/policy_scraper_artifacts_20260702/artifacts/OLD_OUTPUT_ARCHIVES/policy_data_rebuild_archive_20260622_054122/outputs/step3_live_rebuilt_ledger/step3_suggestion_candidate_ledger.csv,historical_attempt,2
174251,University of Minnesota-Morris,public,https://digitalcommons.morris.umn.edu/catalog/2,2014,2014,historical_url_evidence_materialization,historical_lead_input_url,imported_llm_candidate_lead,False,_quarantine/policy_scraper_artifacts_20260702/artifacts/OLD_OUTPUT_ARCHIVES/policy_data_rebuild_archive_20260622_054122/outputs/step3_live_rebuilt_ledger/step3_suggestion_candidate_ledger.csv,historical_attempt,2
174251,University of Minnesota-Morris,public,https://digitalcommons.morris.umn.edu/catalog/1,2015,2015,historical_url_evidence_materialization,historical_lead_input_url,imported_llm_candidate_lead,False,_quarantine/policy_scraper_artifacts_20260702/artifacts/OLD_OUTPUT_ARCHIVES/policy_data_rebuild_archive_20260622_054122/outputs/step3_live_rebuilt_ledger/step3_suggestion_candidate_ledger.csv,historical_attempt,2
174251,University of Minnesota-Morris,public,https://digitalcommons.morris.umn.edu/catalog/1,2016,2016,historical_url_evidence_materialization,historical_lead_input_url,imported_llm_candidate_lead,False,_quarantine/policy_scraper_artifacts_20260702/artifacts/OLD_OUTPUT_ARCHIVES/policy_data_rebuild_archive_20260622_054122/outputs/step3_live_rebuilt_ledger/step3_suggestion_candidate_ledger.csv,historical_attempt,2
175078,Southwest Minnesota State University,public,https://catalog.smsu.edu/policies-procedures/ae-procedure/,2015,2015,historical_url_evidence_materialization,historical_lead_input_url,imported_llm_candidate_lead,False,_quarantine/policy_scraper_artifacts_20260702/artifacts/OLD_OUTPUT_ARCHIVES/policy_data_rebuild_archive_20260622_054122/outputs/step3_live_rebuilt_ledger/step3_suggestion_candidate_ledger.csv,historical_attempt,2
175342,Alcorn State University,public,https://www.alcorn.edu/wp-content/uploads/2022/07/Genetic_Information_Non-discrimination_Act_of_2008_GINA.pdf,2008,2009,historical_url_evidence_materialization,historical_lead_input_url,historical_programmatic_lead,False,_quarantine/policy_scraper_artifacts_20260702/artifacts/PIPELINE_OUTPUTS/01_url_discovery/production_chunks/production_chunk_scale_drill_002/OUTPUT_urls_for_text_extraction.csv,historical_attempt,3
175342,Alcorn State University,public,https://www.alcorn.edu/wp-content/uploads/2023/02/ASU_Foundation_Report_of_Giving_2008-2009_Spring_2010.pdf,2008,2009,historical_url_evidence_materialization,historical_lead_input_url,historical_programmatic_lead,False,_quarantine/policy_scraper_artifacts_20260702/artifacts/PIPELINE_OUTPUTS/01_url_discovery/production_chunks/production_chunk_scale_drill_002/OUTPUT_urls_for_text_extraction.csv,historical_attempt,3
175342,Alcorn State University,public,https://www.alcorn.edu/wp-content/uploads/2022/06/Fact_Book_2010-11-1.pdf,2010,2011,historical_url_evidence_materialization,historical_lead_input_url,historical_programmatic_lead,False,_quarantine/policy_scraper_artifacts_20260702/artifacts/PIPELINE_OUTPUTS/01_url_discovery/production_chunks/production_chunk_scale_drill_002/OUTPUT_urls_for_text_extraction.csv,historical_attempt,3
175342,Alcorn State University,public,https://www.alcorn.edu/wp-content/uploads/2022/06/Fact_Book_2011-12-1.pdf,2011,2012,historical_url_evidence_materialization,historical_lead_input_url,historical_programmatic_lead,False,_quarantine/policy_scraper_artifacts_20260702/artifacts/PIPELINE_OUTPUTS/01_url_discovery/production_chunks/production_chunk_scale_drill_002/OUTPUT_urls_for_text_extraction.csv,historical_attempt,3
175342,Alcorn State University,public,https://www.alcorn.edu/wp-content/uploads/2022/06/ASU_Catalog_20122014.pdf,2012,2013,historical_url_evidence_materialization,legacy_input_url,prior_programmatic,True,_quarantine/policy_scraper_artifacts_20260702/artifacts/PIPELINE_OUTPUTS/01_url_discovery/production_chunks/production_chunk_scale_drill_002/OUTPUT_source_ledger_delta.csv,historical_attempt,1
175342,Alcorn State University,public,https://www.alcorn.edu/wp-content/uploads/2022/06/ASU_Catalog_20122014.pdf,2012,2013,historical_url_evidence_materialization,legacy_input_url,prior_programmatic,True,_quarantine/policy_scraper_artifacts_20260702/artifacts/PIPELINE_OUTPUTS/01_url_discovery/production_chunks/production_chunk_scale_drill_002/OUTPUT_source_ledger_delta.csv,historical_attempt,1
175342,Alcorn State University,public,https://www.alcorn.edu/wp-content/uploads/2022/06/Catalog_Cover_1416.jpg,2022,2023,historical_url_evidence_materialization,legacy_input_url,prior_programmatic,True,_quarantine/policy_scraper_artifacts_20260702/artifacts/PIPELINE_OUTPUTS/01_url_discovery/production_chunks/production_chunk_scale_drill_002/OUTPUT_source_ledger_delta.csv,historical_attempt,1
175342,Alcorn State University,public,https://www.alcorn.edu/wp-content/uploads/2022/06/Catalog_Cover_1416.jpg,2022,2023,historical_url_evidence_materialization,legacy_input_url,prior_programmatic,True,_quarantine/policy_scraper_artifacts_20260702/artifacts/PIPELINE_OUTPUTS/01_url_discovery/production_chunks/production_chunk_scale_drill_002/OUTPUT_source_ledger_delta.csv,historical_attempt,1
175342,Alcorn State University,public,https://www.alcorn.edu/wp-content/uploads/2022/06/20162018_Undergraduate_Catalog_Sept._29.pdf,2016,2017,historical_url_evidence_materialization,legacy_input_url,prior_programmatic,True,_quarantine/policy_scraper_artifacts_20260702/artifacts/PIPELINE_OUTPUTS/01_url_discovery/production_chunks/production_chunk_scale_drill_002/OUTPUT_source_ledger_delta.csv,historical_attempt,1
175616,DELTA STATE UNIVERSITY,public,https://www.deltastate.edu/docs/acad_affairs/444.pdf,2004,2004,historical_url_evidence_materialization,legacy_input_url,validated_human_legacy,True,_quarantine/policy_scraper_artifacts_20260702/artifacts/AUDIT_TRAILS/policy_data_internal_existing/90_INTERNAL_PIPELINE_ARTIFACTS/interim/archive/pre_namespace_run_20260609_production_namespace/legacy_evidence_links.csv,historical_discovery,0
175616,Delta State University,public,https://www.deltastate.edu/docs/acad_affairs/444.pdf,2005,2005,historical_url_evidence_materialization,historical_lead_input_url,imported_llm_candidate_lead,False,_quarantine/policy_scraper_artifacts_20260702/artifacts/OLD_OUTPUT_ARCHIVES/policy_data_rebuild_archive_20260622_054122/outputs/step3_live_rebuilt_ledger/step3_suggestion_candidate_ledger.csv,historical_attempt,2
175616,Delta State University,public,https://web.archive.org/web/20060521131847/http://www.deltastate.edu:80/docs/acad_affairs/2006-2007_GR_catalog.pdf,2006,2007,historical_url_evidence_materialization,historical_lead_input_url,imported_llm_candidate_lead,False,_quarantine/policy_scraper_artifacts_20260702/artifacts/OLD_OUTPUT_ARCHIVES/policy_data_rebuild_archive_20260622_054122/outputs/step4_source_review/step4_suggestion_source_review.csv,historical_attempt,2
175616,Delta State University,public,https://web.archive.org/web/20090617015636/http://www.deltastate.edu:80/docs/acad_affairs/GR%202007-2008%20catalog%20with%20bkmrks%20FINAL.pdf,2007,2008,historical_url_evidence_materialization,historical_lead_input_url,imported_llm_candidate_lead,False,_quarantine/policy_scraper_artifacts_20260702/artifacts/OLD_OUTPUT_ARCHIVES/policy_data_rebuild_archive_20260622_054122/outputs/step4_source_review/step4_suggestion_source_review.csv,historical_attempt,2
175616,Delta State University,public,https://web.archive.org/web/20090117140258/http://www.deltastate.edu:80/docs/acad_affairs/2008-2009%20GR%20catalog%20with%20bkmrks%20FINAL.pdf,2008,2009,historical_url_evidence_materialization,historical_lead_input_url,imported_llm_candidate_lead,False,_quarantine/policy_scraper_artifacts_20260702/artifacts/OLD_OUTPUT_ARCHIVES/policy_data_rebuild_archive_20260622_054122/outputs/step4_source_review/step4_suggestion_source_review.csv,historical_attempt,2
175616,Delta State University,public,https://web.archive.org/web/20100415071707/http://www.deltastate.edu:80/docs/acad_affairs/2009-2010%20GR%20Catalog%20with%20bookmarks%20and%20logo.pdf,2009,2010,historical_url_evidence_materialization,historical_lead_input_url,imported_llm_candidate_lead,False,_quarantine/policy_scraper_artifacts_20260702/artifacts/OLD_OUTPUT_ARCHIVES/policy_data_rebuild_archive_20260622_054122/outputs/step4_source_review/step4_suggestion_source_review.csv,historical_attempt,2
175616,Delta State University,public,https://web.archive.org/web/20100415072001/http://www.deltastate.edu:80/docs/acad_affairs/2010-2011%20Academic%20Calendar%201-12-2010.pdf,2010,2011,historical_url_evidence_materialization,historical_lead_input_url,imported_llm_candidate_lead,False,_quarantine/policy_scraper_artifacts_20260702/artifacts/OLD_OUTPUT_ARCHIVES/policy_data_rebuild_archive_20260622_054122/outputs/step4_source_review/step4_suggestion_source_review.csv,historical_attempt,2
175856,Jackson State University,public,https://www.jsums.edu/wp-content/uploads/2012/09/2011-13_catalog1.pdf,2011,2012,historical_url_evidence_materialization,legacy_input_url,prior_programmatic,True,_quarantine/policy_scraper_artifacts_20260702/artifacts/PILOTS/url_discovery/audit_trails/transitional_url_discovery_production_chunk_001/current_run_reattempt_source_review.csv,historical_discovery,1
175856,Jackson State University,public,https://www.jsums.edu/wp-content/uploads/2012/09/2011-13_catalog1.pdf,2011,2012,historical_url_evidence_materialization,legacy_input_url,prior_programmatic,True,_quarantine/policy_scraper_artifacts_20260702/artifacts/PILOTS/url_discovery/audit_trails/transitional_url_discovery_production_chunk_001/current_run_reattempt_source_review.csv,historical_discovery,1
175856,Jackson State University,public,https://www.jsums.edu/2013-15coursebooklet.pdf,2013,2015,historical_url_evidence_materialization,legacy_input_url,prior_programmatic,True,_quarantine/policy_scraper_artifacts_20260702/artifacts/PILOTS/url_discovery/audit_trails/transitional_url_discovery_production_chunk_001/current_run_reattempt_source_review.csv,historical_discovery,1
175856,Jackson State University,public,https://www.jsums.edu/2013-15coursebooklet.pdf,2013,2015,historical_url_evidence_materialization,legacy_input_url,prior_programmatic,True,_quarantine/policy_scraper_artifacts_20260702/artifacts/PILOTS/url_discovery/audit_trails/transitional_url_discovery_production_chunk_001/current_run_reattempt_source_review.csv,historical_discovery,1
175856,Jackson State University,public,https://www.jsums.edu/wp-content/uploads/2025/06/JSU-Catalogue-15-17-1.pdf,2025,2026,historical_url_evidence_materialization,legacy_input_url,prior_programmatic,True,_quarantine/policy_scraper_artifacts_20260702/artifacts/PILOTS/url_discovery/audit_trails/transitional_url_discovery_production_chunk_001/current_run_reattempt_source_review.csv,historical_discovery,1
175856,Jackson State University,public,https://www.jsums.edu/wp-content/uploads/2025/06/JSU-Catalogue-15-17-1.pdf,2025,2026,historical_url_evidence_materialization,legacy_input_url,prior_programmatic,True,_quarantine/policy_scraper_artifacts_20260702/artifacts/PILOTS/url_discovery/audit_trails/transitional_url_discovery_production_chunk_001/current_run_reattempt_source_review.csv,historical_discovery,1
176017,University of Mississippi Main Campus,public,https://web.archive.org/web/20061005030233/http://www.catalog.msstate.edu:80/,2006,2007,historical_url_evidence_materialization,historical_lead_input_url,imported_llm_candidate_lead,False,_quarantine/policy_scraper_artifacts_20260702/artifacts/OLD_OUTPUT_ARCHIVES/policy_data_rebuild_archive_20260622_054122/outputs/step3_live_rebuilt_ledger/step3_suggestion_candidate_ledger.csv,historical_attempt,2
176017,University of Mississippi Main Campus,public,https://web.archive.org/web/20061005030233/http://www.catalog.msstate.edu:80/,2006,2007,historical_url_evidence_materialization,historical_lead_input_url,imported_llm_candidate_lead,False,_quarantine/policy_scraper_artifacts_20260702/artifacts/OLD_OUTPUT_ARCHIVES/policy_data_rebuild_archive_20260622_054122/outputs/step3_live_rebuilt_ledger/step3_suggestion_candidate_ledger.csv,historical_attempt,2
176017,University of Mississippi Main Campus,public,https://web.archive.org/web/20071009102858/http://www.catalog.msstate.edu:80/,2007,2008,historical_url_evidence_materialization,historical_lead_input_url,imported_llm_candidate_lead,False,_quarantine/policy_scraper_artifacts_20260702/artifacts/OLD_OUTPUT_ARCHIVES/policy_data_rebuild_archive_20260622_054122/outputs/step3_live_rebuilt_ledger/step3_suggestion_candidate_ledger.csv,historical_attempt,2
176017,University of Mississippi Main Campus,public,https://web.archive.org/web/20101117015501/http://www.catalog.msstate.edu:80/,2010,2011,historical_url_evidence_materialization,historical_lead_input_url,imported_llm_candidate_lead,False,_quarantine/policy_scraper_artifacts_20260702/artifacts/OLD_OUTPUT_ARCHIVES/policy_data_rebuild_old/inputs/public_claude_coverage_grid.csv,historical_attempt,2
176017,University of Mississippi,public,https://catalog.usm.edu/preview_program.php?catoid=5&poid=2506,2013,2013,historical_url_evidence_materialization,historical_lead_input_url,imported_llm_candidate_lead,False,_quarantine/policy_scraper_artifacts_20260702/artifacts/OLD_OUTPUT_ARCHIVES/policy_data_rebuild_archive_20260622_054122/outputs/step3_live_rebuilt_ledger/step3_suggestion_candidate_ledger.csv,historical_attempt,2
176017,University of Mississippi,public,https://catalog.msstate.edu/archives/2020-21/pdf/2014-15-undergraduate.pdf,2020,2021,historical_url_evidence_materialization,historical_lead_input_url,imported_llm_candidate_lead,False,_quarantine/policy_scraper_artifacts_20260702/artifacts/OLD_OUTPUT_ARCHIVES/policy_data_rebuild_archive_20260622_054122/outputs/step3_live_rebuilt_ledger/step3_suggestion_candidate_ledger.csv,historical_attempt,2
176017,University of Mississippi,public,https://catalog.msstate.edu/archives/2020-21/pdf/2015-16-undergraduate.pdf,2020,2021,historical_url_evidence_materialization,historical_lead_input_url,imported_llm_candidate_lead,False,_quarantine/policy_scraper_artifacts_20260702/artifacts/OLD_OUTPUT_ARCHIVES/policy_data_rebuild_archive_20260622_054122/outputs/step3_live_rebuilt_ledger/step3_suggestion_candidate_ledger.csv,historical_attempt,2
176017,University of Mississippi,public,https://catalog.msstate.edu/archives/2016-17/undergraduate/collegesanddegreeprograms/collegeofartsampsciences/preprofessionalprograms/,2016,2017,historical_url_evidence_materialization,historical_lead_input_url,imported_llm_candidate_lead,False,_quarantine/policy_scraper_artifacts_20260702/artifacts/OLD_OUTPUT_ARCHIVES/policy_data_rebuild_archive_20260622_054122/outputs/step3_live_rebuilt_ledger/step3_suggestion_candidate_ledger.csv,historical_attempt,2
176035,Mississippi University for Women,public,https://bulletin.muw.edu/index.php?catoid=4,2009,2009,historical_url_evidence_materialization,historical_lead_input_url,imported_llm_candidate_lead,False,_quarantine/policy_scraper_artifacts_20260702/artifacts/OLD_OUTPUT_ARCHIVES/policy_data_rebuild_archive_20260622_054122/outputs/step3_live_rebuilt_ledger/step3_suggestion_candidate_ledger.csv,historical_attempt,2
176035,Mississippi University for Women,public,https://bulletin.muw.edu/content.php?catoid=7&navoid=148,2010,2010,historical_url_evidence_materialization,legacy_input_url,validated_human_legacy,True,_quarantine/policy_scraper_artifacts_20260702/artifacts/AUDIT_TRAILS/policy_data_internal_existing/90_INTERNAL_PIPELINE_ARTIFACTS/interim/archive/pre_namespace_run_20260609_production_namespace/legacy_evidence_links.csv,historical_discovery,0
176035,Mississippi University for Women,public,https://bulletin.muw.edu/index.php?catoid=11,2011,2011,historical_url_evidence_materialization,historical_lead_input_url,imported_llm_candidate_lead,False,_quarantine/policy_scraper_artifacts_20260702/artifacts/OLD_OUTPUT_ARCHIVES/policy_data_rebuild_archive_20260622_054122/outputs/step3_live_rebuilt_ledger/step3_suggestion_candidate_ledger.csv,historical_attempt,2
176035,Mississippi University for Women,public,https://bulletin.muw.edu/index.php?catoid=10,2012,2012,historical_url_evidence_materialization,historical_lead_input_url,imported_llm_candidate_lead,False,_quarantine/policy_scraper_artifacts_20260702/artifacts/OLD_OUTPUT_ARCHIVES/policy_data_rebuild_archive_20260622_054122/outputs/step3_live_rebuilt_ledger/step3_suggestion_candidate_ledger.csv,historical_attempt,2
176035,Mississippi University for Women,public,https://bulletin.muw.edu/content.php?catoid=10&navoid=209,2013,2013,historical_url_evidence_materialization,legacy_input_url,validated_human_legacy,True,_quarantine/policy_scraper_artifacts_20260702/artifacts/AUDIT_TRAILS/policy_data_internal_existing/90_INTERNAL_PIPELINE_ARTIFACTS/interim/archive/pre_namespace_run_20260609_production_namespace/legacy_evidence_links.csv,historical_discovery,0
176035,Mississippi University for Women,public,https://bulletin.muw.edu/index.php?catoid=22,2015,2015,historical_url_evidence_materialization,historical_lead_input_url,imported_llm_candidate_lead,False,_quarantine/policy_scraper_artifacts_20260702/artifacts/OLD_OUTPUT_ARCHIVES/policy_data_rebuild_archive_20260622_054122/outputs/step3_live_rebuilt_ledger/step3_suggestion_candidate_ledger.csv,historical_attempt,2
176035,Mississippi University for Women,public,https://bulletin.muw.edu/index.php?catoid=24,2016,2016,historical_url_evidence_materialization,historical_lead_input_url,imported_llm_candidate_lead,False,_quarantine/policy_scraper_artifacts_20260702/artifacts/OLD_OUTPUT_ARCHIVES/policy_data_rebuild_archive_20260622_054122/outputs/step3_live_rebuilt_ledger/step3_suggestion_candidate_ledger.csv,historical_attempt,2
176080,MISSISSIPPI STATE UNIVERSITY,public,http://catalog.msstate.edu/archives/,2003,2003,historical_url_evidence_materialization,historical_lead_input_url,imported_llm_candidate_lead,False,_quarantine/policy_scraper_artifacts_20260702/artifacts/AUDIT_TRAILS/policy_data_internal_existing/90_INTERNAL_PIPELINE_ARTIFACTS/audits/legacy_benchmark_current/public_fresh_ai_year_candidates_public_fresh_full_rank126_150_ai25_live.csv,historical_attempt,2
176080,MISSISSIPPI STATE UNIVERSITY,public,http://catalog.msstate.edu/archives/,2004,2004,historical_url_evidence_materialization,historical_lead_input_url,imported_llm_candidate_lead,False,_quarantine/policy_scraper_artifacts_20260702/artifacts/AUDIT_TRAILS/policy_data_internal_existing/90_INTERNAL_PIPELINE_ARTIFACTS/audits/legacy_benchmark_current/public_fresh_ai_year_candidates_public_fresh_full_rank126_150_ai25_live.csv,historical_attempt,2
176080,Mississippi State University,public,http://catalog.msstate.edu/archives/,2005,2005,historical_url_evidence_materialization,historical_lead_input_url,imported_llm_candidate_lead,False,_quarantine/policy_scraper_artifacts_20260702/artifacts/AUDIT_TRAILS/policy_data_internal_existing/90_INTERNAL_PIPELINE_ARTIFACTS/audits/legacy_benchmark_current/public_fresh_ai_year_candidates_public_fresh_full_rank126_150_ai25_live.csv,historical_attempt,2
176080,Mississippi State University,public,http://catalog.msstate.edu/archives/,2006,2006,historical_url_evidence_materialization,historical_lead_input_url,imported_llm_candidate_lead,False,_quarantine/policy_scraper_artifacts_20260702/artifacts/AUDIT_TRAILS/policy_data_internal_existing/90_INTERNAL_PIPELINE_ARTIFACTS/audits/legacy_benchmark_current/public_fresh_ai_year_candidates_public_fresh_full_rank126_150_ai25_live.csv,historical_attempt,2
176080,Mississippi State University,public,http://catalog.msstate.edu/archives/,2007,2007,historical_url_evidence_materialization,historical_lead_input_url,imported_llm_candidate_lead,False,_quarantine/policy_scraper_artifacts_20260702/artifacts/AUDIT_TRAILS/policy_data_internal_existing/90_INTERNAL_PIPELINE_ARTIFACTS/audits/legacy_benchmark_current/public_fresh_ai_year_candidates_public_fresh_full_rank126_150_ai25_live.csv,historical_attempt,2
176080,Mississippi State University,public,http://catalog.msstate.edu/archives/,2008,2008,historical_url_evidence_materialization,historical_lead_input_url,imported_llm_candidate_lead,False,_quarantine/policy_scraper_artifacts_20260702/artifacts/AUDIT_TRAILS/policy_data_internal_existing/90_INTERNAL_PIPELINE_ARTIFACTS/audits/legacy_benchmark_current/public_fresh_ai_year_candidates_public_fresh_full_rank126_150_ai25_live.csv,historical_attempt,2
176080,Mississippi State University,public,http://catalog.msstate.edu/archives/,2009,2009,historical_url_evidence_materialization,historical_lead_input_url,imported_llm_candidate_lead,False,_quarantine/policy_scraper_artifacts_20260702/artifacts/AUDIT_TRAILS/policy_data_internal_existing/90_INTERNAL_PIPELINE_ARTIFACTS/audits/legacy_benchmark_current/public_fresh_ai_year_candidates_public_fresh_full_rank126_150_ai25_live.csv,historical_attempt,2
176080,Mississippi State University,public,http://catalog.msstate.edu/archives/,2010,2010,historical_url_evidence_materialization,historical_lead_input_url,imported_llm_candidate_lead,False,_quarantine/policy_scraper_artifacts_20260702/artifacts/AUDIT_TRAILS/policy_data_internal_existing/90_INTERNAL_PIPELINE_ARTIFACTS/audits/legacy_benchmark_current/public_fresh_ai_year_candidates_public_fresh_full_rank126_150_ai25_live.csv,historical_attempt,2
176080,Mississippi State University,public,http://catalog.msstate.edu/archives/,2011,2011,historical_url_evidence_materialization,historical_lead_input_url,imported_llm_candidate_lead,False,_quarantine/policy_scraper_artifacts_20260702/artifacts/AUDIT_TRAILS/policy_data_internal_existing/90_INTERNAL_PIPELINE_ARTIFACTS/audits/legacy_benchmark_current/public_fresh_ai_year_candidates_public_fresh_full_rank126_150_ai25_live.csv,historical_attempt,2
176080,Mississippi State University,public,http://catalog.msstate.edu/archives/,2012,2012,historical_url_evidence_materialization,historical_lead_input_url,imported_llm_candidate_lead,False,_quarantine/policy_scraper_artifacts_20260702/artifacts/AUDIT_TRAILS/policy_data_internal_existing/90_INTERNAL_PIPELINE_ARTIFACTS/audits/legacy_benchmark_current/public_fresh_ai_year_candidates_public_fresh_full_rank126_150_ai25_live.csv,historical_attempt,2
176080,Mississippi State University,public,http://catalog.msstate.edu/archives/,2013,2013,historical_url_evidence_materialization,historical_lead_input_url,imported_llm_candidate_lead,False,_quarantine/policy_scraper_artifacts_20260702/artifacts/AUDIT_TRAILS/policy_data_internal_existing/90_INTERNAL_PIPELINE_ARTIFACTS/audits/legacy_benchmark_current/public_fresh_ai_year_candidates_public_fresh_full_rank126_150_ai25_live.csv,historical_attempt,2
176080,Mississippi State University,public,https://catalog.msstate.edu/archives/2014-15/,2014,2015,historical_url_evidence_materialization,historical_lead_input_url,imported_llm_candidate_lead,False,_quarantine/policy_scraper_artifacts_20260702/artifacts/OLD_OUTPUT_ARCHIVES/policy_data_rebuild_archive_20260622_054122/outputs/step3_live_rebuilt_ledger/step3_suggestion_candidate_ledger.csv,historical_attempt,2
176080,Mississippi State University,public,https://catalog.msstate.edu/archives/2015-16/,2015,2016,historical_url_evidence_materialization,historical_lead_input_url,imported_llm_candidate_lead,False,_quarantine/policy_scraper_artifacts_20260702/artifacts/AUDIT_TRAILS/policy_data_internal_existing/90_INTERNAL_PIPELINE_ARTIFACTS/audits/legacy_benchmark_current/public_fresh_ai_year_candidates_public_fresh_full_rank126_150_ai25_live.csv,historical_attempt,2
176080,Mississippi State University,public,https://catalog.msstate.edu/archives/2016-17/,2016,2017,historical_url_evidence_materialization,historical_lead_input_url,imported_llm_candidate_lead,False,_quarantine/policy_scraper_artifacts_20260702/artifacts/OLD_OUTPUT_ARCHIVES/policy_data_rebuild_archive_20260622_054122/outputs/step3_live_rebuilt_ledger/step3_suggestion_candidate_ledger.csv,historical_attempt,2
176965,CENTRAL MISSOURI STATE UNIVERSITY,public,https://www.ucmo.edu/current-students/office-of-the-registrar-and-student-records/catalogs/undergrad02.pdf,2002,2002,historical_url_evidence_materialization,historical_lead_input_url,imported_llm_candidate_lead,False,_quarantine/policy_scraper_artifacts_20260702/artifacts/OLD_OUTPUT_ARCHIVES/policy_data_rebuild_archive_20260622_054122/outputs/step3_live_rebuilt_ledger/step3_suggestion_candidate_ledger.csv,historical_attempt,2
176965,CENTRAL MISSOURI STATE UNIVERSITY,public,https://www.ucmo.edu/current-students/office-of-the-registrar-and-student-records/catalogs/undergrad03.pdf,2003,2003,historical_url_evidence_materialization,historical_lead_input_url,imported_llm_candidate_lead,False,_quarantine/policy_scraper_artifacts_20260702/artifacts/OLD_OUTPUT_ARCHIVES/policy_data_rebuild_archive_20260622_054122/outputs/step3_live_rebuilt_ledger/step3_suggestion_candidate_ledger.csv,historical_attempt,2
176965,University of Central Missouri,public,https://www.ucmo.edu/current-students/office-of-the-registrar-and-student-records/catalogs/undergrad06.pdf,2006,2006,historical_url_evidence_materialization,historical_lead_input_url,imported_llm_candidate_lead,False,_quarantine/policy_scraper_artifacts_20260702/artifacts/OLD_OUTPUT_ARCHIVES/policy_data_rebuild_archive_20260622_054122/outputs/step3_live_rebuilt_ledger/step3_suggestion_candidate_ledger.csv,historical_attempt,2
176965,University of Central Missouri,public,https://www.ucmo.edu/current-students/office-of-the-registrar-and-student-records/catalogs/undergrad07.pdf,2007,2007,historical_url_evidence_materialization,historical_lead_input_url,imported_llm_candidate_lead,False,_quarantine/policy_scraper_artifacts_20260702/artifacts/OLD_OUTPUT_ARCHIVES/policy_data_rebuild_archive_20260622_054122/outputs/step3_live_rebuilt_ledger/step3_suggestion_candidate_ledger.csv,historical_attempt,2
176965,University of Central Missouri,public,https://www.ucmo.edu/current-students/office-of-the-registrar-and-student-records/catalogs/undergrad08.pdf,2008,2008,historical_url_evidence_materialization,historical_lead_input_url,imported_llm_candidate_lead,False,_quarantine/policy_scraper_artifacts_20260702/artifacts/OLD_OUTPUT_ARCHIVES/policy_data_rebuild_archive_20260622_054122/outputs/step3_live_rebuilt_ledger/step3_suggestion_candidate_ledger.csv,historical_attempt,2
176965,University of Central Missouri,public,https://www.ucmo.edu/current-students/office-of-the-registrar-and-student-records/catalogs/documents/ucm-undergrad-catalog-2009.pdf,2009,2010,historical_url_evidence_materialization,historical_lead_input_url,imported_llm_candidate_lead,False,_quarantine/policy_scraper_artifacts_20260702/artifacts/OLD_OUTPUT_ARCHIVES/policy_data_rebuild_archive_20260622_054122/outputs/step3_live_rebuilt_ledger/step3_suggestion_candidate_ledger.csv,historical_attempt,2
176965,University of Central Missouri,public,https://www.ucmo.edu/current-students/office-of-the-registrar-and-student-records/catalogs/documents/ucm-undergrad-catalog-2010.pdf,2010,2011,historical_url_evidence_materialization,historical_lead_input_url,imported_llm_candidate_lead,False,_quarantine/policy_scraper_artifacts_20260702/artifacts/OLD_OUTPUT_ARCHIVES/policy_data_rebuild_archive_20260622_054122/outputs/step3_live_rebuilt_ledger/step3_suggestion_candidate_ledger.csv,historical_attempt,2
176965,University of Central Missouri,public,https://www.ucmo.edu/current-students/office-of-the-registrar-and-student-records/catalogs/documents/ucm-undergrad-catalog-2011.pdf,2011,2012,historical_url_evidence_materialization,historical_lead_input_url,imported_llm_candidate_lead,False,_quarantine/policy_scraper_artifacts_20260702/artifacts/OLD_OUTPUT_ARCHIVES/policy_data_rebuild_archive_20260622_054122/outputs/step3_live_rebuilt_ledger/step3_suggestion_candidate_ledger.csv,historical_attempt,2
176965,University of Central Missouri,public,https://www.ucmo.edu/current-students/office-of-the-registrar-and-student-records/catalogs/documents/ucm-undergrad-catalog-2012.pdf,2012,2013,historical_url_evidence_materialization,historical_lead_input_url,imported_llm_candidate_lead,False,_quarantine/policy_scraper_artifacts_20260702/artifacts/OLD_OUTPUT_ARCHIVES/policy_data_rebuild_archive_20260622_054122/outputs/step3_live_rebuilt_ledger/step3_suggestion_candidate_ledger.csv,historical_attempt,2
176965,University of Central Missouri,public,https://www.ucmo.edu/current-students/office-of-the-registrar-and-student-records/catalogs/documents/ucm-undergrad-catalog-2013.pdf,2013,2014,historical_url_evidence_materialization,historical_lead_input_url,imported_llm_candidate_lead,False,_quarantine/policy_scraper_artifacts_20260702/artifacts/OLD_OUTPUT_ARCHIVES/policy_data_rebuild_archive_20260622_054122/outputs/step3_live_rebuilt_ledger/step3_suggestion_candidate_ledger.csv,historical_attempt,2
176965,University of Central Missouri,public,https://www.ucmo.edu/current-students/office-of-the-registrar-and-student-records/catalogs/documents/ucm-undergrad-catalog-2014.pdf,2014,2015,historical_url_evidence_materialization,historical_lead_input_url,imported_llm_candidate_lead,False,_quarantine/policy_scraper_artifacts_20260702/artifacts/OLD_OUTPUT_ARCHIVES/policy_data_rebuild_archive_20260622_054122/outputs/step3_live_rebuilt_ledger/step3_suggestion_candidate_ledger.csv,historical_attempt,2
176965,University of Central Missouri,public,https://www.ucmo.edu/current-students/office-of-the-registrar-and-student-records/catalogs/documents/ucm-undergrad-catalog-2015.pdf,2015,2016,historical_url_evidence_materialization,historical_lead_input_url,imported_llm_candidate_lead,False,_quarantine/policy_scraper_artifacts_20260702/artifacts/OLD_OUTPUT_ARCHIVES/policy_data_rebuild_archive_20260622_054122/outputs/step3_live_rebuilt_ledger/step3_suggestion_candidate_ledger.csv,historical_attempt,2
176965,University of Central Missouri,public,https://www.ucmo.edu/current-students/office-of-the-registrar-and-student-records/catalogs/documents/ucm-undergrad-catalog-2016.pdf,2016,2017,historical_url_evidence_materialization,historical_lead_input_url,imported_llm_candidate_lead,False,_quarantine/policy_scraper_artifacts_20260702/artifacts/OLD_OUTPUT_ARCHIVES/policy_data_rebuild_archive_20260622_054122/outputs/step3_live_rebuilt_ledger/step3_suggestion_candidate_ledger.csv,historical_attempt,2
177065,COLUMBIA COLLEGE,private,http://catalog.ccis.edu/mime/media/view/19/2349/02-03+UG+Change+Document.pdf,2002,2002,historical_url_evidence_materialization,legacy_input_url,prior_programmatic,True,_quarantine/policy_scraper_artifacts_20260702/artifacts/PILOTS/url_discovery/audit_trails/url_discovery_pilot_batch_006_dev_001/source_review_log.csv,historical_discovery,1
177065,COLUMBIA COLLEGE,private,http://catalog.ccis.edu/mime/media/view/19/2349/03-04+UG+Change+Document.pdf,2003,2003,historical_url_evidence_materialization,legacy_input_url,prior_programmatic,True,_quarantine/policy_scraper_artifacts_20260702/artifacts/PILOTS/url_discovery/audit_trails/url_discovery_pilot_batch_006_dev_001/source_review_log.csv,historical_discovery,1
177065,COLUMBIA COLLEGE,private,http://catalog.ccis.edu/content.php?catoid=19&navoid=2004,2004,2005,historical_url_evidence_materialization,historical_lead_input_url,historical_programmatic_lead,False,_quarantine/policy_scraper_artifacts_20260702/artifacts/PILOTS/url_discovery/pipeline_outputs/pilot_batch_006_dev_001/OUTPUT_urls_for_text_extraction.csv,historical_attempt,3
177065,Columbia College,private,http://catalog.ccis.edu/mime/media/view/19/2349/05-06+UG+Change+Document.pdf,2005,2005,historical_url_evidence_materialization,legacy_input_url,prior_programmatic,True,_quarantine/policy_scraper_artifacts_20260702/artifacts/PILOTS/url_discovery/audit_trails/url_discovery_pilot_batch_006_dev_001/source_review_log.csv,historical_discovery,1
177065,Columbia College,private,http://catalog.ccis.edu/content.php?catoid=19&navoid=2006,2006,2007,historical_url_evidence_materialization,historical_lead_input_url,historical_programmatic_lead,False,_quarantine/policy_scraper_artifacts_20260702/artifacts/PILOTS/url_discovery/pipeline_outputs/pilot_batch_006_dev_001/OUTPUT_urls_for_text_extraction.csv,historical_attempt,3
177065,Columbia College,private,http://catalog.ccis.edu/content.php?catoid=19&navoid=2007,2007,2008,historical_url_evidence_materialization,historical_lead_input_url,historical_programmatic_lead,False,_quarantine/policy_scraper_artifacts_20260702/artifacts/PILOTS/url_discovery/pipeline_outputs/pilot_batch_006_dev_001/OUTPUT_urls_for_text_extraction.csv,historical_attempt,3
177065,Columbia College,private,http://catalog.ccis.edu/content.php?catoid=19&navoid=2008,2008,2009,historical_url_evidence_materialization,historical_lead_input_url,historical_programmatic_lead,False,_quarantine/policy_scraper_artifacts_20260702/artifacts/PILOTS/url_discovery/pipeline_outputs/pilot_batch_006_dev_001/OUTPUT_urls_for_text_extraction.csv,historical_attempt,3
177065,Columbia College,private,https://www.ccis.edu/_files/directory/registrar/ugcatalogday-2010-pdf.pdf,2010,2011,historical_url_evidence_materialization,legacy_input_url,validated_human_legacy,True,_quarantine/policy_scraper_artifacts_20260702/artifacts/AUDIT_TRAILS/policy_data_internal_existing/90_INTERNAL_PIPELINE_ARTIFACTS/interim/archive/pre_namespace_run_20260609_production_namespace/legacy_evidence_links.csv,historical_discovery,0
177065,Columbia College,private,Grading and Academic Standing - Columbia College - Modern Campus Catalog™,2016,2016,historical_url_evidence_materialization,legacy_input_url,validated_human_legacy,True,_quarantine/policy_scraper_artifacts_20260702/artifacts/AUDIT_TRAILS/policy_data_internal_existing/90_INTERNAL_PIPELINE_ARTIFACTS/interim/archive/pre_namespace_run_20260609_production_namespace/legacy_evidence_links.csv,historical_discovery,0
177551,Harris-Stowe State University,public,https://go.hssu.edu/ae/aefiles/53/2012-14_Bulletin1.pdf,2012,2014,historical_url_evidence_materialization,historical_lead_input_url,imported_llm_candidate_lead,False,_quarantine/policy_scraper_artifacts_20260702/artifacts/AUDIT_TRAILS/policy_data_internal_existing/90_INTERNAL_PIPELINE_ARTIFACTS/audits/legacy_benchmark_current/public_fresh_ai_year_candidates_public_fresh_full_rank101_125_ai25_live.csv,historical_attempt,2
177551,Harris-Stowe State University,public,https://go.hssu.edu/ae/aefiles/53/2012-14_Bulletin1.pdf,2012,2014,historical_url_evidence_materialization,historical_lead_input_url,imported_llm_candidate_lead,False,_quarantine/policy_scraper_artifacts_20260702/artifacts/AUDIT_TRAILS/policy_data_internal_existing/90_INTERNAL_PIPELINE_ARTIFACTS/audits/legacy_benchmark_current/public_fresh_ai_year_candidates_public_fresh_full_rank101_125_ai25_live.csv,historical_attempt,2
178341,Missouri Southern State University,public,https://catalog.mssu.edu/index.php?catoid=1,2015,2015,historical_url_evidence_materialization,legacy_input_url,prior_programmatic,True,_quarantine/policy_scraper_artifacts_20260702/artifacts/PILOTS/url_discovery/audit_trails/mini_full_production_test_001/benchmark_against_old_audit.csv,historical_attempt,1
178341,Missouri Southern State University,public,https://catalog.mssu.edu/index.php?catoid=2,2016,2016,historical_url_evidence_materialization,legacy_input_url,prior_programmatic,True,_quarantine/policy_scraper_artifacts_20260702/artifacts/PILOTS/url_discovery/audit_trails/mini_full_production_test_001/benchmark_against_old_audit.csv,historical_attempt,1
178387,Missouri Western State University,public,http://catalog.missouriwestern.edu/archives/,2010,2010,historical_url_evidence_materialization,legacy_input_url,validated_human_legacy,True,_quarantine/policy_scraper_artifacts_20260702/artifacts/AUDIT_TRAILS/policy_data_internal_existing/90_INTERNAL_PIPELINE_ARTIFACTS/interim/archive/pre_namespace_run_20260609_production_namespace/legacy_evidence_links.csv,historical_discovery,0
178420,UNIVERSITY OF MISSOURI-ST LOUIS,public,https://irl.umsl.edu/cgi/viewcontent.cgi?article=1012&context=bulletin,2002,2002,historical_url_evidence_materialization,historical_lead_input_url,imported_llm_candidate_lead,False,_quarantine/policy_scraper_artifacts_20260702/artifacts/AUDIT_TRAILS/policy_data_internal_existing/90_INTERNAL_PIPELINE_ARTIFACTS/audits/legacy_benchmark_current/public_fresh_ai_year_candidates_public_fresh_full_rank101_125_ai25_live.csv,historical_attempt,2
178420,UNIVERSITY OF MISSOURI-ST LOUIS,public,https://irl.umsl.edu/cgi/viewcontent.cgi?article=1011&context=bulletin,2003,2003,historical_url_evidence_materialization,historical_lead_input_url,imported_llm_candidate_lead,False,_quarantine/policy_scraper_artifacts_20260702/artifacts/AUDIT_TRAILS/policy_data_internal_existing/90_INTERNAL_PIPELINE_ARTIFACTS/audits/legacy_benchmark_current/public_fresh_ai_year_candidates_public_fresh_full_rank101_125_ai25_live.csv,historical_attempt,2
178420,UNIVERSITY OF MISSOURI-ST LOUIS,public,https://irl.umsl.edu/cgi/viewcontent.cgi?article=1010&context=bulletin,2004,2004,historical_url_evidence_materialization,historical_lead_input_url,imported_llm_candidate_lead,False,_quarantine/policy_scraper_artifacts_20260702/artifacts/AUDIT_TRAILS/policy_data_internal_existing/90_INTERNAL_PIPELINE_ARTIFACTS/audits/legacy_benchmark_current/public_fresh_ai_year_candidates_public_fresh_full_rank101_125_ai25_live.csv,historical_attempt,2
178420,University of Missouri-St Louis,public,https://irl.umsl.edu/cgi/viewcontent.cgi?article=1009&context=bulletin,2005,2005,historical_url_evidence_materialization,historical_lead_input_url,imported_llm_candidate_lead,False,_quarantine/policy_scraper_artifacts_20260702/artifacts/AUDIT_TRAILS/policy_data_internal_existing/90_INTERNAL_PIPELINE_ARTIFACTS/audits/legacy_benchmark_current/public_fresh_ai_year_candidates_public_fresh_full_rank101_125_ai25_live.csv,historical_attempt,2
178420,University of Missouri-St Louis,public,https://irl.umsl.edu/cgi/viewcontent.cgi?article=1008&context=bulletin,2006,2006,historical_url_evidence_materialization,historical_lead_input_url,imported_llm_candidate_lead,False,_quarantine/policy_scraper_artifacts_20260702/artifacts/AUDIT_TRAILS/policy_data_internal_existing/90_INTERNAL_PIPELINE_ARTIFACTS/audits/legacy_benchmark_current/public_fresh_ai_year_candidates_public_fresh_full_rank101_125_ai25_live.csv,historical_attempt,2
178420,University of Missouri-St Louis,public,https://irl.umsl.edu/cgi/viewcontent.cgi?article=1007&context=bulletin,2007,2007,historical_url_evidence_materialization,historical_lead_input_url,imported_llm_candidate_lead,False,_quarantine/policy_scraper_artifacts_20260702/artifacts/AUDIT_TRAILS/policy_data_internal_existing/90_INTERNAL_PIPELINE_ARTIFACTS/audits/legacy_benchmark_current/public_fresh_ai_year_candidates_public_fresh_full_rank101_125_ai25_live.csv,historical_attempt,2
178420,University of Missouri-St Louis,public,http://www.umsl.edu/bulletin/2008-2009/index2008-2009.html,2008,2009,historical_url_evidence_materialization,historical_lead_input_url,imported_llm_candidate_lead,False,_quarantine/policy_scraper_artifacts_20260702/artifacts/OLD_OUTPUT_ARCHIVES/policy_data_rebuild_archive_20260622_054122/outputs/step3_live_rebuilt_ledger/step3_suggestion_candidate_ledger.csv,historical_attempt,2
178420,University of Missouri-St Louis,public,http://www.umsl.edu/bulletin/2009-2010/index2009-2010.html,2009,2010,historical_url_evidence_materialization,historical_lead_input_url,imported_llm_candidate_lead,False,_quarantine/policy_scraper_artifacts_20260702/artifacts/OLD_OUTPUT_ARCHIVES/policy_data_rebuild_archive_20260622_054122/outputs/step3_live_rebuilt_ledger/step3_suggestion_candidate_ledger.csv,historical_attempt,2
178420,University of Missouri-St Louis,public,http://www.umsl.edu/bulletin/2010-2011/index2010-2011.html,2010,2011,historical_url_evidence_materialization,historical_lead_input_url,imported_llm_candidate_lead,False,_quarantine/policy_scraper_artifacts_20260702/artifacts/OLD_OUTPUT_ARCHIVES/policy_data_rebuild_archive_20260622_054122/outputs/step3_live_rebuilt_ledger/step3_suggestion_candidate_ledger.csv,historical_attempt,2
178420,University of Missouri-St Louis,public,http://www.umsl.edu/bulletin/2011-2012/index2011-2012.html,2011,2012,historical_url_evidence_materialization,historical_lead_input_url,imported_llm_candidate_lead,False,_quarantine/policy_scraper_artifacts_20260702/artifacts/OLD_OUTPUT_ARCHIVES/policy_data_rebuild_archive_20260622_054122/outputs/step3_live_rebuilt_ledger/step3_suggestion_candidate_ledger.csv,historical_attempt,2
178420,University of Missouri-St Louis,public,http://www.umsl.edu/bulletin/index1.html,2012,2012,historical_url_evidence_materialization,historical_lead_input_url,imported_llm_candidate_lead,False,_quarantine/policy_scraper_artifacts_20260702/artifacts/OLD_OUTPUT_ARCHIVES/policy_data_rebuild_archive_20260622_054122/outputs/step3_live_rebuilt_ledger/step3_suggestion_candidate_ledger.csv,historical_attempt,2
178420,University of Missouri-St Louis,public,http://bulletin.umsl.edu/archives/2013-14,2013,2014,historical_url_evidence_materialization,historical_lead_input_url,imported_llm_candidate_lead,False,_quarantine/policy_scraper_artifacts_20260702/artifacts/OLD_OUTPUT_ARCHIVES/policy_data_rebuild_archive_20260622_054122/outputs/step3_live_rebuilt_ledger/step3_suggestion_candidate_ledger.csv,historical_attempt,2
178420,University of Missouri-St Louis,public,https://bulletin.umsl.edu/archives/2014-15,2014,2015,historical_url_evidence_materialization,historical_lead_input_url,imported_llm_candidate_lead,False,_quarantine/policy_scraper_artifacts_20260702/artifacts/OLD_OUTPUT_ARCHIVES/policy_data_rebuild_archive_20260622_054122/outputs/step3_live_rebuilt_ledger/step3_suggestion_candidate_ledger.csv,historical_attempt,2
178420,University of Missouri-St Louis,public,https://bulletin.umsl.edu/archives/2015-16,2015,2016,historical_url_evidence_materialization,historical_lead_input_url,imported_llm_candidate_lead,False,_quarantine/policy_scraper_artifacts_20260702/artifacts/OLD_OUTPUT_ARCHIVES/policy_data_rebuild_archive_20260622_054122/outputs/step3_live_rebuilt_ledger/step3_suggestion_candidate_ledger.csv,historical_attempt,2
178420,University of Missouri-St Louis,public,https://bulletin.umsl.edu/archives/2016-2017/,2016,2017,historical_url_evidence_materialization,historical_lead_input_url,imported_llm_candidate_lead,False,_quarantine/policy_scraper_artifacts_20260702/artifacts/OLD_OUTPUT_ARCHIVES/policy_data_rebuild_archive_20260622_054122/outputs/step3_live_rebuilt_ledger/step3_suggestion_candidate_ledger.csv,historical_attempt,2
179326,Southwest Baptist University,private,https://www.sbuniv.edu/_resources/documents/catalog/catalog11-12.pdf,2011,2011,historical_url_evidence_materialization,historical_lead_input_url,imported_llm_candidate_lead,False,_quarantine/policy_scraper_artifacts_20260702/artifacts/OLD_OUTPUT_ARCHIVES/policy_data_rebuild_archive_20260622_054122/outputs/step3_live_rebuilt_ledger/step3_suggestion_candidate_ledger.csv,historical_attempt,2
179326,Southwest Baptist University,private,https://www.sbuniv.edu/_resources/documents/catalog/catalog12-13.pdf,2012,2012,historical_url_evidence_materialization,historical_lead_input_url,imported_llm_candidate_lead,False,_quarantine/policy_scraper_artifacts_20260702/artifacts/OLD_OUTPUT_ARCHIVES/policy_data_rebuild_archive_20260622_054122/outputs/step3_live_rebuilt_ledger/step3_suggestion_candidate_ledger.csv,historical_attempt,2
179326,Southwest Baptist University,private,https://www.sbuniv.edu/_resources/documents/catalog/catalog13-14.pdf,2013,2013,historical_url_evidence_materialization,historical_lead_input_url,imported_llm_candidate_lead,False,_quarantine/policy_scraper_artifacts_20260702/artifacts/OLD_OUTPUT_ARCHIVES/policy_data_rebuild_archive_20260622_054122/outputs/step3_live_rebuilt_ledger/step3_suggestion_candidate_ledger.csv,historical_attempt,2
179326,Southwest Baptist University,private,https://www.sbuniv.edu/_resources/documents/catalog/catalog14-15.pdf,2014,2014,historical_url_evidence_materialization,historical_lead_input_url,imported_llm_candidate_lead,False,_quarantine/policy_scraper_artifacts_20260702/artifacts/OLD_OUTPUT_ARCHIVES/policy_data_rebuild_archive_20260622_054122/outputs/step3_live_rebuilt_ledger/step3_suggestion_candidate_ledger.csv,historical_attempt,2
179326,Southwest Baptist University,private,https://www.sbuniv.edu/_resources/documents/catalog/catalog15-16.pdf,2015,2015,historical_url_evidence_materialization,historical_lead_input_url,imported_llm_candidate_lead,False,_quarantine/policy_scraper_artifacts_20260702/artifacts/OLD_OUTPUT_ARCHIVES/policy_data_rebuild_archive_20260622_054122/outputs/step3_live_rebuilt_ledger/step3_suggestion_candidate_ledger.csv,historical_attempt,2
179326,Southwest Baptist University,private,https://www.sbuniv.edu/_resources/documents/catalog/catalog16-17.pdf,2016,2016,historical_url_evidence_materialization,historical_lead_input_url,imported_llm_candidate_lead,False,_quarantine/policy_scraper_artifacts_20260702/artifacts/OLD_OUTPUT_ARCHIVES/policy_data_rebuild_archive_20260622_054122/outputs/step3_live_rebuilt_ledger/step3_suggestion_candidate_ledger.csv,historical_attempt,2
180179,Montana State University-Billings,public,https://web.archive.org/web/20081013223850/http://www.msubillings.edu:80/catalogs/,2008,2009,historical_url_evidence_materialization,historical_lead_input_url,imported_llm_candidate_lead,False,_quarantine/policy_scraper_artifacts_20260702/artifacts/OLD_OUTPUT_ARCHIVES/policy_data_rebuild_old/inputs/public_claude_coverage_grid.csv,historical_attempt,2
180179,Montana State University-Billings,public,https://web.archive.org/web/20081013223850/http://www.msubillings.edu:80/catalogs/,2008,2009,historical_url_evidence_materialization,historical_lead_input_url,imported_llm_candidate_lead,False,_quarantine/policy_scraper_artifacts_20260702/artifacts/OLD_OUTPUT_ARCHIVES/policy_data_rebuild_old/inputs/public_claude_coverage_grid.csv,historical_attempt,2
180179,Montana State University-Billings,public,https://web.archive.org/web/20100425071556/http://www.msubillings.edu:80/catalogs/,2010,2011,historical_url_evidence_materialization,historical_lead_input_url,imported_llm_candidate_lead,False,_quarantine/policy_scraper_artifacts_20260702/artifacts/OLD_OUTPUT_ARCHIVES/policy_data_rebuild_old/inputs/public_claude_coverage_grid.csv,historical_attempt,2
180179,Montana State University-Billings,public,https://web.archive.org/web/20111022014028/http://www.msubillings.edu:80/catalogs/,2011,2012,historical_url_evidence_materialization,historical_lead_input_url,imported_llm_candidate_lead,False,_quarantine/policy_scraper_artifacts_20260702/artifacts/OLD_OUTPUT_ARCHIVES/policy_data_rebuild_old/inputs/public_claude_coverage_grid.csv,historical_attempt,2
180179,Montana State University Billings,public,https://web.archive.org/web/20111022014028/http://www.msubillings.edu:80/catalogs/,2011,2012,historical_url_evidence_materialization,historical_lead_input_url,imported_llm_candidate_lead,False,_quarantine/policy_scraper_artifacts_20260702/artifacts/OLD_OUTPUT_ARCHIVES/policy_data_rebuild_old/inputs/public_claude_coverage_grid.csv,historical_attempt,2
180461,Montana State University-Bozeman,public,https://catalog.montana.edu/archived-catalogs/2006-2008_Catalog.pdf,2006,2008,historical_url_evidence_materialization,historical_lead_input_url,imported_llm_candidate_lead,False,_quarantine/policy_scraper_artifacts_20260702/artifacts/AUDIT_TRAILS/policy_data_internal_existing/90_INTERNAL_PIPELINE_ARTIFACTS/audits/legacy_benchmark_current/public_fresh_ai_year_candidates_public_fresh_full_rank126_150_ai25_live.csv,historical_attempt,2
180461,Montana State University,public,https://catalog.montana.edu/archived-catalogs/2006-2008_Catalog.pdf,2006,2008,historical_url_evidence_materialization,historical_lead_input_url,imported_llm_candidate_lead,False,_quarantine/policy_scraper_artifacts_20260702/artifacts/AUDIT_TRAILS/policy_data_internal_existing/90_INTERNAL_PIPELINE_ARTIFACTS/audits/legacy_benchmark_current/public_fresh_ai_year_candidates_public_fresh_full_rank126_150_ai25_live.csv,historical_attempt,2
180461,Montana State University,public,https://catalog.montana.edu/archived-catalogs/Catalog_2008-2010.pdf,2008,2010,historical_url_evidence_materialization,historical_lead_input_url,imported_llm_candidate_lead,False,_quarantine/policy_scraper_artifacts_20260702/artifacts/AUDIT_TRAILS/policy_data_internal_existing/90_INTERNAL_PIPELINE_ARTIFACTS/audits/legacy_benchmark_current/public_fresh_ai_year_candidates_public_fresh_full_rank126_150_ai25_live.csv,historical_attempt,2
180461,Montana State University,public,https://catalog.montana.edu/archived-catalogs/Catalog_2008-2010.pdf,2008,2010,historical_url_evidence_materialization,historical_lead_input_url,imported_llm_candidate_lead,False,_quarantine/policy_scraper_artifacts_20260702/artifacts/AUDIT_TRAILS/policy_data_internal_existing/90_INTERNAL_PIPELINE_ARTIFACTS/audits/legacy_benchmark_current/public_fresh_ai_year_candidates_public_fresh_full_rank126_150_ai25_live.csv,historical_attempt,2
180461,Montana State University,public,https://catalog.montana.edu/archived-catalogs/2010-2012_Catalog.pdf,2010,2012,historical_url_evidence_materialization,historical_lead_input_url,imported_llm_candidate_lead,False,_quarantine/policy_scraper_artifacts_20260702/artifacts/AUDIT_TRAILS/policy_data_internal_existing/90_INTERNAL_PIPELINE_ARTIFACTS/audits/legacy_benchmark_current/public_fresh_ai_year_candidates_public_fresh_full_rank126_150_ai25_live.csv,historical_attempt,2
180461,Montana State University,public,https://catalog.montana.edu/archived-catalogs/2010-2012_Catalog.pdf,2010,2012,historical_url_evidence_materialization,historical_lead_input_url,imported_llm_candidate_lead,False,_quarantine/policy_scraper_artifacts_20260702/artifacts/AUDIT_TRAILS/policy_data_internal_existing/90_INTERNAL_PIPELINE_ARTIFACTS/audits/legacy_benchmark_current/public_fresh_ai_year_candidates_public_fresh_full_rank126_150_ai25_live.csv,historical_attempt,2
180461,Montana State University,public,https://catalog.montana.edu/archived-catalogs/2012-2014.pdf,2012,2014,historical_url_evidence_materialization,historical_lead_input_url,imported_llm_candidate_lead,False,_quarantine/policy_scraper_artifacts_20260702/artifacts/AUDIT_TRAILS/policy_data_internal_existing/90_INTERNAL_PIPELINE_ARTIFACTS/audits/legacy_benchmark_current/public_fresh_ai_year_candidates_public_fresh_full_rank126_150_ai25_live.csv,historical_attempt,2
180461,Montana State University,public,https://catalog.montana.edu/archived-catalogs/2012-2014.pdf,2012,2014,historical_url_evidence_materialization,historical_lead_input_url,imported_llm_candidate_lead,False,_quarantine/policy_scraper_artifacts_20260702/artifacts/AUDIT_TRAILS/policy_data_internal_existing/90_INTERNAL_PIPELINE_ARTIFACTS/audits/legacy_benchmark_current/public_fresh_ai_year_candidates_public_fresh_full_rank126_150_ai25_live.csv,historical_attempt,2
180461,Montana State University,public,http://catalog.gfcmsu.edu/archive/2014-15/,2014,2015,historical_url_evidence_materialization,historical_lead_input_url,imported_llm_candidate_lead,False,_quarantine/policy_scraper_artifacts_20260702/artifacts/OLD_OUTPUT_ARCHIVES/policy_data_rebuild_archive_20260622_054122/outputs/step3_live_rebuilt_ledger/step3_suggestion_candidate_ledger.csv,historical_attempt,2
180461,Montana State University,public,http://catalog.montana.edu/archived-catalogs/2015-2016/,2015,2016,historical_url_evidence_materialization,historical_lead_input_url,imported_llm_candidate_lead,False,_quarantine/policy_scraper_artifacts_20260702/artifacts/AUDIT_TRAILS/policy_data_internal_existing/90_INTERNAL_PIPELINE_ARTIFACTS/audits/legacy_benchmark_current/public_fresh_ai_year_candidates_public_fresh_full_rank126_150_ai25_live.csv,historical_attempt,2
180461,Montana State University,public,http://catalog.montana.edu/archived-catalogs/2016-2017/,2016,2017,historical_url_evidence_materialization,historical_lead_input_url,imported_llm_candidate_lead,False,_quarantine/policy_scraper_artifacts_20260702/artifacts/AUDIT_TRAILS/policy_data_internal_existing/90_INTERNAL_PIPELINE_ARTIFACTS/audits/legacy_benchmark_current/public_fresh_ai_year_candidates_public_fresh_full_rank126_150_ai25_live.csv,historical_attempt,2
180522,MONTANA STATE UNIVERSITY-NORTHERN,public,https://www.msun.edu/registrar/catalogs/2001-2003/2001-2003.htm,2001,2003,historical_url_evidence_materialization,historical_lead_input_url,imported_llm_candidate_lead,False,_quarantine/policy_scraper_artifacts_20260702/artifacts/AUDIT_TRAILS/policy_data_internal_existing/90_INTERNAL_PIPELINE_ARTIFACTS/audits/legacy_benchmark_current/public_fresh_ai_year_candidates_public_fresh_full_rank126_150_ai25_live.csv,historical_attempt,2
180522,MONTANA STATE UNIVERSITY-NORTHERN,public,https://www.msun.edu/registrar/catalogs/2003-2005/2003-2005.htm,2003,2005,historical_url_evidence_materialization,historical_lead_input_url,imported_llm_candidate_lead,False,_quarantine/policy_scraper_artifacts_20260702/artifacts/AUDIT_TRAILS/policy_data_internal_existing/90_INTERNAL_PIPELINE_ARTIFACTS/audits/legacy_benchmark_current/public_fresh_ai_year_candidates_public_fresh_full_rank126_150_ai25_live.csv,historical_attempt,2
180522,MONTANA STATE UNIVERSITY-NORTHERN,public,https://www.msun.edu/registrar/catalogs/2003-2005/2003-2005.htm,2003,2005,historical_url_evidence_materialization,historical_lead_input_url,imported_llm_candidate_lead,False,_quarantine/policy_scraper_artifacts_20260702/artifacts/AUDIT_TRAILS/policy_data_internal_existing/90_INTERNAL_PIPELINE_ARTIFACTS/audits/legacy_benchmark_current/public_fresh_ai_year_candidates_public_fresh_full_rank126_150_ai25_live.csv,historical_attempt,2
180522,Montana State University-Northern,public,https://www.msun.edu/registrar/catalogs/2005-2006/2005-2006Catalog.pdf,2005,2006,historical_url_evidence_materialization,historical_lead_input_url,imported_llm_candidate_lead,False,_quarantine/policy_scraper_artifacts_20260702/artifacts/AUDIT_TRAILS/policy_data_internal_existing/90_INTERNAL_PIPELINE_ARTIFACTS/audits/legacy_benchmark_current/public_fresh_ai_year_candidates_public_fresh_full_rank126_150_ai25_live.csv,historical_attempt,2
180522,Montana State University-Northern,public,https://www.msun.edu/registrar/catalogs/2006-2007/2006-2007Catalog.pdf,2006,2007,historical_url_evidence_materialization,historical_lead_input_url,imported_llm_candidate_lead,False,_quarantine/policy_scraper_artifacts_20260702/artifacts/AUDIT_TRAILS/policy_data_internal_existing/90_INTERNAL_PIPELINE_ARTIFACTS/audits/legacy_benchmark_current/public_fresh_ai_year_candidates_public_fresh_full_rank126_150_ai25_live.csv,historical_attempt,2
180522,Montana State University-Northern,public,https://www.msun.edu/registrar/catalogs/2007-2008/2007-2008Catalog.pdf,2007,2008,historical_url_evidence_materialization,historical_lead_input_url,imported_llm_candidate_lead,False,_quarantine/policy_scraper_artifacts_20260702/artifacts/AUDIT_TRAILS/policy_data_internal_existing/90_INTERNAL_PIPELINE_ARTIFACTS/audits/legacy_benchmark_current/public_fresh_ai_year_candidates_public_fresh_full_rank126_150_ai25_live.csv,historical_attempt,2
180522,Montana State University-Northern,public,https://www.msun.edu/registrar/catalogs/2008-2009/2008-2009Catalog.pdf,2008,2009,historical_url_evidence_materialization,historical_lead_input_url,imported_llm_candidate_lead,False,_quarantine/policy_scraper_artifacts_20260702/artifacts/AUDIT_TRAILS/policy_data_internal_existing/90_INTERNAL_PIPELINE_ARTIFACTS/audits/legacy_benchmark_current/public_fresh_ai_year_candidates_public_fresh_full_rank126_150_ai25_live.csv,historical_attempt,2
180522,Montana State University-Northern,public,https://www.msun.edu/registrar/catalogs/2009-2010/2009-2010Catalog.pdf,2009,2010,historical_url_evidence_materialization,historical_lead_input_url,imported_llm_candidate_lead,False,_quarantine/policy_scraper_artifacts_20260702/artifacts/AUDIT_TRAILS/policy_data_internal_existing/90_INTERNAL_PIPELINE_ARTIFACTS/audits/legacy_benchmark_current/public_fresh_ai_year_candidates_public_fresh_full_rank126_150_ai25_live.csv,historical_attempt,2
180522,Montana State University-Northern,public,https://www.msun.edu/registrar/catalogs/2010-2011/2010-2011Catalog.pdf,2010,2011,historical_url_evidence_materialization,historical_lead_input_url,imported_llm_candidate_lead,False,_quarantine/policy_scraper_artifacts_20260702/artifacts/AUDIT_TRAILS/policy_data_internal_existing/90_INTERNAL_PIPELINE_ARTIFACTS/audits/legacy_benchmark_current/public_fresh_ai_year_candidates_public_fresh_full_rank126_150_ai25_live.csv,historical_attempt,2
180522,Montana State University-Northern,public,https://www.msun.edu/registrar/catalogs/2011-2012/2011-2012Catalog.pdf,2011,2012,historical_url_evidence_materialization,historical_lead_input_url,imported_llm_candidate_lead,False,_quarantine/policy_scraper_artifacts_20260702/artifacts/OLD_OUTPUT_ARCHIVES/policy_data_rebuild_archive_20260622_054122/outputs/step3_live_rebuilt_ledger/step3_suggestion_candidate_ledger.csv,historical_attempt,2
180522,Montana State University-Northern,public,https://www.msun.edu/registrar/catalogs/2012-2013/2012-2013Catalogd.pdf,2012,2013,historical_url_evidence_materialization,historical_lead_input_url,imported_llm_candidate_lead,False,_quarantine/policy_scraper_artifacts_20260702/artifacts/OLD_OUTPUT_ARCHIVES/policy_data_rebuild_archive_20260622_054122/outputs/step3_live_rebuilt_ledger/step3_suggestion_candidate_ledger.csv,historical_attempt,2
180522,Montana State University-Northern,public,https://www.msun.edu/registrar/catalogs/2013-2014/2013-2014Catalogb.pdf,2013,2014,historical_url_evidence_materialization,historical_lead_input_url,imported_llm_candidate_lead,False,_quarantine/policy_scraper_artifacts_20260702/artifacts/OLD_OUTPUT_ARCHIVES/policy_data_rebuild_archive_20260622_054122/outputs/step3_live_rebuilt_ledger/step3_suggestion_candidate_ledger.csv,historical_attempt,2
180522,Montana State University-Northern,public,http://catalog.msun.edu/archive/2014-2015/,2014,2015,historical_url_evidence_materialization,historical_lead_input_url,imported_llm_candidate_lead,False,_quarantine/policy_scraper_artifacts_20260702/artifacts/AUDIT_TRAILS/policy_data_internal_existing/90_INTERNAL_PIPELINE_ARTIFACTS/audits/legacy_benchmark_current/public_fresh_ai_year_candidates_public_fresh_full_rank126_150_ai25_live.csv,historical_attempt,2
180522,Montana State University-Northern,public,http://catalog.msun.edu/archive/2015-2016/,2015,2016,historical_url_evidence_materialization,historical_lead_input_url,imported_llm_candidate_lead,False,_quarantine/policy_scraper_artifacts_20260702/artifacts/AUDIT_TRAILS/policy_data_internal_existing/90_INTERNAL_PIPELINE_ARTIFACTS/audits/legacy_benchmark_current/public_fresh_ai_year_candidates_public_fresh_full_rank126_150_ai25_live.csv,historical_attempt,2
180522,Montana State University-Northern,public,http://catalog.msun.edu/archive/2016-2017/,2016,2017,historical_url_evidence_materialization,historical_lead_input_url,imported_llm_candidate_lead,False,_quarantine/policy_scraper_artifacts_20260702/artifacts/AUDIT_TRAILS/policy_data_internal_existing/90_INTERNAL_PIPELINE_ARTIFACTS/audits/legacy_benchmark_current/public_fresh_ai_year_candidates_public_fresh_full_rank126_150_ai25_live.csv,historical_attempt,2
180948,Chadron State College,public,https://www.csc.edu/media/website/content-assets/documents/pdf/catalogs/csc_general_bulletin0507.pdf,2005,2005,historical_url_evidence_materialization,historical_lead_input_url,imported_llm_candidate_lead,False,_quarantine/policy_scraper_artifacts_20260702/artifacts/AUDIT_TRAILS/policy_data_internal_existing/90_INTERNAL_PIPELINE_ARTIFACTS/audits/legacy_benchmark_current/public_fresh_ai_year_candidates_public_fresh_full_rank126_150_ai25_live.csv,historical_attempt,2
180948,Chadron State College,public,https://www.csc.edu/media/website/content-assets/documents/pdf/catalogs/csc_general_bulletin0507.pdf,2006,2006,historical_url_evidence_materialization,historical_lead_input_url,imported_llm_candidate_lead,False,_quarantine/policy_scraper_artifacts_20260702/artifacts/AUDIT_TRAILS/policy_data_internal_existing/90_INTERNAL_PIPELINE_ARTIFACTS/audits/legacy_benchmark_current/public_fresh_ai_year_candidates_public_fresh_full_rank126_150_ai25_live.csv,historical_attempt,2
180948,Chadron State College,public,https://www.csc.edu/media/website/content-assets/documents/pdf/catalogs/csc_general_catalog0709.pdf,2007,2007,historical_url_evidence_materialization,historical_lead_input_url,imported_llm_candidate_lead,False,_quarantine/policy_scraper_artifacts_20260702/artifacts/AUDIT_TRAILS/policy_data_internal_existing/90_INTERNAL_PIPELINE_ARTIFACTS/audits/legacy_benchmark_current/public_fresh_ai_year_candidates_public_fresh_full_rank126_150_ai25_live.csv,historical_attempt,2
180948,Chadron State College,public,https://www.csc.edu/media/website/content-assets/documents/pdf/catalogs/csc_general_catalog0709.pdf,2008,2008,historical_url_evidence_materialization,historical_lead_input_url,imported_llm_candidate_lead,False,_quarantine/policy_scraper_artifacts_20260702/artifacts/AUDIT_TRAILS/policy_data_internal_existing/90_INTERNAL_PIPELINE_ARTIFACTS/audits/legacy_benchmark_current/public_fresh_ai_year_candidates_public_fresh_full_rank126_150_ai25_live.csv,historical_attempt,2
180948,Chadron State College,public,https://www.csc.edu/media/website/content-assets/documents/pdf/catalogs/csc_general_catalog0911.pdf,2009,2009,historical_url_evidence_materialization,historical_lead_input_url,imported_llm_candidate_lead,False,_quarantine/policy_scraper_artifacts_20260702/artifacts/AUDIT_TRAILS/policy_data_internal_existing/90_INTERNAL_PIPELINE_ARTIFACTS/audits/legacy_benchmark_current/public_fresh_ai_year_candidates_public_fresh_full_rank126_150_ai25_live.csv,historical_attempt,2
180948,Chadron State College,public,https://www.csc.edu/media/website/content-assets/documents/pdf/catalogs/csc_general_catalog0911.pdf,2010,2010,historical_url_evidence_materialization,historical_lead_input_url,imported_llm_candidate_lead,False,_quarantine/policy_scraper_artifacts_20260702/artifacts/AUDIT_TRAILS/policy_data_internal_existing/90_INTERNAL_PIPELINE_ARTIFACTS/audits/legacy_benchmark_current/public_fresh_ai_year_candidates_public_fresh_full_rank126_150_ai25_live.csv,historical_attempt,2
180948,Chadron State College,public,https://www.csc.edu/media/website/content-assets/documents/pdf/catalogs/GraduateCatalog_2011-2013_2Mar2011.pdf,2011,2013,historical_url_evidence_materialization,historical_lead_input_url,imported_llm_candidate_lead,False,_quarantine/policy_scraper_artifacts_20260702/artifacts/OLD_OUTPUT_ARCHIVES/policy_data_rebuild_archive_20260622_054122/outputs/step3_live_rebuilt_ledger/step3_suggestion_candidate_ledger.csv,historical_attempt,2
180948,Chadron State College,public,https://www.csc.edu/media/website/content-assets/documents/pdf/catalogs/GraduateCatalog_2011-2013_2Mar2011.pdf,2011,2013,historical_url_evidence_materialization,historical_lead_input_url,imported_llm_candidate_lead,False,_quarantine/policy_scraper_artifacts_20260702/artifacts/OLD_OUTPUT_ARCHIVES/policy_data_rebuild_archive_20260622_054122/outputs/step3_live_rebuilt_ledger/step3_suggestion_candidate_ledger.csv,historical_attempt,2
180948,Chadron State College,public,https://www.csc.edu/media/website/content-assets/documents/pdf/catalogs/GeneralCatalog_2012-2014.pdf,2012,2014,historical_url_evidence_materialization,historical_lead_input_url,imported_llm_candidate_lead,False,_quarantine/policy_scraper_artifacts_20260702/artifacts/OLD_OUTPUT_ARCHIVES/policy_data_rebuild_archive_20260622_054122/outputs/step3_live_rebuilt_ledger/step3_suggestion_candidate_ledger.csv,historical_attempt,2
180948,Chadron State College,public,https://www.csc.edu/media/website/content-assets/documents/pdf/catalogs/UndergraduateCatalog1415.pdf,2014,2014,historical_url_evidence_materialization,historical_lead_input_url,imported_llm_candidate_lead,False,_quarantine/policy_scraper_artifacts_20260702/artifacts/OLD_OUTPUT_ARCHIVES/policy_data_rebuild_archive_20260622_054122/outputs/step3_live_rebuilt_ledger/step3_suggestion_candidate_ledger.csv,historical_attempt,2
180948,Chadron State College,public,https://www.csc.edu/media/website/content-assets/documents/pdf/catalogs/UndergraduateCatalog.pdf,2015,2015,historical_url_evidence_materialization,historical_lead_input_url,imported_llm_candidate_lead,False,_quarantine/policy_scraper_artifacts_20260702/artifacts/OLD_OUTPUT_ARCHIVES/policy_data_rebuild_archive_20260622_054122/outputs/step3_live_rebuilt_ledger/step3_suggestion_candidate_ledger.csv,historical_attempt,2
180948,Chadron State College,public,https://www.csc.edu/media/website/content-assets/documents/pdf/catalogs/UndergraduateCatalog.pdf,2016,2016,historical_url_evidence_materialization,historical_lead_input_url,imported_llm_candidate_lead,False,_quarantine/policy_scraper_artifacts_20260702/artifacts/OLD_OUTPUT_ARCHIVES/policy_data_rebuild_archive_20260622_054122/outputs/step3_live_rebuilt_ledger/step3_suggestion_candidate_ledger.csv,historical_attempt,2
181330,Midland University,private,https://www.midlandu.edu/wp-content/uploads/2014-15-Academic-Catalog.pdf,2014,2015,historical_url_evidence_materialization,legacy_input_url,prior_programmatic,True,_quarantine/policy_scraper_artifacts_20260702/artifacts/PILOTS/url_discovery/audit_trails/url_discovery_pilot_batch_014_dev_009/source_review_log.csv,historical_discovery,1
181330,Midland University,private,https://www.midlandu.edu/wp-content/uploads/2015-16-Undergraduate-Academic-Catalog.pdf,2015,2016,historical_url_evidence_materialization,legacy_input_url,prior_programmatic,True,_quarantine/policy_scraper_artifacts_20260702/artifacts/PILOTS/url_discovery/audit_trails/transitional_url_discovery_production_chunk_001/benchmark_recovery.csv,historical_attempt,1
181330,Midland University,private,https://www.midlandu.edu/wp-content/uploads/2016-17-Academic-Catalog.pdf,2016,2017,historical_url_evidence_materialization,legacy_input_url,prior_programmatic,True,_quarantine/policy_scraper_artifacts_20260702/artifacts/PILOTS/url_discovery/audit_trails/url_discovery_pilot_batch_014_dev_009/source_review_log.csv,historical_discovery,1
181394,University of Nebraska at Omaha,public,https://cso.collegesource.com/viewer/CSO_catalinkviewer.aspx?iid=36791&pguid={917AA546-3419-494C-97D6-92529169D57E},2005,2005,historical_url_evidence_materialization,legacy_input_url,validated_human_legacy,True,_quarantine/policy_scraper_artifacts_20260702/artifacts/AUDIT_TRAILS/policy_data_internal_existing/90_INTERNAL_PIPELINE_ARTIFACTS/interim/archive/pre_namespace_run_20260609_production_namespace/legacy_evidence_links.csv,historical_discovery,0
181464,UNIVERSITY OF NEBRASKA AT LINCOLN,public,https://bulletin.unl.edu/undergraduate/downloads/ugb0203.pdf,2002,2002,historical_url_evidence_materialization,historical_lead_input_url,imported_llm_candidate_lead,False,_quarantine/policy_scraper_artifacts_20260702/artifacts/OLD_OUTPUT_ARCHIVES/policy_data_rebuild_archive_20260622_054122/outputs/step3_live_rebuilt_ledger/step3_suggestion_candidate_ledger.csv,historical_attempt,2
181464,UNIVERSITY OF NEBRASKA AT LINCOLN,public,https://bulletin.unl.edu/undergraduate/downloads/ugb0304.pdf,2003,2003,historical_url_evidence_materialization,legacy_input_url,validated_human_legacy,True,_quarantine/policy_scraper_artifacts_20260702/artifacts/AUDIT_TRAILS/policy_data_internal_existing/90_INTERNAL_PIPELINE_ARTIFACTS/interim/archive/pre_namespace_run_20260609_production_namespace/legacy_evidence_links.csv,historical_discovery,0
181464,University of Nebraska-Lincoln,public,https://web.archive.org/web/20071106121524/http://bulletin.unl.edu:80/,2007,2008,historical_url_evidence_materialization,historical_lead_input_url,imported_llm_candidate_lead,False,_quarantine/policy_scraper_artifacts_20260702/artifacts/OLD_OUTPUT_ARCHIVES/policy_data_rebuild_old/inputs/public_claude_coverage_grid.csv,historical_attempt,2
181464,University of Nebraska-Lincoln,public,https://web.archive.org/web/20081015231849/http://bulletin.unl.edu:80/,2008,2009,historical_url_evidence_materialization,historical_lead_input_url,imported_llm_candidate_lead,False,_quarantine/policy_scraper_artifacts_20260702/artifacts/OLD_OUTPUT_ARCHIVES/policy_data_rebuild_old/inputs/public_claude_coverage_grid.csv,historical_attempt,2
181464,University of Nebraska-Lincoln,public,https://web.archive.org/web/20090828114317/http://bulletin.unl.edu:80/?,2009,2010,historical_url_evidence_materialization,historical_lead_input_url,imported_llm_candidate_lead,False,_quarantine/policy_scraper_artifacts_20260702/artifacts/OLD_OUTPUT_ARCHIVES/policy_data_rebuild_old/inputs/public_claude_coverage_grid.csv,historical_attempt,2
181464,University of Nebraska-Lincoln,public,https://web.archive.org/web/20110902042159/http://bulletin.unl.edu:80/,2011,2012,historical_url_evidence_materialization,historical_lead_input_url,imported_llm_candidate_lead,False,_quarantine/policy_scraper_artifacts_20260702/artifacts/OLD_OUTPUT_ARCHIVES/policy_data_rebuild_archive_20260622_054122/outputs/step1_initial_candidate_ledger/step1_suggestion_candidate_ledger.csv,historical_attempt,2
182306,GREAT BASIN COLLEGE,public,https://www.gbcnv.edu/_resources/images/catalog/catalogs/catalog2003.pdf,2003,2004,historical_url_evidence_materialization,legacy_input_url,prior_programmatic,True,_quarantine/policy_scraper_artifacts_20260702/artifacts/PILOTS/url_discovery/audit_trails/url_discovery_pilot_batch_013_dev_008/source_review_log.csv,historical_discovery,1
182306,GREAT BASIN COLLEGE,public,https://www.gbcnv.edu/_resources/images/catalog/catalogs/catalog2004.pdf,2004,2005,historical_url_evidence_materialization,legacy_input_url,prior_programmatic,True,_quarantine/policy_scraper_artifacts_20260702/artifacts/PILOTS/url_discovery/audit_trails/url_discovery_pilot_batch_013_dev_008/source_review_log.csv,historical_discovery,1
182306,Great Basin College,public,https://www.gbcnv.edu/_resources/images/catalog/catalogs/catalog2005.pdf,2005,2006,historical_url_evidence_materialization,legacy_input_url,prior_programmatic,True,_quarantine/policy_scraper_artifacts_20260702/artifacts/PILOTS/url_discovery/audit_trails/url_discovery_pilot_batch_013_dev_008/source_review_log.csv,historical_discovery,1
182306,Great Basin College,public,https://www.gbcnv.edu/_resources/images/catalog/catalogs/catalog2006.pdf,2006,2007,historical_url_evidence_materialization,legacy_input_url,prior_programmatic,True,_quarantine/policy_scraper_artifacts_20260702/artifacts/PILOTS/url_discovery/audit_trails/url_discovery_pilot_batch_013_dev_008/source_review_log.csv,historical_discovery,1
182306,Great Basin College,public,https://www.gbcnv.edu/_resources/images/catalog/catalogs/catalog2007.pdf,2007,2008,historical_url_evidence_materialization,legacy_input_url,prior_programmatic,True,_quarantine/policy_scraper_artifacts_20260702/artifacts/PILOTS/url_discovery/audit_trails/url_discovery_pilot_batch_013_dev_008/source_review_log.csv,historical_discovery,1
182306,Great Basin College,public,https://www.gbcnv.edu/_resources/images/catalog/catalogs/catalog2008.pdf,2008,2009,historical_url_evidence_materialization,legacy_input_url,prior_programmatic,True,_quarantine/policy_scraper_artifacts_20260702/artifacts/PILOTS/url_discovery/audit_trails/url_discovery_pilot_batch_013_dev_008/source_review_log.csv,historical_discovery,1
182306,Great Basin College,public,https://www.gbcnv.edu/_resources/images/catalog/catalogs/catalog2009.pdf,2009,2010,historical_url_evidence_materialization,legacy_input_url,prior_programmatic,True,_quarantine/policy_scraper_artifacts_20260702/artifacts/PILOTS/url_discovery/audit_trails/url_discovery_pilot_batch_013_dev_008/source_review_log.csv,historical_discovery,1
182306,Great Basin College,public,https://www.gbcnv.edu/_resources/images/catalog/catalogs/catalog2013.pdf,2013,2014,historical_url_evidence_materialization,legacy_input_url,prior_programmatic,True,_quarantine/policy_scraper_artifacts_20260702/artifacts/PILOTS/url_discovery/audit_trails/url_discovery_pilot_batch_013_dev_008/source_review_log.csv,historical_discovery,1
182306,Great Basin College,public,https://www.gbcnv.edu/_resources/images/catalog/catalogs/catalog2014.pdf,2014,2015,historical_url_evidence_materialization,legacy_input_url,prior_programmatic,True,_quarantine/policy_scraper_artifacts_20260702/artifacts/PILOTS/url_discovery/audit_trails/url_discovery_pilot_batch_013_dev_008/source_review_log.csv,historical_discovery,1
182306,Great Basin College,public,https://www.gbcnv.edu/_resources/images/catalog/catalogs/catalog2015.pdf,2015,2016,historical_url_evidence_materialization,legacy_input_url,prior_programmatic,True,_quarantine/policy_scraper_artifacts_20260702/artifacts/PILOTS/url_discovery/audit_trails/url_discovery_pilot_batch_013_dev_008/source_review_log.csv,historical_discovery,1
182306,Great Basin College,public,https://www.gbcnv.edu/_resources/images/catalog/catalogs/catalog2016.pdf,2016,2017,historical_url_evidence_materialization,legacy_input_url,prior_programmatic,True,_quarantine/policy_scraper_artifacts_20260702/artifacts/PILOTS/url_discovery/audit_trails/url_discovery_pilot_batch_013_dev_008/source_review_log.csv,historical_discovery,1
183026,SOUTHERN NEW HAMPSHIRE UNIVERSITY,private,https://academicarchive.snhu.edu/items/273dbf5e-183f-40e5-b65d-a25830627675,2002,2002,historical_url_evidence_materialization,legacy_input_url,validated_human_legacy,True,_quarantine/policy_scraper_artifacts_20260702/artifacts/AUDIT_TRAILS/policy_data_internal_existing/90_INTERNAL_PIPELINE_ARTIFACTS/interim/archive/pre_namespace_run_20260609_production_namespace/legacy_evidence_links.csv,historical_discovery,0
183026,SOUTHERN NEW HAMPSHIRE UNIVERSITY,private,https://academicarchive.snhu.edu/server/api/core/bitstreams/0b7a4af7-3e07-41e1-a490-4ae79b183f8a/content,2003,2003,historical_url_evidence_materialization,legacy_input_url,validated_human_legacy,True,_quarantine/policy_scraper_artifacts_20260702/artifacts/AUDIT_TRAILS/policy_data_internal_existing/90_INTERNAL_PIPELINE_ARTIFACTS/interim/archive/pre_namespace_run_20260609_production_namespace/legacy_evidence_links.csv,historical_discovery,0
183026,SOUTHERN NEW HAMPSHIRE UNIVERSITY,private,https://academicarchive.snhu.edu/server/api/core/bitstreams/eca4253f-be53-44c7-877c-ff4eadcf08a4/content,2004,2004,historical_url_evidence_materialization,legacy_input_url,validated_human_legacy,True,_quarantine/policy_scraper_artifacts_20260702/artifacts/AUDIT_TRAILS/policy_data_internal_existing/90_INTERNAL_PIPELINE_ARTIFACTS/interim/archive/pre_namespace_run_20260609_production_namespace/legacy_evidence_links.csv,historical_discovery,0
183026,Southern New Hampshire University,private,https://academicarchive.snhu.edu/server/api/core/bitstreams/de0ccb58-6d89-410a-90f8-bc825651d2b4/content,2005,2005,historical_url_evidence_materialization,legacy_input_url,validated_human_legacy,True,_quarantine/policy_scraper_artifacts_20260702/artifacts/AUDIT_TRAILS/policy_data_internal_existing/90_INTERNAL_PIPELINE_ARTIFACTS/interim/archive/pre_namespace_run_20260609_production_namespace/legacy_evidence_links.csv,historical_discovery,0
183026,Southern New Hampshire University,private,https://academicarchive.snhu.edu/server/api/core/bitstreams/1e4866e1-6df3-4c2e-ab4c-952393c151a6/content,2006,2006,historical_url_evidence_materialization,legacy_input_url,validated_human_legacy,True,_quarantine/policy_scraper_artifacts_20260702/artifacts/AUDIT_TRAILS/policy_data_internal_existing/90_INTERNAL_PIPELINE_ARTIFACTS/interim/archive/pre_namespace_run_20260609_production_namespace/legacy_evidence_links.csv,historical_discovery,0
183026,Southern New Hampshire University,private,https://academicarchive.snhu.edu/server/api/core/bitstreams/eb2fbaa4-964d-4b89-a9ab-78c1150ebfbc/content,2007,2007,historical_url_evidence_materialization,legacy_input_url,validated_human_legacy,True,_quarantine/policy_scraper_artifacts_20260702/artifacts/AUDIT_TRAILS/policy_data_internal_existing/90_INTERNAL_PIPELINE_ARTIFACTS/interim/archive/pre_namespace_run_20260609_production_namespace/legacy_evidence_links.csv,historical_discovery,0
183026,Southern New Hampshire University,private,https://academicarchive.snhu.edu/server/api/core/bitstreams/80639fd9-de56-4fc3-ae0d-3b229ae11a01/content,2008,2008,historical_url_evidence_materialization,legacy_input_url,validated_human_legacy,True,_quarantine/policy_scraper_artifacts_20260702/artifacts/AUDIT_TRAILS/policy_data_internal_existing/90_INTERNAL_PIPELINE_ARTIFACTS/interim/archive/pre_namespace_run_20260609_production_namespace/legacy_evidence_links.csv,historical_discovery,0
183026,Southern New Hampshire University,private,https://academicarchive.snhu.edu/server/api/core/bitstreams/c55833c0-642c-4321-80ab-e7ffca1d7c3e/content,2009,2009,historical_url_evidence_materialization,legacy_input_url,validated_human_legacy,True,_quarantine/policy_scraper_artifacts_20260702/artifacts/AUDIT_TRAILS/policy_data_internal_existing/90_INTERNAL_PIPELINE_ARTIFACTS/interim/archive/pre_namespace_run_20260609_production_namespace/legacy_evidence_links.csv,historical_discovery,0
183026,Southern New Hampshire University,private,https://academicarchive.snhu.edu/server/api/core/bitstreams/05aaa1ae-4911-4b34-865a-32ae2ebd5ff1/content,2010,2010,historical_url_evidence_materialization,legacy_input_url,validated_human_legacy,True,_quarantine/policy_scraper_artifacts_20260702/artifacts/AUDIT_TRAILS/policy_data_internal_existing/90_INTERNAL_PIPELINE_ARTIFACTS/interim/archive/pre_namespace_run_20260609_production_namespace/legacy_evidence_links.csv,historical_discovery,0
183026,Southern New Hampshire University,private,https://academicarchive.snhu.edu/server/api/core/bitstreams/3995b4e9-c65e-4b1b-a1e2-3c31bda23e02/content,2011,2011,historical_url_evidence_materialization,legacy_input_url,validated_human_legacy,True,_quarantine/policy_scraper_artifacts_20260702/artifacts/AUDIT_TRAILS/policy_data_internal_existing/90_INTERNAL_PIPELINE_ARTIFACTS/interim/archive/pre_namespace_run_20260609_production_namespace/legacy_evidence_links.csv,historical_discovery,0
183026,Southern New Hampshire University,private,https://academicarchive.snhu.edu/server/api/core/bitstreams/2fc1d45c-3121-4814-bb93-2e738dc62a36/content,2012,2012,historical_url_evidence_materialization,legacy_input_url,validated_human_legacy,True,_quarantine/policy_scraper_artifacts_20260702/artifacts/AUDIT_TRAILS/policy_data_internal_existing/90_INTERNAL_PIPELINE_ARTIFACTS/interim/archive/pre_namespace_run_20260609_production_namespace/legacy_evidence_links.csv,historical_discovery,0
183026,Southern New Hampshire University,private,https://academicarchive.snhu.edu/server/api/core/bitstreams/1f8fa070-d085-4010-93ff-5a0729e2230b/content,2013,2013,historical_url_evidence_materialization,legacy_input_url,validated_human_legacy,True,_quarantine/policy_scraper_artifacts_20260702/artifacts/AUDIT_TRAILS/policy_data_internal_existing/90_INTERNAL_PIPELINE_ARTIFACTS/interim/archive/pre_namespace_run_20260609_production_namespace/legacy_evidence_links.csv,historical_discovery,0
183026,Southern New Hampshire University,private,https://academicarchive.snhu.edu/server/api/core/bitstreams/fdc32fd2-8640-403b-ae26-e9171c9622e6/content,2014,2014,historical_url_evidence_materialization,legacy_input_url,validated_human_legacy,True,_quarantine/policy_scraper_artifacts_20260702/artifacts/AUDIT_TRAILS/policy_data_internal_existing/90_INTERNAL_PIPELINE_ARTIFACTS/interim/archive/pre_namespace_run_20260609_production_namespace/legacy_evidence_links.csv,historical_discovery,0
183026,Southern New Hampshire University,private,https://academicarchive.snhu.edu/server/api/core/bitstreams/750b409f-c237-47fd-8e51-8777a8b08bd8/content,2015,2015,historical_url_evidence_materialization,legacy_input_url,validated_human_legacy,True,_quarantine/policy_scraper_artifacts_20260702/artifacts/AUDIT_TRAILS/policy_data_internal_existing/90_INTERNAL_PIPELINE_ARTIFACTS/interim/archive/pre_namespace_run_20260609_production_namespace/legacy_evidence_links.csv,historical_discovery,0
183026,Southern New Hampshire University,private,https://academicarchive.snhu.edu/server/api/core/bitstreams/c4de57b4-7e62-40d9-9564-6023bec8a005/content,2016,2016,historical_url_evidence_materialization,legacy_input_url,validated_human_legacy,True,_quarantine/policy_scraper_artifacts_20260702/artifacts/AUDIT_TRAILS/policy_data_internal_existing/90_INTERNAL_PIPELINE_ARTIFACTS/interim/archive/pre_namespace_run_20260609_production_namespace/legacy_evidence_links.csv,historical_discovery,0
183044,UNIVERSITY OF NEW HAMPSHIRE-MAIN CAMPUS,public,https://scholars.unh.edu/uncatalog/98,2002,2002,historical_url_evidence_materialization,historical_lead_input_url,imported_llm_candidate_lead,False,_quarantine/policy_scraper_artifacts_20260702/artifacts/AUDIT_TRAILS/policy_data_internal_existing/90_INTERNAL_PIPELINE_ARTIFACTS/audits/legacy_benchmark_current/public_fresh_ai_year_candidates_public_fresh_full_rank126_150_ai25_live.csv,historical_attempt,2
183044,UNIVERSITY OF NEW HAMPSHIRE-MAIN CAMPUS,public,https://archive.catalog.njit.edu/2003-2004Undergraduate.pdf,2003,2004,historical_url_evidence_materialization,historical_lead_input_url,imported_llm_candidate_lead,False,_quarantine/policy_scraper_artifacts_20260702/artifacts/OLD_OUTPUT_ARCHIVES/policy_data_rebuild_archive_20260622_054122/outputs/step3_live_rebuilt_ledger/step3_suggestion_candidate_ledger.csv,historical_attempt,2
183044,UNIVERSITY OF NEW HAMPSHIRE-MAIN CAMPUS,public,https://scholars.unh.edu/uncatalog/99,2004,2004,historical_url_evidence_materialization,historical_lead_input_url,imported_llm_candidate_lead,False,_quarantine/policy_scraper_artifacts_20260702/artifacts/AUDIT_TRAILS/policy_data_internal_existing/90_INTERNAL_PIPELINE_ARTIFACTS/audits/legacy_benchmark_current/public_fresh_ai_year_candidates_public_fresh_full_rank126_150_ai25_live.csv,historical_attempt,2
183044,University of New Hampshire-Main Campus,public,https://scholars.unh.edu/uncatalog/100,2005,2005,historical_url_evidence_materialization,historical_lead_input_url,imported_llm_candidate_lead,False,_quarantine/policy_scraper_artifacts_20260702/artifacts/AUDIT_TRAILS/policy_data_internal_existing/90_INTERNAL_PIPELINE_ARTIFACTS/audits/legacy_benchmark_current/public_fresh_ai_year_candidates_public_fresh_full_rank126_150_ai25_live.csv,historical_attempt,2
183044,University of New Hampshire-Main Campus,public,https://scholars.unh.edu/granite_catalogs/26,2006,2006,historical_url_evidence_materialization,historical_lead_input_url,imported_llm_candidate_lead,False,_quarantine/policy_scraper_artifacts_20260702/artifacts/AUDIT_TRAILS/policy_data_internal_existing/90_INTERNAL_PIPELINE_ARTIFACTS/audits/legacy_benchmark_current/public_fresh_ai_year_candidates_public_fresh_full_rank126_150_ai25_live.csv,historical_attempt,2
183044,University of New Hampshire-Main Campus,public,https://scholars.unh.edu/granite_catalogs/27,2007,2007,historical_url_evidence_materialization,historical_lead_input_url,imported_llm_candidate_lead,False,_quarantine/policy_scraper_artifacts_20260702/artifacts/AUDIT_TRAILS/policy_data_internal_existing/90_INTERNAL_PIPELINE_ARTIFACTS/audits/legacy_benchmark_current/public_fresh_ai_year_candidates_public_fresh_full_rank126_150_ai25_live.csv,historical_attempt,2
183044,University of New Hampshire-Main Campus,public,https://scholars.unh.edu/granite_catalogs/28,2008,2008,historical_url_evidence_materialization,historical_lead_input_url,imported_llm_candidate_lead,False,_quarantine/policy_scraper_artifacts_20260702/artifacts/AUDIT_TRAILS/policy_data_internal_existing/90_INTERNAL_PIPELINE_ARTIFACTS/audits/legacy_benchmark_current/public_fresh_ai_year_candidates_public_fresh_full_rank126_150_ai25_live.csv,historical_attempt,2
183044,University of New Hampshire-Main Campus,public,https://archive.catalog.njit.edu/2009-2010Undergraduate.pdf,2009,2010,historical_url_evidence_materialization,historical_lead_input_url,imported_llm_candidate_lead,False,_quarantine/policy_scraper_artifacts_20260702/artifacts/OLD_OUTPUT_ARCHIVES/policy_data_rebuild_archive_20260622_054122/outputs/step3_live_rebuilt_ledger/step3_suggestion_candidate_ledger.csv,historical_attempt,2
183044,University of New Hampshire-Main Campus,public,https://scholars.unh.edu/granite_catalogs/1,2010,2010,historical_url_evidence_materialization,historical_lead_input_url,imported_llm_candidate_lead,False,_quarantine/policy_scraper_artifacts_20260702/artifacts/AUDIT_TRAILS/policy_data_internal_existing/90_INTERNAL_PIPELINE_ARTIFACTS/audits/legacy_benchmark_current/public_fresh_ai_year_candidates_public_fresh_full_rank126_150_ai25_live.csv,historical_attempt,2
183044,University of New Hampshire-Main Campus,public,https://scholars.unh.edu/granite_catalogs/2,2011,2011,historical_url_evidence_materialization,historical_lead_input_url,imported_llm_candidate_lead,False,_quarantine/policy_scraper_artifacts_20260702/artifacts/AUDIT_TRAILS/policy_data_internal_existing/90_INTERNAL_PIPELINE_ARTIFACTS/audits/legacy_benchmark_current/public_fresh_ai_year_candidates_public_fresh_full_rank126_150_ai25_live.csv,historical_attempt,2
183044,University of New Hampshire-Main Campus,public,https://scholars.unh.edu/granite_catalogs/3,2012,2012,historical_url_evidence_materialization,historical_lead_input_url,imported_llm_candidate_lead,False,_quarantine/policy_scraper_artifacts_20260702/artifacts/AUDIT_TRAILS/policy_data_internal_existing/90_INTERNAL_PIPELINE_ARTIFACTS/audits/legacy_benchmark_current/public_fresh_ai_year_candidates_public_fresh_full_rank126_150_ai25_live.csv,historical_attempt,2
183044,University of New Hampshire-Main Campus,public,https://scholars.unh.edu/granite_catalogs/5,2013,2013,historical_url_evidence_materialization,historical_lead_input_url,imported_llm_candidate_lead,False,_quarantine/policy_scraper_artifacts_20260702/artifacts/AUDIT_TRAILS/policy_data_internal_existing/90_INTERNAL_PIPELINE_ARTIFACTS/audits/legacy_benchmark_current/public_fresh_ai_year_candidates_public_fresh_full_rank126_150_ai25_live.csv,historical_attempt,2
183044,University of New Hampshire-Main Campus,public,https://scholars.unh.edu/granite_catalogs/7,2014,2014,historical_url_evidence_materialization,historical_lead_input_url,imported_llm_candidate_lead,False,_quarantine/policy_scraper_artifacts_20260702/artifacts/AUDIT_TRAILS/policy_data_internal_existing/90_INTERNAL_PIPELINE_ARTIFACTS/audits/legacy_benchmark_current/public_fresh_ai_year_candidates_public_fresh_full_rank126_150_ai25_live.csv,historical_attempt,2
183044,University of New Hampshire-Main Campus,public,https://scholars.unh.edu/granite_catalogs/9,2015,2015,historical_url_evidence_materialization,historical_lead_input_url,imported_llm_candidate_lead,False,_quarantine/policy_scraper_artifacts_20260702/artifacts/AUDIT_TRAILS/policy_data_internal_existing/90_INTERNAL_PIPELINE_ARTIFACTS/audits/legacy_benchmark_current/public_fresh_ai_year_candidates_public_fresh_full_rank126_150_ai25_live.csv,historical_attempt,2
183044,University of New Hampshire-Main Campus,public,https://scholars.unh.edu/granite_catalogs/11,2016,2016,historical_url_evidence_materialization,historical_lead_input_url,imported_llm_candidate_lead,False,_quarantine/policy_scraper_artifacts_20260702/artifacts/AUDIT_TRAILS/policy_data_internal_existing/90_INTERNAL_PIPELINE_ARTIFACTS/audits/legacy_benchmark_current/public_fresh_ai_year_candidates_public_fresh_full_rank126_150_ai25_live.csv,historical_attempt,2
183062,KEENE STATE COLLEGE,public,https://universitysystemnh.sharepoint.com/:b:/t/RegistrarsOffice/ESW0gggK36JOjqmWSP4gEWABDDaPNO6_IVD-16aa0gfO_Q?e=tfi9tc,2002,2002,historical_url_evidence_materialization,historical_lead_input_url,imported_llm_candidate_lead,False,_quarantine/policy_scraper_artifacts_20260702/artifacts/OLD_OUTPUT_ARCHIVES/policy_data_rebuild_archive_20260622_054122/outputs/step3_live_rebuilt_ledger/step3_suggestion_candidate_ledger.csv,historical_attempt,2
183062,KEENE STATE COLLEGE,public,https://universitysystemnh.sharepoint.com/:b:/t/RegistrarsOffice/Eb2mwvvdExJNrDP3sePPTKQBeY4ACYI2P3Ftm49qFyqhwA?e=MeWZCy,2003,2003,historical_url_evidence_materialization,historical_lead_input_url,imported_llm_candidate_lead,False,_quarantine/policy_scraper_artifacts_20260702/artifacts/OLD_OUTPUT_ARCHIVES/policy_data_rebuild_archive_20260622_054122/outputs/step3_live_rebuilt_ledger/step3_suggestion_candidate_ledger.csv,historical_attempt,2
183062,KEENE STATE COLLEGE,public,https://universitysystemnh.sharepoint.com/:b:/t/RegistrarsOffice/EQ-_R7JAh3xGsLbUTFCE8pwBLCBCCQfP3gT0C9PUVQKCIQ?e=9K9L5C,2004,2004,historical_url_evidence_materialization,historical_lead_input_url,imported_llm_candidate_lead,False,_quarantine/policy_scraper_artifacts_20260702/artifacts/OLD_OUTPUT_ARCHIVES/policy_data_rebuild_archive_20260622_054122/outputs/step3_live_rebuilt_ledger/step3_suggestion_candidate_ledger.csv,historical_attempt,2
183062,Keene State College,public,https://universitysystemnh.sharepoint.com/:b:/t/RegistrarsOffice/EUA4VBlOVsVOuV9F5gplcmsBAis--527aKZHaSkc6rQ-bw?e=IHCUON,2005,2005,historical_url_evidence_materialization,historical_lead_input_url,imported_llm_candidate_lead,False,_quarantine/policy_scraper_artifacts_20260702/artifacts/OLD_OUTPUT_ARCHIVES/policy_data_rebuild_archive_20260622_054122/outputs/step3_live_rebuilt_ledger/step3_suggestion_candidate_ledger.csv,historical_attempt,2
183062,Keene State College,public,https://universitysystemnh.sharepoint.com/:b:/t/RegistrarsOffice/EZKVAVFIfn1Ltr6NyAPNL4YBIOLjkazfD-OMYdrnTvdgXA?e=MhWQoO,2006,2006,historical_url_evidence_materialization,historical_lead_input_url,imported_llm_candidate_lead,False,_quarantine/policy_scraper_artifacts_20260702/artifacts/OLD_OUTPUT_ARCHIVES/policy_data_rebuild_archive_20260622_054122/outputs/step3_live_rebuilt_ledger/step3_suggestion_candidate_ledger.csv,historical_attempt,2
183062,Keene State College,public,https://universitysystemnh.sharepoint.com/:b:/t/RegistrarsOffice/Eb5Q_DWqP05HqMsC1WFX7YMBhACljtNlZ4_9rMn78HFNWA?e=rVmqMc,2007,2007,historical_url_evidence_materialization,historical_lead_input_url,imported_llm_candidate_lead,False,_quarantine/policy_scraper_artifacts_20260702/artifacts/OLD_OUTPUT_ARCHIVES/policy_data_rebuild_archive_20260622_054122/outputs/step3_live_rebuilt_ledger/step3_suggestion_candidate_ledger.csv,historical_attempt,2
183062,Keene State College,public,https://universitysystemnh.sharepoint.com/:b:/t/RegistrarsOffice/Edp5fG0dUaNDh0ZJd61pMNcB_puocKb3tKdosvRCThBFXQ?e=XSDLgt,2008,2008,historical_url_evidence_materialization,historical_lead_input_url,imported_llm_candidate_lead,False,_quarantine/policy_scraper_artifacts_20260702/artifacts/OLD_OUTPUT_ARCHIVES/policy_data_rebuild_archive_20260622_054122/outputs/step3_live_rebuilt_ledger/step3_suggestion_candidate_ledger.csv,historical_attempt,2
183062,Keene State College,public,https://universitysystemnh.sharepoint.com/:b:/t/RegistrarsOffice/EWz-78To5S5EhB3bOMZT0QMBid22FE_Phro8FkOJ6DrGMg,2009,2009,historical_url_evidence_materialization,historical_lead_input_url,imported_llm_candidate_lead,False,_quarantine/policy_scraper_artifacts_20260702/artifacts/OLD_OUTPUT_ARCHIVES/policy_data_rebuild_archive_20260622_054122/outputs/step3_live_rebuilt_ledger/step3_suggestion_candidate_ledger.csv,historical_attempt,2
183062,Keene State College,public,https://universitysystemnh.sharepoint.com/:b:/t/RegistrarsOffice/EdwJ9H2dsL9PoM1IHet2ykUBI2LvQMxAB6n8gMBTZRjvNQ,2010,2010,historical_url_evidence_materialization,historical_lead_input_url,imported_llm_candidate_lead,False,_quarantine/policy_scraper_artifacts_20260702/artifacts/OLD_OUTPUT_ARCHIVES/policy_data_rebuild_archive_20260622_054122/outputs/step3_live_rebuilt_ledger/step3_suggestion_candidate_ledger.csv,historical_attempt,2
183062,Keene State College,public,https://universitysystemnh.sharepoint.com/:b:/t/RegistrarsOffice/EdJJLoF9Or5JqrYWeL5svrABwG4gHTIk3-I-IAtXUN059A,2011,2011,historical_url_evidence_materialization,historical_lead_input_url,imported_llm_candidate_lead,False,_quarantine/policy_scraper_artifacts_20260702/artifacts/OLD_OUTPUT_ARCHIVES/policy_data_rebuild_archive_20260622_054122/outputs/step3_live_rebuilt_ledger/step3_suggestion_candidate_ledger.csv,historical_attempt,2
183062,Keene State College,public,https://universitysystemnh.sharepoint.com/:b:/t/RegistrarsOffice/EQZxo3gIsxhCpkdYADQbfowBcqgigQpAoRiIhEuxXiJHRQ,2012,2012,historical_url_evidence_materialization,historical_lead_input_url,imported_llm_candidate_lead,False,_quarantine/policy_scraper_artifacts_20260702/artifacts/OLD_OUTPUT_ARCHIVES/policy_data_rebuild_archive_20260622_054122/outputs/step3_live_rebuilt_ledger/step3_suggestion_candidate_ledger.csv,historical_attempt,2
183062,Keene State College,public,https://universitysystemnh.sharepoint.com/:b:/t/RegistrarsOffice/EWIOZPTvp_5BitxfCx8nrqsBYq2PsEaMDyGQBPBrF4xf5Q,2013,2013,historical_url_evidence_materialization,historical_lead_input_url,imported_llm_candidate_lead,False,_quarantine/policy_scraper_artifacts_20260702/artifacts/OLD_OUTPUT_ARCHIVES/policy_data_rebuild_archive_20260622_054122/outputs/step3_live_rebuilt_ledger/step3_suggestion_candidate_ledger.csv,historical_attempt,2
183062,Keene State College,public,https://universitysystemnh.sharepoint.com/:b:/t/RegistrarsOffice/ESS2x8riSWlDuGpGNa3lpvEBOnnsg4GKohNDAQpXgjGf4A?e=s5jhQh,2014,2014,historical_url_evidence_materialization,historical_lead_input_url,imported_llm_candidate_lead,False,_quarantine/policy_scraper_artifacts_20260702/artifacts/OLD_OUTPUT_ARCHIVES/policy_data_rebuild_archive_20260622_054122/outputs/step3_live_rebuilt_ledger/step3_suggestion_candidate_ledger.csv,historical_attempt,2
183062,Keene State College,public,https://universitysystemnh.sharepoint.com/:b:/t/RegistrarsOffice/ERUAOne1fmVFmEfoD2oHIG0BLF_dtjbxl3fOZ5uKonYlSA?e=g0jQSD,2015,2015,historical_url_evidence_materialization,historical_lead_input_url,imported_llm_candidate_lead,False,_quarantine/policy_scraper_artifacts_20260702/artifacts/OLD_OUTPUT_ARCHIVES/policy_data_rebuild_archive_20260622_054122/outputs/step3_live_rebuilt_ledger/step3_suggestion_candidate_ledger.csv,historical_attempt,2
183062,Keene State College,public,https://universitysystemnh.sharepoint.com/:b:/t/RegistrarsOffice/EajPsdJYd8FHl4ulGFtnYH0BDgsUOeIdH4jTwdzAegghdg?e=SV4ZKV,2016,2016,historical_url_evidence_materialization,historical_lead_input_url,imported_llm_candidate_lead,False,_quarantine/policy_scraper_artifacts_20260702/artifacts/OLD_OUTPUT_ARCHIVES/policy_data_rebuild_archive_20260622_054122/outputs/step3_live_rebuilt_ledger/step3_suggestion_candidate_ledger.csv,historical_attempt,2
183071,University of New Hampshire-Manchester,public,https://www.unh.edu/archive/undergrad-catalog/2006-2007/info.cfm@id=10.html,2006,2007,historical_url_evidence_materialization,historical_lead_input_url,imported_llm_candidate_lead,False,_quarantine/policy_scraper_artifacts_20260702/artifacts/OLD_OUTPUT_ARCHIVES/policy_data_rebuild_archive_20260622_054122/outputs/step3_live_rebuilt_ledger/step3_suggestion_candidate_ledger.csv,historical_attempt,2
183071,University of New Hampshire at Manchester,public,https://www.unh.edu/archive/undergrad-catalog/2007-2008/info.cfm@id=10.html,2007,2008,historical_url_evidence_materialization,historical_lead_input_url,imported_llm_candidate_lead,False,_quarantine/policy_scraper_artifacts_20260702/artifacts/OLD_OUTPUT_ARCHIVES/policy_data_rebuild_archive_20260622_054122/outputs/step3_live_rebuilt_ledger/step3_suggestion_candidate_ledger.csv,historical_attempt,2
183071,University of New Hampshire at Manchester,public,https://www.unh.edu/archive/undergrad-catalog/2008-2009/info.cfm@id=10.html,2008,2009,historical_url_evidence_materialization,historical_lead_input_url,imported_llm_candidate_lead,False,_quarantine/policy_scraper_artifacts_20260702/artifacts/OLD_OUTPUT_ARCHIVES/policy_data_rebuild_archive_20260622_054122/outputs/step3_live_rebuilt_ledger/step3_suggestion_candidate_ledger.csv,historical_attempt,2
183071,University of New Hampshire at Manchester,public,https://www.unh.edu/archive/undergrad-catalog/2009-2010/info.cfm@id=10.html,2009,2010,historical_url_evidence_materialization,historical_lead_input_url,imported_llm_candidate_lead,False,_quarantine/policy_scraper_artifacts_20260702/artifacts/OLD_OUTPUT_ARCHIVES/policy_data_rebuild_archive_20260622_054122/outputs/step3_live_rebuilt_ledger/step3_suggestion_candidate_ledger.csv,historical_attempt,2
183071,University of New Hampshire at Manchester,public,https://www.unh.edu/archive/undergrad-catalog/2010-2011/info.cfm@id=10.html,2010,2011,historical_url_evidence_materialization,historical_lead_input_url,imported_llm_candidate_lead,False,_quarantine/policy_scraper_artifacts_20260702/artifacts/OLD_OUTPUT_ARCHIVES/policy_data_rebuild_archive_20260622_054122/outputs/step3_live_rebuilt_ledger/step3_suggestion_candidate_ledger.csv,historical_attempt,2
183071,University of New Hampshire at Manchester,public,https://www.unh.edu/archive/undergrad-catalog/2011-2012/info.cfm@id=10.html,2011,2012,historical_url_evidence_materialization,historical_lead_input_url,imported_llm_candidate_lead,False,_quarantine/policy_scraper_artifacts_20260702/artifacts/OLD_OUTPUT_ARCHIVES/policy_data_rebuild_archive_20260622_054122/outputs/step3_live_rebuilt_ledger/step3_suggestion_candidate_ledger.csv,historical_attempt,2
183071,University of New Hampshire at Manchester,public,https://www.unh.edu/archive/undergrad-catalog/2012-2013/info.cfm@id=10.html,2012,2013,historical_url_evidence_materialization,historical_lead_input_url,imported_llm_candidate_lead,False,_quarantine/policy_scraper_artifacts_20260702/artifacts/OLD_OUTPUT_ARCHIVES/policy_data_rebuild_archive_20260622_054122/outputs/step3_live_rebuilt_ledger/step3_suggestion_candidate_ledger.csv,historical_attempt,2
183071,University of New Hampshire at Manchester,public,https://www.unh.edu/archive/undergrad-catalog/2013-2014/info.cfm@id=10.html,2013,2014,historical_url_evidence_materialization,historical_lead_input_url,imported_llm_candidate_lead,False,_quarantine/policy_scraper_artifacts_20260702/artifacts/OLD_OUTPUT_ARCHIVES/policy_data_rebuild_archive_20260622_054122/outputs/step3_live_rebuilt_ledger/step3_suggestion_candidate_ledger.csv,historical_attempt,2
183071,University of New Hampshire at Manchester,public,https://www.unh.edu/archive/undergrad-catalog/2014-2015/info.cfm@id=10.html,2014,2015,historical_url_evidence_materialization,historical_lead_input_url,imported_llm_candidate_lead,False,_quarantine/policy_scraper_artifacts_20260702/artifacts/OLD_OUTPUT_ARCHIVES/policy_data_rebuild_archive_20260622_054122/outputs/step3_live_rebuilt_ledger/step3_suggestion_candidate_ledger.csv,historical_attempt,2
183071,University of New Hampshire at Manchester,public,https://www.unh.edu/archive/undergrad-catalog/2015-2016/info.cfm@id=10.html,2015,2016,historical_url_evidence_materialization,historical_lead_input_url,imported_llm_candidate_lead,False,_quarantine/policy_scraper_artifacts_20260702/artifacts/OLD_OUTPUT_ARCHIVES/policy_data_rebuild_archive_20260622_054122/outputs/step3_live_rebuilt_ledger/step3_suggestion_candidate_ledger.csv,historical_attempt,2
183071,University of New Hampshire at Manchester,public,https://www.unh.edu/archive/undergrad-catalog/2016-2017/info.cfm@id=10.html,2016,2017,historical_url_evidence_materialization,historical_lead_input_url,imported_llm_candidate_lead,False,_quarantine/policy_scraper_artifacts_20260702/artifacts/OLD_OUTPUT_ARCHIVES/policy_data_rebuild_archive_20260622_054122/outputs/step3_live_rebuilt_ledger/step3_suggestion_candidate_ledger.csv,historical_attempt,2
183257,Granite State College,public,https://cps.unh.edu/online,2012,2012,historical_url_evidence_materialization,legacy_input_url,prior_programmatic,True,_quarantine/policy_scraper_artifacts_20260702/artifacts/PILOTS/url_discovery/audit_trails/url_discovery_pilot_batch_013_dev_008/source_review_log.csv,historical_discovery,1
183257,Granite State College,public,https://cps.unh.edu/online,2013,2013,historical_url_evidence_materialization,legacy_input_url,prior_programmatic,True,_quarantine/policy_scraper_artifacts_20260702/artifacts/PILOTS/url_discovery/audit_trails/url_discovery_pilot_batch_013_dev_008/source_review_log.csv,historical_discovery,1
183257,Granite State College,public,https://cps.unh.edu/online,2014,2014,historical_url_evidence_materialization,legacy_input_url,prior_programmatic,True,_quarantine/policy_scraper_artifacts_20260702/artifacts/PILOTS/url_discovery/audit_trails/url_discovery_pilot_batch_013_dev_008/source_review_log.csv,historical_discovery,1
183257,Granite State College,public,https://cps.unh.edu/online,2015,2015,historical_url_evidence_materialization,legacy_input_url,prior_programmatic,True,_quarantine/policy_scraper_artifacts_20260702/artifacts/PILOTS/url_discovery/audit_trails/url_discovery_pilot_batch_013_dev_008/source_review_log.csv,historical_discovery,1
187897,NEW MEXICO HIGHLANDS UNIVERSITY,public,https://web.archive.org/web/20051028150937/http://www.nmhu.edu:80/catalog-grad2003-2005.php,2003,2005,historical_url_evidence_materialization,historical_lead_input_url,imported_llm_candidate_lead,False,_quarantine/policy_scraper_artifacts_20260702/artifacts/OLD_OUTPUT_ARCHIVES/policy_data_rebuild_archive_20260622_054122/outputs/step1_initial_candidate_ledger/step1_suggestion_candidate_ledger.csv,historical_attempt,2
187897,NEW MEXICO HIGHLANDS UNIVERSITY,public,https://web.archive.org/web/20051028150937/http://www.nmhu.edu:80/catalog-grad2003-2005.php,2003,2005,historical_url_evidence_materialization,historical_lead_input_url,imported_llm_candidate_lead,False,_quarantine/policy_scraper_artifacts_20260702/artifacts/AUDIT_TRAILS/policy_data_internal_existing/audits/suggestion_url_validation_probe/suggestion_url_validation_probe_results.csv,historical_attempt,2
188304,Western New Mexico University,public,https://registrar.wnmu.edu/wp-content/uploads/sites/61/2015/10/10-11-catalog.pdf,2015,2016,historical_url_evidence_materialization,legacy_input_url,validated_human_legacy,True,_quarantine/policy_scraper_artifacts_20260702/artifacts/AUDIT_TRAILS/policy_data_internal_existing/90_INTERNAL_PIPELINE_ARTIFACTS/interim/archive/pre_namespace_run_20260609_production_namespace/legacy_evidence_links.csv,historical_discovery,0
190549,CUNY Brooklyn College,public,https://static.brooklyn.edu/web/aca_general/070901_BulletinUndergraduate2007-10.pdf,2007,2010,historical_url_evidence_materialization,historical_lead_input_url,imported_llm_candidate_lead,False,_quarantine/policy_scraper_artifacts_20260702/artifacts/OLD_OUTPUT_ARCHIVES/policy_data_rebuild_archive_20260622_054122/outputs/step3_live_rebuilt_ledger/step3_suggestion_candidate_ledger.csv,historical_attempt,2
190549,CUNY Brooklyn College,public,https://static.brooklyn.edu/web/aca_general/070901_BulletinUndergraduate2007-10.pdf,2007,2010,historical_url_evidence_materialization,historical_lead_input_url,imported_llm_candidate_lead,False,_quarantine/policy_scraper_artifacts_20260702/artifacts/OLD_OUTPUT_ARCHIVES/policy_data_rebuild_archive_20260622_054122/outputs/step3_live_rebuilt_ledger/step3_suggestion_candidate_ledger.csv,historical_attempt,2
190549,CUNY Brooklyn College,public,https://static.brooklyn.edu/web/aca_general/070901_BulletinUndergraduate2007-10.pdf,2007,2010,historical_url_evidence_materialization,historical_lead_input_url,imported_llm_candidate_lead,False,_quarantine/policy_scraper_artifacts_20260702/artifacts/OLD_OUTPUT_ARCHIVES/policy_data_rebuild_archive_20260622_054122/outputs/step3_live_rebuilt_ledger/step3_suggestion_candidate_ledger.csv,historical_attempt,2
190549,CUNY Brooklyn College,public,https://static.brooklyn.edu/web/off_registrar/120726_BulletinUndergraduate_2011-12.pdf,2011,2012,historical_url_evidence_materialization,historical_lead_input_url,imported_llm_candidate_lead,False,_quarantine/policy_scraper_artifacts_20260702/artifacts/OLD_OUTPUT_ARCHIVES/policy_data_rebuild_archive_20260622_054122/outputs/step3_live_rebuilt_ledger/step3_suggestion_candidate_ledger.csv,historical_attempt,2
190567,CUNY CITY COLLEGE,public,https://academicworks.cuny.edu/jj_arch_bulletins/21/,2002,2002,historical_url_evidence_materialization,legacy_input_url,prior_programmatic,True,_quarantine/policy_scraper_artifacts_20260702/artifacts/PILOTS/url_discovery/audit_trails/url_discovery_pilot_batch_004/source_review_log.csv,historical_discovery,1
190567,CUNY CITY COLLEGE,public,https://academicworks.cuny.edu/jj_arch_bulletins/9/,2003,2003,historical_url_evidence_materialization,legacy_input_url,prior_programmatic,True,_quarantine/policy_scraper_artifacts_20260702/artifacts/PILOTS/url_discovery/audit_trails/url_discovery_pilot_batch_004/source_review_log.csv,historical_discovery,1
190567,CUNY CITY COLLEGE,public,https://academicworks.cuny.edu/jj_arch_bulletins/9/,2004,2004,historical_url_evidence_materialization,legacy_input_url,prior_programmatic,True,_quarantine/policy_scraper_artifacts_20260702/artifacts/PILOTS/url_discovery/audit_trails/url_discovery_pilot_batch_004/source_review_log.csv,historical_discovery,1
190567,CUNY City College,public,https://academicworks.cuny.edu/jj_arch_bulletins/8/,2005,2005,historical_url_evidence_materialization,legacy_input_url,prior_programmatic,True,_quarantine/policy_scraper_artifacts_20260702/artifacts/PILOTS/url_discovery/audit_trails/url_discovery_pilot_batch_004/source_review_log.csv,historical_discovery,1
190567,CUNY City College,public,https://academicworks.cuny.edu/jj_arch_bulletins/8/,2006,2006,historical_url_evidence_materialization,legacy_input_url,prior_programmatic,True,_quarantine/policy_scraper_artifacts_20260702/artifacts/PILOTS/url_discovery/audit_trails/url_discovery_pilot_batch_004/source_review_log.csv,historical_discovery,1
190567,CUNY City College,public,https://academicworks.cuny.edu/jj_arch_bulletins/7/,2007,2007,historical_url_evidence_materialization,legacy_input_url,prior_programmatic,True,_quarantine/policy_scraper_artifacts_20260702/artifacts/PILOTS/url_discovery/audit_trails/url_discovery_pilot_batch_004/source_review_log.csv,historical_discovery,1
190567,CUNY City College,public,https://academicworks.cuny.edu/jj_arch_bulletins/12/,2008,2008,historical_url_evidence_materialization,legacy_input_url,prior_programmatic,True,_quarantine/policy_scraper_artifacts_20260702/artifacts/PILOTS/url_discovery/audit_trails/url_discovery_pilot_batch_004/source_review_log.csv,historical_discovery,1
190567,CUNY City College,public,https://academicworks.cuny.edu/jj_arch_bulletins/11/,2009,2009,historical_url_evidence_materialization,legacy_input_url,prior_programmatic,True,_quarantine/policy_scraper_artifacts_20260702/artifacts/PILOTS/url_discovery/audit_trails/url_discovery_pilot_batch_004/source_review_log.csv,historical_discovery,1
190567,CUNY City College,public,https://academicworks.cuny.edu/jj_arch_bulletins/10/,2010,2010,historical_url_evidence_materialization,legacy_input_url,prior_programmatic,True,_quarantine/policy_scraper_artifacts_20260702/artifacts/PILOTS/url_discovery/audit_trails/url_discovery_pilot_batch_004/source_review_log.csv,historical_discovery,1
190567,CUNY City College,public,https://academicworks.cuny.edu/jj_arch_bulletins/6/,2011,2011,historical_url_evidence_materialization,legacy_input_url,prior_programmatic,True,_quarantine/policy_scraper_artifacts_20260702/artifacts/PILOTS/url_discovery/audit_trails/url_discovery_pilot_batch_004/source_review_log.csv,historical_discovery,1
190567,CUNY City College,public,https://academicworks.cuny.edu/jj_arch_bulletins/15/,2012,2012,historical_url_evidence_materialization,legacy_input_url,prior_programmatic,True,_quarantine/policy_scraper_artifacts_20260702/artifacts/PILOTS/url_discovery/audit_trails/url_discovery_pilot_batch_004/source_review_log.csv,historical_discovery,1
190567,CUNY City College,public,https://academicworks.cuny.edu/jj_arch_bulletins/16/,2013,2013,historical_url_evidence_materialization,legacy_input_url,prior_programmatic,True,_quarantine/policy_scraper_artifacts_20260702/artifacts/PILOTS/url_discovery/audit_trails/url_discovery_pilot_batch_004/source_review_log.csv,historical_discovery,1
190567,CUNY City College,public,https://academicworks.cuny.edu/jj_arch_bulletins/17/,2014,2014,historical_url_evidence_materialization,legacy_input_url,prior_programmatic,True,_quarantine/policy_scraper_artifacts_20260702/artifacts/PILOTS/url_discovery/audit_trails/url_discovery_pilot_batch_004/source_review_log.csv,historical_discovery,1
190567,CUNY City College,public,https://academicworks.cuny.edu/jj_arch_bulletins/47/,2015,2015,historical_url_evidence_materialization,legacy_input_url,prior_programmatic,True,_quarantine/policy_scraper_artifacts_20260702/artifacts/PILOTS/url_discovery/audit_trails/url_discovery_pilot_batch_004/source_review_log.csv,historical_discovery,1
190567,CUNY City College,public,https://academicworks.cuny.edu/jj_arch_bulletins/14/,2016,2016,historical_url_evidence_materialization,legacy_input_url,prior_programmatic,True,_quarantine/policy_scraper_artifacts_20260702/artifacts/PILOTS/url_discovery/audit_trails/url_discovery_pilot_batch_004/source_review_log.csv,historical_discovery,1
190600,CUNY JOHN JAY COLLEGE CRIMINAL JUSTICE,public,https://academicworks.cuny.edu/jj_arch_bulletins/21,2002,2002,historical_url_evidence_materialization,historical_lead_input_url,imported_llm_candidate_lead,False,_quarantine/policy_scraper_artifacts_20260702/artifacts/AUDIT_TRAILS/policy_data_internal_existing/90_INTERNAL_PIPELINE_ARTIFACTS/audits/legacy_benchmark_current/public_fresh_ai_year_candidates_public_fresh_full_rank151_175_ai25_live.csv,historical_attempt,2
190600,CUNY JOHN JAY COLLEGE CRIMINAL JUSTICE,public,https://academicworks.cuny.edu/jj_arch_bulletins/9,2003,2003,historical_url_evidence_materialization,historical_lead_input_url,imported_llm_candidate_lead,False,_quarantine/policy_scraper_artifacts_20260702/artifacts/AUDIT_TRAILS/policy_data_internal_existing/90_INTERNAL_PIPELINE_ARTIFACTS/audits/legacy_benchmark_current/public_fresh_ai_year_candidates_public_fresh_full_rank151_175_ai25_live.csv,historical_attempt,2
190600,CUNY JOHN JAY COLLEGE CRIMINAL JUSTICE,public,https://academicworks.cuny.edu/jj_arch_bulletins/9,2004,2004,historical_url_evidence_materialization,historical_lead_input_url,imported_llm_candidate_lead,False,_quarantine/policy_scraper_artifacts_20260702/artifacts/AUDIT_TRAILS/policy_data_internal_existing/90_INTERNAL_PIPELINE_ARTIFACTS/audits/legacy_benchmark_current/public_fresh_ai_year_candidates_public_fresh_full_rank151_175_ai25_live.csv,historical_attempt,2
190600,CUNY John Jay College Criminal Justice,public,https://academicworks.cuny.edu/jj_arch_bulletins/8,2005,2005,historical_url_evidence_materialization,historical_lead_input_url,imported_llm_candidate_lead,False,_quarantine/policy_scraper_artifacts_20260702/artifacts/AUDIT_TRAILS/policy_data_internal_existing/90_INTERNAL_PIPELINE_ARTIFACTS/audits/legacy_benchmark_current/public_fresh_ai_year_candidates_public_fresh_full_rank151_175_ai25_live.csv,historical_attempt,2
190600,CUNY John Jay College Criminal Justice,public,https://academicworks.cuny.edu/jj_arch_bulletins/8,2006,2006,historical_url_evidence_materialization,historical_lead_input_url,imported_llm_candidate_lead,False,_quarantine/policy_scraper_artifacts_20260702/artifacts/AUDIT_TRAILS/policy_data_internal_existing/90_INTERNAL_PIPELINE_ARTIFACTS/audits/legacy_benchmark_current/public_fresh_ai_year_candidates_public_fresh_full_rank151_175_ai25_live.csv,historical_attempt,2
190600,CUNY John Jay College Criminal Justice,public,https://academicworks.cuny.edu/jj_arch_bulletins/7,2007,2007,historical_url_evidence_materialization,historical_lead_input_url,imported_llm_candidate_lead,False,_quarantine/policy_scraper_artifacts_20260702/artifacts/AUDIT_TRAILS/policy_data_internal_existing/90_INTERNAL_PIPELINE_ARTIFACTS/audits/legacy_benchmark_current/public_fresh_ai_year_candidates_public_fresh_full_rank151_175_ai25_live.csv,historical_attempt,2
190600,CUNY John Jay College Criminal Justice,public,https://academicworks.cuny.edu/jj_arch_bulletins/12,2008,2008,historical_url_evidence_materialization,historical_lead_input_url,imported_llm_candidate_lead,False,_quarantine/policy_scraper_artifacts_20260702/artifacts/AUDIT_TRAILS/policy_data_internal_existing/90_INTERNAL_PIPELINE_ARTIFACTS/audits/legacy_benchmark_current/public_fresh_ai_year_candidates_public_fresh_full_rank151_175_ai25_live.csv,historical_attempt,2
190600,CUNY John Jay College Criminal Justice,public,https://academicworks.cuny.edu/jj_arch_bulletins/11,2009,2009,historical_url_evidence_materialization,historical_lead_input_url,imported_llm_candidate_lead,False,_quarantine/policy_scraper_artifacts_20260702/artifacts/AUDIT_TRAILS/policy_data_internal_existing/90_INTERNAL_PIPELINE_ARTIFACTS/audits/legacy_benchmark_current/public_fresh_ai_year_candidates_public_fresh_full_rank151_175_ai25_live.csv,historical_attempt,2
190600,CUNY John Jay College of Criminal Justice,public,https://academicworks.cuny.edu/jj_arch_bulletins/10,2010,2010,historical_url_evidence_materialization,historical_lead_input_url,imported_llm_candidate_lead,False,_quarantine/policy_scraper_artifacts_20260702/artifacts/AUDIT_TRAILS/policy_data_internal_existing/90_INTERNAL_PIPELINE_ARTIFACTS/audits/legacy_benchmark_current/public_fresh_ai_year_candidates_public_fresh_full_rank151_175_ai25_live.csv,historical_attempt,2
190600,CUNY John Jay College of Criminal Justice,public,https://academicworks.cuny.edu/jj_arch_bulletins/6,2011,2011,historical_url_evidence_materialization,historical_lead_input_url,imported_llm_candidate_lead,False,_quarantine/policy_scraper_artifacts_20260702/artifacts/AUDIT_TRAILS/policy_data_internal_existing/90_INTERNAL_PIPELINE_ARTIFACTS/audits/legacy_benchmark_current/public_fresh_ai_year_candidates_public_fresh_full_rank151_175_ai25_live.csv,historical_attempt,2
190600,CUNY John Jay College of Criminal Justice,public,https://academicworks.cuny.edu/jj_arch_bulletins/15,2012,2012,historical_url_evidence_materialization,historical_lead_input_url,imported_llm_candidate_lead,False,_quarantine/policy_scraper_artifacts_20260702/artifacts/AUDIT_TRAILS/policy_data_internal_existing/90_INTERNAL_PIPELINE_ARTIFACTS/audits/legacy_benchmark_current/public_fresh_ai_year_candidates_public_fresh_full_rank151_175_ai25_live.csv,historical_attempt,2
190600,CUNY John Jay College of Criminal Justice,public,https://academicworks.cuny.edu/jj_arch_bulletins/16,2013,2013,historical_url_evidence_materialization,historical_lead_input_url,imported_llm_candidate_lead,False,_quarantine/policy_scraper_artifacts_20260702/artifacts/AUDIT_TRAILS/policy_data_internal_existing/90_INTERNAL_PIPELINE_ARTIFACTS/audits/legacy_benchmark_current/public_fresh_ai_year_candidates_public_fresh_full_rank151_175_ai25_live.csv,historical_attempt,2
190600,CUNY John Jay College of Criminal Justice,public,https://academicworks.cuny.edu/jj_arch_bulletins/17,2014,2014,historical_url_evidence_materialization,historical_lead_input_url,imported_llm_candidate_lead,False,_quarantine/policy_scraper_artifacts_20260702/artifacts/AUDIT_TRAILS/policy_data_internal_existing/90_INTERNAL_PIPELINE_ARTIFACTS/audits/legacy_benchmark_current/public_fresh_ai_year_candidates_public_fresh_full_rank151_175_ai25_live.csv,historical_attempt,2
190600,CUNY John Jay College of Criminal Justice,public,https://academicworks.cuny.edu/jj_arch_bulletins/47,2015,2015,historical_url_evidence_materialization,historical_lead_input_url,imported_llm_candidate_lead,False,_quarantine/policy_scraper_artifacts_20260702/artifacts/AUDIT_TRAILS/policy_data_internal_existing/90_INTERNAL_PIPELINE_ARTIFACTS/audits/legacy_benchmark_current/public_fresh_ai_year_candidates_public_fresh_full_rank151_175_ai25_live.csv,historical_attempt,2
190600,CUNY John Jay College of Criminal Justice,public,https://academicworks.cuny.edu/jj_arch_bulletins/14,2016,2016,historical_url_evidence_materialization,historical_lead_input_url,imported_llm_candidate_lead,False,_quarantine/policy_scraper_artifacts_20260702/artifacts/AUDIT_TRAILS/policy_data_internal_existing/90_INTERNAL_PIPELINE_ARTIFACTS/audits/legacy_benchmark_current/public_fresh_ai_year_candidates_public_fresh_full_rank151_175_ai25_live.csv,historical_attempt,2
190646,CUNY Medgar Evers College,public,https://cuny907-my.sharepoint.com/:b:/g/personal/karen_mitchell92_login_cuny_edu/IQDNcSVJBy5bSI6SB_Xohv7HAQPL0hzpgBqPxoxd1ss2wI4?e=xi8Daf,2005,2005,historical_url_evidence_materialization,historical_lead_input_url,imported_llm_candidate_lead,False,_quarantine/policy_scraper_artifacts_20260702/artifacts/AUDIT_TRAILS/policy_data_internal_existing/90_INTERNAL_PIPELINE_ARTIFACTS/audits/legacy_benchmark_current/public_fresh_ai_year_candidates_public_fresh_full_rank151_175_ai25_live.csv,historical_attempt,2
190646,CUNY Medgar Evers College,public,https://cuny907-my.sharepoint.com/:b:/g/personal/karen_mitchell92_login_cuny_edu/IQDNcSVJBy5bSI6SB_Xohv7HAQPL0hzpgBqPxoxd1ss2wI4?e=xi8Daf,2006,2006,historical_url_evidence_materialization,historical_lead_input_url,imported_llm_candidate_lead,False,_quarantine/policy_scraper_artifacts_20260702/artifacts/AUDIT_TRAILS/policy_data_internal_existing/90_INTERNAL_PIPELINE_ARTIFACTS/audits/legacy_benchmark_current/public_fresh_ai_year_candidates_public_fresh_full_rank151_175_ai25_live.csv,historical_attempt,2
190646,CUNY Medgar Evers College,public,https://cuny907-my.sharepoint.com/:b:/g/personal/karen_mitchell92_login_cuny_edu/IQDNcSVJBy5bSI6SB_Xohv7HAQPL0hzpgBqPxoxd1ss2wI4?e=xi8Daf,2007,2007,historical_url_evidence_materialization,historical_lead_input_url,imported_llm_candidate_lead,False,_quarantine/policy_scraper_artifacts_20260702/artifacts/AUDIT_TRAILS/policy_data_internal_existing/90_INTERNAL_PIPELINE_ARTIFACTS/audits/legacy_benchmark_current/public_fresh_ai_year_candidates_public_fresh_full_rank151_175_ai25_live.csv,historical_attempt,2
190646,CUNY Medgar Evers College,public,https://cuny907-my.sharepoint.com/:b:/g/personal/karen_mitchell92_login_cuny_edu/IQD2UmMSaPyVQZdflYKFUl7eAY80qs6OgMNaAWs3BwmdRO4?e=sA7p6h,2009,2009,historical_url_evidence_materialization,historical_lead_input_url,imported_llm_candidate_lead,False,_quarantine/policy_scraper_artifacts_20260702/artifacts/AUDIT_TRAILS/policy_data_internal_existing/90_INTERNAL_PIPELINE_ARTIFACTS/audits/legacy_benchmark_current/public_fresh_ai_year_candidates_public_fresh_full_rank151_175_ai25_live.csv,historical_attempt,2
190646,CUNY Medgar Evers College,public,https://cuny907-my.sharepoint.com/:b:/g/personal/karen_mitchell92_login_cuny_edu/IQD2UmMSaPyVQZdflYKFUl7eAY80qs6OgMNaAWs3BwmdRO4?e=sA7p6h,2010,2010,historical_url_evidence_materialization,historical_lead_input_url,imported_llm_candidate_lead,False,_quarantine/policy_scraper_artifacts_20260702/artifacts/AUDIT_TRAILS/policy_data_internal_existing/90_INTERNAL_PIPELINE_ARTIFACTS/audits/legacy_benchmark_current/public_fresh_ai_year_candidates_public_fresh_full_rank151_175_ai25_live.csv,historical_attempt,2
190646,CUNY Medgar Evers College,public,https://cuny907-my.sharepoint.com/:b:/g/personal/karen_mitchell92_login_cuny_edu/IQD2UmMSaPyVQZdflYKFUl7eAY80qs6OgMNaAWs3BwmdRO4?e=sA7p6h,2011,2011,historical_url_evidence_materialization,historical_lead_input_url,imported_llm_candidate_lead,False,_quarantine/policy_scraper_artifacts_20260702/artifacts/AUDIT_TRAILS/policy_data_internal_existing/90_INTERNAL_PIPELINE_ARTIFACTS/audits/legacy_benchmark_current/public_fresh_ai_year_candidates_public_fresh_full_rank151_175_ai25_live.csv,historical_attempt,2
190646,CUNY Medgar Evers College,public,https://cuny907-my.sharepoint.com/:b:/g/personal/karen_mitchell92_login_cuny_edu/IQAgJjDiLgCIRbQ6uhnY-S-cAWGvLevjvK1CJG8CL3O1E3M?e=ie7hqe,2013,2013,historical_url_evidence_materialization,historical_lead_input_url,imported_llm_candidate_lead,False,_quarantine/policy_scraper_artifacts_20260702/artifacts/AUDIT_TRAILS/policy_data_internal_existing/90_INTERNAL_PIPELINE_ARTIFACTS/audits/legacy_benchmark_current/public_fresh_ai_year_candidates_public_fresh_full_rank151_175_ai25_live.csv,historical_attempt,2
190646,CUNY Medgar Evers College,public,https://cuny907-my.sharepoint.com/:b:/g/personal/karen_mitchell92_login_cuny_edu/IQAgJjDiLgCIRbQ6uhnY-S-cAWGvLevjvK1CJG8CL3O1E3M?e=ie7hqe,2014,2014,historical_url_evidence_materialization,historical_lead_input_url,imported_llm_candidate_lead,False,_quarantine/policy_scraper_artifacts_20260702/artifacts/AUDIT_TRAILS/policy_data_internal_existing/90_INTERNAL_PIPELINE_ARTIFACTS/audits/legacy_benchmark_current/public_fresh_ai_year_candidates_public_fresh_full_rank151_175_ai25_live.csv,historical_attempt,2
190646,CUNY Medgar Evers College,public,https://cuny907-my.sharepoint.com/:b:/g/personal/karen_mitchell92_login_cuny_edu/IQDz8RxtjFqXTLlK7hZDKemyAdU3pHJUeIoHlJLrX9-IlKQ?e=q9x9g4,2015,2015,historical_url_evidence_materialization,historical_lead_input_url,imported_llm_candidate_lead,False,_quarantine/policy_scraper_artifacts_20260702/artifacts/AUDIT_TRAILS/policy_data_internal_existing/90_INTERNAL_PIPELINE_ARTIFACTS/audits/legacy_benchmark_current/public_fresh_ai_year_candidates_public_fresh_full_rank151_175_ai25_live.csv,historical_attempt,2
190646,CUNY Medgar Evers College,public,https://cuny907-my.sharepoint.com/:b:/g/personal/karen_mitchell92_login_cuny_edu/IQAhyug2bWsERoq8rOBTw5PeAflxxi0flRo7lDzBeLznv2w?e=TCGrQf,2016,2016,historical_url_evidence_materialization,historical_lead_input_url,imported_llm_candidate_lead,False,_quarantine/policy_scraper_artifacts_20260702/artifacts/AUDIT_TRAILS/policy_data_internal_existing/90_INTERNAL_PIPELINE_ARTIFACTS/audits/legacy_benchmark_current/public_fresh_ai_year_candidates_public_fresh_full_rank151_175_ai25_live.csv,historical_attempt,2
190655,CUNY NEW YORK CITY COLLEGE OF TECHNOLOGY,public,https://web.archive.org/web/20021229225938/http://www.citytech.cuny.edu:80/catalog/index.html,2002,2003,historical_url_evidence_materialization,historical_lead_input_url,imported_llm_candidate_lead,False,_quarantine/policy_scraper_artifacts_20260702/artifacts/OLD_OUTPUT_ARCHIVES/policy_data_rebuild_archive_20260622_054122/outputs/step4_source_review/step4_suggestion_source_review.csv,historical_attempt,2
190655,CUNY NEW YORK CITY COLLEGE OF TECHNOLOGY,public,https://web.archive.org/web/20021229225938/http://www.citytech.cuny.edu:80/catalog/index.html,2002,2003,historical_url_evidence_materialization,historical_lead_input_url,imported_llm_candidate_lead,False,_quarantine/policy_scraper_artifacts_20260702/artifacts/OLD_OUTPUT_ARCHIVES/policy_data_rebuild_archive_20260622_054122/outputs/step4_source_review/step4_suggestion_source_review.csv,historical_attempt,2
190655,CUNY NEW YORK CITY COLLEGE OF TECHNOLOGY,public,https://web.archive.org/web/20040804063400/http://www.citytech.cuny.edu:80/catalog/index.html,2004,2005,historical_url_evidence_materialization,historical_lead_input_url,imported_llm_candidate_lead,False,_quarantine/policy_scraper_artifacts_20260702/artifacts/OLD_OUTPUT_ARCHIVES/policy_data_rebuild_old/inputs/public_claude_coverage_grid.csv,historical_attempt,2
190655,CUNY New York City College of Technology,public,https://web.archive.org/web/20050804063400/http://www.citytech.cuny.edu:80/catalog/index.html,2005,2006,historical_url_evidence_materialization,historical_lead_input_url,imported_llm_candidate_lead,False,_quarantine/policy_scraper_artifacts_20260702/artifacts/OLD_OUTPUT_ARCHIVES/policy_data_rebuild_archive_20260622_054122/outputs/step4_source_review/step4_suggestion_source_review.csv,historical_attempt,2
190655,CUNY New York City College of Technology,public,https://web.archive.org/web/20080928053702/http://www.citytech.cuny.edu:80/catalog/2006_2007/index.html,2006,2007,historical_url_evidence_materialization,historical_lead_input_url,imported_llm_candidate_lead,False,_quarantine/policy_scraper_artifacts_20260702/artifacts/OLD_OUTPUT_ARCHIVES/policy_data_rebuild_archive_20260622_054122/outputs/step4_source_review/step4_suggestion_source_review.csv,historical_attempt,2
190655,CUNY New York City College of Technology,public,https://web.archive.org/web/20071014015012/http://www.citytech.cuny.edu:80/catalog/index.html,2007,2008,historical_url_evidence_materialization,historical_lead_input_url,imported_llm_candidate_lead,False,_quarantine/policy_scraper_artifacts_20260702/artifacts/OLD_OUTPUT_ARCHIVES/policy_data_rebuild_old/inputs/public_claude_coverage_grid.csv,historical_attempt,2
190655,CUNY New York City College of Technology,public,https://web.archive.org/web/20071014015012/http://www.citytech.cuny.edu:80/catalog/index.html,2007,2008,historical_url_evidence_materialization,historical_lead_input_url,imported_llm_candidate_lead,False,_quarantine/policy_scraper_artifacts_20260702/artifacts/OLD_OUTPUT_ARCHIVES/policy_data_rebuild_old/inputs/public_claude_coverage_grid.csv,historical_attempt,2
190655,CUNY New York City College of Technology,public,https://web.archive.org/web/20090901082324/http://www.citytech.cuny.edu:80/catalog/,2009,2010,historical_url_evidence_materialization,historical_lead_input_url,imported_llm_candidate_lead,False,_quarantine/policy_scraper_artifacts_20260702/artifacts/OLD_OUTPUT_ARCHIVES/policy_data_rebuild_old/inputs/public_claude_coverage_grid.csv,historical_attempt,2
190655,CUNY New York City College of Technology,public,https://web.archive.org/web/20090901082324/http://www.citytech.cuny.edu:80/catalog/,2009,2010,historical_url_evidence_materialization,historical_lead_input_url,imported_llm_candidate_lead,False,_quarantine/policy_scraper_artifacts_20260702/artifacts/OLD_OUTPUT_ARCHIVES/policy_data_rebuild_old/inputs/public_claude_coverage_grid.csv,historical_attempt,2
190655,CUNY New York City College of Technology,public,https://web.archive.org/web/20110927011100/http://www.citytech.cuny.edu/catalog/docs/academics/aboutus/employment/index.shtml,2011,2012,historical_url_evidence_materialization,historical_lead_input_url,imported_llm_candidate_lead,False,_quarantine/policy_scraper_artifacts_20260702/artifacts/OLD_OUTPUT_ARCHIVES/policy_data_rebuild_archive_20260622_054122/outputs/step4_source_review/step4_suggestion_source_review.csv,historical_attempt,2
190691,CUNY YORK COLLEGE,public,https://www.york.cuny.edu/file-repository/bulletin/2002-2003-york-bulletin.pdf/view,2002,2003,historical_url_evidence_materialization,historical_lead_input_url,imported_llm_candidate_lead,False,_quarantine/policy_scraper_artifacts_20260702/artifacts/OLD_OUTPUT_ARCHIVES/policy_data_rebuild_archive_20260622_054122/outputs/step3_live_rebuilt_ledger/step3_suggestion_candidate_ledger.csv,historical_attempt,2
190691,CUNY YORK COLLEGE,public,https://www.york.cuny.edu/file-repository/bulletin/2003-2004-york-bulletin.pdf/view,2003,2004,historical_url_evidence_materialization,historical_lead_input_url,imported_llm_candidate_lead,False,_quarantine/policy_scraper_artifacts_20260702/artifacts/OLD_OUTPUT_ARCHIVES/policy_data_rebuild_archive_20260622_054122/outputs/step3_live_rebuilt_ledger/step3_suggestion_candidate_ledger.csv,historical_attempt,2
190691,CUNY York College,public,https://www.york.cuny.edu/file-repository/bulletin/2005-2006-york-bulletin.pdf/view,2005,2006,historical_url_evidence_materialization,historical_lead_input_url,imported_llm_candidate_lead,False,_quarantine/policy_scraper_artifacts_20260702/artifacts/OLD_OUTPUT_ARCHIVES/policy_data_rebuild_archive_20260622_054122/outputs/step3_live_rebuilt_ledger/step3_suggestion_candidate_ledger.csv,historical_attempt,2
190691,CUNY York College,public,https://www.york.cuny.edu/file-repository/bulletin/2006-2007-york-bulletin.pdf/view,2006,2007,historical_url_evidence_materialization,historical_lead_input_url,imported_llm_candidate_lead,False,_quarantine/policy_scraper_artifacts_20260702/artifacts/OLD_OUTPUT_ARCHIVES/policy_data_rebuild_archive_20260622_054122/outputs/step3_live_rebuilt_ledger/step3_suggestion_candidate_ledger.csv,historical_attempt,2
190691,CUNY York College,public,https://www.york.cuny.edu/file-repository/bulletin/2007-2008-york-bulletin.pdf/view,2007,2008,historical_url_evidence_materialization,historical_lead_input_url,imported_llm_candidate_lead,False,_quarantine/policy_scraper_artifacts_20260702/artifacts/OLD_OUTPUT_ARCHIVES/policy_data_rebuild_archive_20260622_054122/outputs/step3_live_rebuilt_ledger/step3_suggestion_candidate_ledger.csv,historical_attempt,2
190691,CUNY York College,public,https://www.york.cuny.edu/file-repository/bulletin/2008-2009-york-bulletin.pdf/view,2008,2009,historical_url_evidence_materialization,historical_lead_input_url,imported_llm_candidate_lead,False,_quarantine/policy_scraper_artifacts_20260702/artifacts/OLD_OUTPUT_ARCHIVES/policy_data_rebuild_archive_20260622_054122/outputs/step3_live_rebuilt_ledger/step3_suggestion_candidate_ledger.csv,historical_attempt,2
190691,CUNY York College,public,https://www.york.cuny.edu/file-repository/bulletin/2009-2010-york-bulletin.pdf/view,2009,2010,historical_url_evidence_materialization,historical_lead_input_url,imported_llm_candidate_lead,False,_quarantine/policy_scraper_artifacts_20260702/artifacts/OLD_OUTPUT_ARCHIVES/policy_data_rebuild_archive_20260622_054122/outputs/step3_live_rebuilt_ledger/step3_suggestion_candidate_ledger.csv,historical_attempt,2
190691,CUNY York College,public,https://www.york.cuny.edu/file-repository/bulletin/2010-2011-york-bulletin-addendum.pdf/view,2010,2011,historical_url_evidence_materialization,historical_lead_input_url,imported_llm_candidate_lead,False,_quarantine/policy_scraper_artifacts_20260702/artifacts/OLD_OUTPUT_ARCHIVES/policy_data_rebuild_archive_20260622_054122/outputs/step3_live_rebuilt_ledger/step3_suggestion_candidate_ledger.csv,historical_attempt,2
190691,CUNY York College,public,https://www.york.cuny.edu/file-repository/bulletin/2011-2012-york-bulletin.pdf/view,2011,2012,historical_url_evidence_materialization,historical_lead_input_url,imported_llm_candidate_lead,False,_quarantine/policy_scraper_artifacts_20260702/artifacts/OLD_OUTPUT_ARCHIVES/policy_data_rebuild_archive_20260622_054122/outputs/step3_live_rebuilt_ledger/step3_suggestion_candidate_ledger.csv,historical_attempt,2
190691,CUNY York College,public,https://www.york.cuny.edu/file-repository/bulletin/2012-2013-york-bulletin.pdf/view,2012,2013,historical_url_evidence_materialization,historical_lead_input_url,imported_llm_candidate_lead,False,_quarantine/policy_scraper_artifacts_20260702/artifacts/OLD_OUTPUT_ARCHIVES/policy_data_rebuild_archive_20260622_054122/outputs/step3_live_rebuilt_ledger/step3_suggestion_candidate_ledger.csv,historical_attempt,2
190691,CUNY York College,public,https://www.york.cuny.edu/file-repository/bulletin/2013-2014-york-bulletin.pdf/view,2013,2014,historical_url_evidence_materialization,historical_lead_input_url,imported_llm_candidate_lead,False,_quarantine/policy_scraper_artifacts_20260702/artifacts/OLD_OUTPUT_ARCHIVES/policy_data_rebuild_archive_20260622_054122/outputs/step3_live_rebuilt_ledger/step3_suggestion_candidate_ledger.csv,historical_attempt,2
190691,CUNY York College,public,https://www.york.cuny.edu/file-repository/bulletin/2014-2015-york-bulletin.pdf/view,2014,2015,historical_url_evidence_materialization,historical_lead_input_url,imported_llm_candidate_lead,False,_quarantine/policy_scraper_artifacts_20260702/artifacts/OLD_OUTPUT_ARCHIVES/policy_data_rebuild_archive_20260622_054122/outputs/step3_live_rebuilt_ledger/step3_suggestion_candidate_ledger.csv,historical_attempt,2
190691,CUNY York College,public,https://www.york.cuny.edu/file-repository/bulletin/2015-2016-york-bulletin.pdf/view,2015,2016,historical_url_evidence_materialization,historical_lead_input_url,imported_llm_candidate_lead,False,_quarantine/policy_scraper_artifacts_20260702/artifacts/OLD_OUTPUT_ARCHIVES/policy_data_rebuild_archive_20260622_054122/outputs/step3_live_rebuilt_ledger/step3_suggestion_candidate_ledger.csv,historical_attempt,2
190691,CUNY York College,public,https://www.york.cuny.edu/file-repository/bulletin/2016-2017-york-bulletin.pdf/view,2016,2017,historical_url_evidence_materialization,historical_lead_input_url,imported_llm_candidate_lead,False,_quarantine/policy_scraper_artifacts_20260702/artifacts/OLD_OUTPUT_ARCHIVES/policy_data_rebuild_archive_20260622_054122/outputs/step3_live_rebuilt_ledger/step3_suggestion_candidate_ledger.csv,historical_attempt,2
191241,Fordham University,private,2012-2014.pdf,2012,2014,historical_url_evidence_materialization,legacy_input_url,validated_human_legacy,True,_quarantine/policy_scraper_artifacts_20260702/artifacts/AUDIT_TRAILS/policy_data_internal_existing/90_INTERNAL_PIPELINE_ARTIFACTS/interim/archive/pre_namespace_run_20260609_production_namespace/legacy_evidence_links.csv,historical_discovery,0
195544,Saint Joseph's College-New York,private,https://catalog.sjny.edu/content.php?catoid=1&navoid=72#Academic_Policies,2011,2011,historical_url_evidence_materialization,legacy_input_url,validated_human_legacy,True,_quarantine/policy_scraper_artifacts_20260702/artifacts/AUDIT_TRAILS/policy_data_internal_existing/90_INTERNAL_PIPELINE_ARTIFACTS/interim/archive/pre_namespace_run_20260609_production_namespace/legacy_evidence_links.csv,historical_discovery,0
195544,Saint Joseph's College-New York,private,https://catalog.sjny.edu/content.php?catoid=1&navoid=72#Academic_Policies,2012,2012,historical_url_evidence_materialization,legacy_input_url,validated_human_legacy,True,_quarantine/policy_scraper_artifacts_20260702/artifacts/AUDIT_TRAILS/policy_data_internal_existing/90_INTERNAL_PIPELINE_ARTIFACTS/interim/archive/pre_namespace_run_20260609_production_namespace/legacy_evidence_links.csv,historical_discovery,0
195544,Saint Joseph's College-New York,private,https://catalog.sjny.edu/content.php?catoid=3&navoid=108#Academic_Policies,2013,2013,historical_url_evidence_materialization,legacy_input_url,validated_human_legacy,True,_quarantine/policy_scraper_artifacts_20260702/artifacts/AUDIT_TRAILS/policy_data_internal_existing/90_INTERNAL_PIPELINE_ARTIFACTS/interim/archive/pre_namespace_run_20260609_production_namespace/legacy_evidence_links.csv,historical_discovery,0
195544,Saint Joseph's College-New York,private,https://catalog.sjny.edu/content.php?catoid=5&navoid=184#Academic_Policies,2014,2014,historical_url_evidence_materialization,legacy_input_url,validated_human_legacy,True,_quarantine/policy_scraper_artifacts_20260702/artifacts/AUDIT_TRAILS/policy_data_internal_existing/90_INTERNAL_PIPELINE_ARTIFACTS/interim/archive/pre_namespace_run_20260609_production_namespace/legacy_evidence_links.csv,historical_discovery,0
195544,Saint Joseph's College-New York,private,https://catalog.sjny.edu/content.php?catoid=7&navoid=270#Academic_Policies,2015,2015,historical_url_evidence_materialization,legacy_input_url,validated_human_legacy,True,_quarantine/policy_scraper_artifacts_20260702/artifacts/AUDIT_TRAILS/policy_data_internal_existing/90_INTERNAL_PIPELINE_ARTIFACTS/interim/archive/pre_namespace_run_20260609_production_namespace/legacy_evidence_links.csv,historical_discovery,0
195544,St. Joseph's College-New York,private,https://catalog.sjny.edu/content.php?catoid=9&navoid=380#Academic_Policies,2016,2016,historical_url_evidence_materialization,legacy_input_url,validated_human_legacy,True,_quarantine/policy_scraper_artifacts_20260702/artifacts/AUDIT_TRAILS/policy_data_internal_existing/90_INTERNAL_PIPELINE_ARTIFACTS/interim/archive/pre_namespace_run_20260609_production_namespace/legacy_evidence_links.csv,historical_discovery,0
196051,Morrisville State College,public,https://www.morrisville.edu/sites/default/files/entity-browser-files/msc_catalog_2015-16.pdf,2015,2016,historical_url_evidence_materialization,historical_lead_input_url,imported_llm_candidate_lead,False,_quarantine/policy_scraper_artifacts_20260702/artifacts/AUDIT_TRAILS/policy_data_internal_existing/90_INTERNAL_PIPELINE_ARTIFACTS/audits/legacy_benchmark_current/public_fresh_ai_year_candidates_public_fresh_full_rank151_175_ai25_live.csv,historical_attempt,2
196051,Morrisville State College,public,https://www.morrisville.edu/sites/default/files/entity-browser-files/college_catalog_2016-17.pdf,2016,2017,historical_url_evidence_materialization,historical_lead_input_url,imported_llm_candidate_lead,False,_quarantine/policy_scraper_artifacts_20260702/artifacts/AUDIT_TRAILS/policy_data_internal_existing/90_INTERNAL_PIPELINE_ARTIFACTS/audits/legacy_benchmark_current/public_fresh_ai_year_candidates_public_fresh_full_rank151_175_ai25_live.csv,historical_attempt,2
196060,SUNY AT ALBANY,public,https://www.albany.edu/undergraduate_bulletin_archive/2003-2004/,2003,2004,historical_url_evidence_materialization,historical_lead_input_url,imported_llm_candidate_lead,False,_quarantine/policy_scraper_artifacts_20260702/artifacts/AUDIT_TRAILS/policy_data_internal_existing/90_INTERNAL_PIPELINE_ARTIFACTS/audits/legacy_benchmark_current/public_fresh_ai_year_candidates_public_fresh_full_rank151_175_ai25_live.csv,historical_attempt,2
196060,SUNY AT ALBANY,public,https://www.albany.edu/undergraduate_bulletin_archive/2004-2005/,2004,2005,historical_url_evidence_materialization,historical_lead_input_url,imported_llm_candidate_lead,False,_quarantine/policy_scraper_artifacts_20260702/artifacts/AUDIT_TRAILS/policy_data_internal_existing/90_INTERNAL_PIPELINE_ARTIFACTS/audits/legacy_benchmark_current/public_fresh_ai_year_candidates_public_fresh_full_rank151_175_ai25_live.csv,historical_attempt,2
196060,SUNY at Albany,public,https://www.albany.edu/undergraduate_bulletin_archive/2005-2006/,2005,2006,historical_url_evidence_materialization,historical_lead_input_url,imported_llm_candidate_lead,False,_quarantine/policy_scraper_artifacts_20260702/artifacts/AUDIT_TRAILS/policy_data_internal_existing/90_INTERNAL_PIPELINE_ARTIFACTS/audits/legacy_benchmark_current/public_fresh_ai_year_candidates_public_fresh_full_rank151_175_ai25_live.csv,historical_attempt,2
196060,SUNY at Albany,public,https://www.albany.edu/undergraduate_bulletin_archive/2006-2007/,2006,2007,historical_url_evidence_materialization,historical_lead_input_url,imported_llm_candidate_lead,False,_quarantine/policy_scraper_artifacts_20260702/artifacts/AUDIT_TRAILS/policy_data_internal_existing/90_INTERNAL_PIPELINE_ARTIFACTS/audits/legacy_benchmark_current/public_fresh_ai_year_candidates_public_fresh_full_rank151_175_ai25_live.csv,historical_attempt,2
196060,SUNY at Albany,public,https://www.albany.edu/undergraduate_bulletin_archive/2007-2008/,2007,2008,historical_url_evidence_materialization,historical_lead_input_url,imported_llm_candidate_lead,False,_quarantine/policy_scraper_artifacts_20260702/artifacts/AUDIT_TRAILS/policy_data_internal_existing/90_INTERNAL_PIPELINE_ARTIFACTS/audits/legacy_benchmark_current/public_fresh_ai_year_candidates_public_fresh_full_rank151_175_ai25_live.csv,historical_attempt,2
196060,SUNY at Albany,public,https://www.albany.edu/undergraduate_bulletin_archive/2008-2009/,2008,2009,historical_url_evidence_materialization,historical_lead_input_url,imported_llm_candidate_lead,False,_quarantine/policy_scraper_artifacts_20260702/artifacts/AUDIT_TRAILS/policy_data_internal_existing/90_INTERNAL_PIPELINE_ARTIFACTS/audits/legacy_benchmark_current/public_fresh_ai_year_candidates_public_fresh_full_rank151_175_ai25_live.csv,historical_attempt,2
196060,SUNY at Albany,public,https://www.albany.edu/undergraduate_bulletin_archive/2009-2010/,2009,2010,historical_url_evidence_materialization,historical_lead_input_url,imported_llm_candidate_lead,False,_quarantine/policy_scraper_artifacts_20260702/artifacts/AUDIT_TRAILS/policy_data_internal_existing/90_INTERNAL_PIPELINE_ARTIFACTS/audits/legacy_benchmark_current/public_fresh_ai_year_candidates_public_fresh_full_rank151_175_ai25_live.csv,historical_attempt,2
196060,SUNY at Albany,public,https://catalog.niagaracc.suny.edu/index.php?catoid=1,2010,2010,historical_url_evidence_materialization,historical_lead_input_url,imported_llm_candidate_lead,False,_quarantine/policy_scraper_artifacts_20260702/artifacts/OLD_OUTPUT_ARCHIVES/policy_data_rebuild_archive_20260622_054122/outputs/step3_live_rebuilt_ledger/step3_suggestion_candidate_ledger.csv,historical_attempt,2
196060,SUNY at Albany,public,https://catalog.niagaracc.suny.edu/index.php?catoid=6,2011,2011,historical_url_evidence_materialization,historical_lead_input_url,imported_llm_candidate_lead,False,_quarantine/policy_scraper_artifacts_20260702/artifacts/OLD_OUTPUT_ARCHIVES/policy_data_rebuild_archive_20260622_054122/outputs/step3_live_rebuilt_ledger/step3_suggestion_candidate_ledger.csv,historical_attempt,2
196060,SUNY at Albany,public,https://www.albany.edu/undergraduate_bulletin_archive/2012-2013/,2012,2013,historical_url_evidence_materialization,historical_lead_input_url,imported_llm_candidate_lead,False,_quarantine/policy_scraper_artifacts_20260702/artifacts/AUDIT_TRAILS/policy_data_internal_existing/90_INTERNAL_PIPELINE_ARTIFACTS/audits/legacy_benchmark_current/public_fresh_ai_year_candidates_public_fresh_full_rank151_175_ai25_live.csv,historical_attempt,2
196060,SUNY at Albany,public,https://catalog.niagaracc.suny.edu/index.php?catoid=10,2013,2013,historical_url_evidence_materialization,historical_lead_input_url,imported_llm_candidate_lead,False,_quarantine/policy_scraper_artifacts_20260702/artifacts/OLD_OUTPUT_ARCHIVES/policy_data_rebuild_archive_20260622_054122/outputs/step3_live_rebuilt_ledger/step3_suggestion_candidate_ledger.csv,historical_attempt,2
196060,SUNY at Albany,public,https://catalog.niagaracc.suny.edu/index.php?catoid=12,2014,2014,historical_url_evidence_materialization,historical_lead_input_url,imported_llm_candidate_lead,False,_quarantine/policy_scraper_artifacts_20260702/artifacts/OLD_OUTPUT_ARCHIVES/policy_data_rebuild_archive_20260622_054122/outputs/step3_live_rebuilt_ledger/step3_suggestion_candidate_ledger.csv,historical_attempt,2
196060,SUNY at Albany,public,https://www.albany.edu/undergraduate_bulletin_archive/2015-2016.tar,2015,2016,historical_url_evidence_materialization,historical_lead_input_url,imported_llm_candidate_lead,False,_quarantine/policy_scraper_artifacts_20260702/artifacts/AUDIT_TRAILS/policy_data_internal_existing/90_INTERNAL_PIPELINE_ARTIFACTS/audits/legacy_benchmark_current/public_fresh_ai_year_candidates_public_fresh_full_rank151_175_ai25_live.csv,historical_attempt,2
196060,SUNY at Albany,public,https://catalog.niagaracc.suny.edu/index.php?catoid=16,2016,2016,historical_url_evidence_materialization,historical_lead_input_url,imported_llm_candidate_lead,False,_quarantine/policy_scraper_artifacts_20260702/artifacts/OLD_OUTPUT_ARCHIVES/policy_data_rebuild_archive_20260622_054122/outputs/step3_live_rebuilt_ledger/step3_suggestion_candidate_ledger.csv,historical_attempt,2
196079,SUNY AT BINGHAMTON,public,https://bulletin.binghamton.edu/,2003,2003,historical_url_evidence_materialization,legacy_input_url,prior_programmatic,True,_quarantine/policy_scraper_artifacts_20260702/artifacts/PILOTS/url_discovery/audit_trails/url_discovery_pilot_batch_003/source_review_log.csv,historical_discovery,1
196079,SUNY AT BINGHAMTON,public,https://bulletin.binghamton.edu/,2004,2004,historical_url_evidence_materialization,legacy_input_url,prior_programmatic,True,_quarantine/policy_scraper_artifacts_20260702/artifacts/PILOTS/url_discovery/audit_trails/url_discovery_pilot_batch_003/source_review_log.csv,historical_discovery,1
196079,SUNY at Binghamton,public,https://bulletin.binghamton.edu/,2005,2005,historical_url_evidence_materialization,legacy_input_url,prior_programmatic,True,_quarantine/policy_scraper_artifacts_20260702/artifacts/PILOTS/url_discovery/audit_trails/url_discovery_pilot_batch_003/source_review_log.csv,historical_discovery,1
196079,SUNY at Binghamton,public,https://bulletin.binghamton.edu/,2006,2006,historical_url_evidence_materialization,legacy_input_url,prior_programmatic,True,_quarantine/policy_scraper_artifacts_20260702/artifacts/PILOTS/url_discovery/audit_trails/url_discovery_pilot_batch_003/source_review_log.csv,historical_discovery,1
196079,SUNY at Binghamton,public,https://bulletin.binghamton.edu/,2007,2007,historical_url_evidence_materialization,legacy_input_url,prior_programmatic,True,_quarantine/policy_scraper_artifacts_20260702/artifacts/PILOTS/url_discovery/audit_trails/url_discovery_pilot_batch_003/source_review_log.csv,historical_discovery,1
196079,SUNY at Binghamton,public,https://bulletin.binghamton.edu/,2008,2008,historical_url_evidence_materialization,legacy_input_url,prior_programmatic,True,_quarantine/policy_scraper_artifacts_20260702/artifacts/PILOTS/url_discovery/audit_trails/url_discovery_pilot_batch_003/source_review_log.csv,historical_discovery,1
196079,SUNY at Binghamton,public,https://bulletin.binghamton.edu/,2009,2009,historical_url_evidence_materialization,legacy_input_url,prior_programmatic,True,_quarantine/policy_scraper_artifacts_20260702/artifacts/PILOTS/url_discovery/audit_trails/url_discovery_pilot_batch_003/source_review_log.csv,historical_discovery,1
196079,SUNY at Binghamton,public,https://bulletin.binghamton.edu/,2010,2010,historical_url_evidence_materialization,legacy_input_url,prior_programmatic,True,_quarantine/policy_scraper_artifacts_20260702/artifacts/PILOTS/url_discovery/audit_trails/url_discovery_pilot_batch_003/source_review_log.csv,historical_discovery,1
196079,SUNY at Binghamton,public,https://bulletin.binghamton.edu/,2011,2011,historical_url_evidence_materialization,legacy_input_url,prior_programmatic,True,_quarantine/policy_scraper_artifacts_20260702/artifacts/PILOTS/url_discovery/audit_trails/url_discovery_pilot_batch_003/source_review_log.csv,historical_discovery,1
196079,SUNY at Binghamton,public,https://bulletin.binghamton.edu/,2012,2012,historical_url_evidence_materialization,legacy_input_url,prior_programmatic,True,_quarantine/policy_scraper_artifacts_20260702/artifacts/PILOTS/url_discovery/audit_trails/url_discovery_pilot_batch_003/source_review_log.csv,historical_discovery,1
196079,SUNY at Binghamton,public,https://bulletin.binghamton.edu/,2013,2013,historical_url_evidence_materialization,legacy_input_url,prior_programmatic,True,_quarantine/policy_scraper_artifacts_20260702/artifacts/PILOTS/url_discovery/audit_trails/url_discovery_pilot_batch_003/source_review_log.csv,historical_discovery,1
196079,SUNY at Binghamton,public,https://bulletin.binghamton.edu/,2014,2014,historical_url_evidence_materialization,legacy_input_url,prior_programmatic,True,_quarantine/policy_scraper_artifacts_20260702/artifacts/PILOTS/url_discovery/audit_trails/url_discovery_pilot_batch_003/source_review_log.csv,historical_discovery,1
196079,SUNY at Binghamton,public,https://bulletin.binghamton.edu/,2015,2015,historical_url_evidence_materialization,legacy_input_url,prior_programmatic,True,_quarantine/policy_scraper_artifacts_20260702/artifacts/PILOTS/url_discovery/audit_trails/url_discovery_pilot_batch_003/source_review_log.csv,historical_discovery,1
196079,SUNY at Binghamton,public,https://bulletin.binghamton.edu/,2016,2016,historical_url_evidence_materialization,legacy_input_url,prior_programmatic,True,_quarantine/policy_scraper_artifacts_20260702/artifacts/PILOTS/url_discovery/audit_trails/url_discovery_pilot_batch_003/source_review_log.csv,historical_discovery,1
196103,SUNY COLLEGE OF ENVIRONMENTAL SCIENCE AND FORESTRY,public,https://web.archive.org/web/20031013232148/http://www.esf.edu:80/catalog/,2003,2004,historical_url_evidence_materialization,historical_lead_input_url,imported_llm_candidate_lead,False,_quarantine/policy_scraper_artifacts_20260702/artifacts/OLD_OUTPUT_ARCHIVES/policy_data_rebuild_archive_20260622_054122/outputs/step4_source_review/step4_suggestion_source_review.csv,historical_attempt,2
196103,SUNY COLLEGE OF ENVIRONMENTAL SCIENCE AND FORESTRY,public,https://web.archive.org/web/20041009205413/http://www.esf.edu:80/catalog/APM.htm,2004,2005,historical_url_evidence_materialization,historical_lead_input_url,imported_llm_candidate_lead,False,_quarantine/policy_scraper_artifacts_20260702/artifacts/OLD_OUTPUT_ARCHIVES/policy_data_rebuild_archive_20260622_054122/outputs/step4_source_review/step4_suggestion_source_review.csv,historical_attempt,2
196103,SUNY College of Environmental Science and Forestry,public,https://web.archive.org/web/20050828025041/http://www.esf.edu:80/catalog/APM.htm,2005,2006,historical_url_evidence_materialization,historical_lead_input_url,imported_llm_candidate_lead,False,_quarantine/policy_scraper_artifacts_20260702/artifacts/OLD_OUTPUT_ARCHIVES/policy_data_rebuild_archive_20260622_054122/outputs/step4_source_review/step4_suggestion_source_review.csv,historical_attempt,2
196103,SUNY College of Environmental Science and Forestry,public,https://web.archive.org/web/20060922094345/http://www.esf.edu/catalog/campuses.htm,2006,2007,historical_url_evidence_materialization,historical_lead_input_url,imported_llm_candidate_lead,False,_quarantine/policy_scraper_artifacts_20260702/artifacts/OLD_OUTPUT_ARCHIVES/policy_data_rebuild_archive_20260622_054122/outputs/step4_source_review/step4_suggestion_source_review.csv,historical_attempt,2
196103,SUNY College of Environmental Science and Forestry,public,https://web.archive.org/web/20071001063835/http://www.esf.edu:80/catalog/,2007,2008,historical_url_evidence_materialization,historical_lead_input_url,imported_llm_candidate_lead,False,_quarantine/policy_scraper_artifacts_20260702/artifacts/OLD_OUTPUT_ARCHIVES/policy_data_rebuild_archive_20260622_054122/outputs/step4_source_review/step4_suggestion_source_review.csv,historical_attempt,2
196103,SUNY College of Environmental Science and Forestry,public,https://web.archive.org/web/20080929082815/http://www.esf.edu:80/catalog/APM.htm,2008,2009,historical_url_evidence_materialization,historical_lead_input_url,imported_llm_candidate_lead,False,_quarantine/policy_scraper_artifacts_20260702/artifacts/OLD_OUTPUT_ARCHIVES/policy_data_rebuild_archive_20260622_054122/outputs/step4_source_review/step4_suggestion_source_review.csv,historical_attempt,2
196103,SUNY College of Environmental Science and Forestry,public,https://web.archive.org/web/20090917124332/http://www.esf.edu:80/catalog/,2009,2010,historical_url_evidence_materialization,historical_lead_input_url,imported_llm_candidate_lead,False,_quarantine/policy_scraper_artifacts_20260702/artifacts/OLD_OUTPUT_ARCHIVES/policy_data_rebuild_archive_20260622_054122/outputs/step4_source_review/step4_suggestion_source_review.csv,historical_attempt,2
196103,SUNY College of Environmental Science and Forestry,public,https://web.archive.org/web/20100922162556/http://www.esf.edu:80/catalog/,2010,2011,historical_url_evidence_materialization,historical_lead_input_url,imported_llm_candidate_lead,False,_quarantine/policy_scraper_artifacts_20260702/artifacts/OLD_OUTPUT_ARCHIVES/policy_data_rebuild_archive_20260622_054122/outputs/step4_source_review/step4_suggestion_source_review.csv,historical_attempt,2
196103,SUNY College of Environmental Science and Forestry,public,https://web.archive.org/web/20111015201912/http://www.esf.edu/catalog/,2011,2012,historical_url_evidence_materialization,historical_lead_input_url,imported_llm_candidate_lead,False,_quarantine/policy_scraper_artifacts_20260702/artifacts/OLD_OUTPUT_ARCHIVES/policy_data_rebuild_archive_20260622_054122/outputs/step4_source_review/step4_suggestion_source_review.csv,historical_attempt,2
197036,United States Military Academy,public,https://web.archive.org/web/20090415193742/http://catalog.utk.edu:80/,2009,2010,historical_url_evidence_materialization,historical_lead_input_url,imported_llm_candidate_lead,False,_quarantine/policy_scraper_artifacts_20260702/artifacts/OLD_OUTPUT_ARCHIVES/policy_data_rebuild_archive_20260622_054122/outputs/step4_source_review/step4_suggestion_source_review.csv,historical_attempt,2
197869,APPALACHIAN STATE UNIVERSITY,public,https://bulletin.appstate.edu/mime/media/5/1537/undergraduatebulletin00-03.pdf,2002,2002,historical_url_evidence_materialization,legacy_input_url,prior_programmatic,True,_quarantine/policy_scraper_artifacts_20260702/artifacts/PILOTS/url_discovery/audit_trails/url_discovery_pilot_batch_002/source_review_log.csv,historical_discovery,1
197869,APPALACHIAN STATE UNIVERSITY,public,https://registrar.appstate.edu/sites/registrar.appstate.edu/files/undergrad_catalog_2003-05.pdf,2003,2005,historical_url_evidence_materialization,legacy_input_url,prior_programmatic,True,_quarantine/policy_scraper_artifacts_20260702/artifacts/PILOTS/url_discovery/audit_trails/url_discovery_pilot_batch_002/source_review_log.csv,historical_discovery,1
197869,APPALACHIAN STATE UNIVERSITY,public,https://registrar.appstate.edu/sites/registrar.appstate.edu/files/undergrad_catalog_2003-05.pdf,2003,2005,historical_url_evidence_materialization,legacy_input_url,prior_programmatic,True,_quarantine/policy_scraper_artifacts_20260702/artifacts/PILOTS/url_discovery/audit_trails/url_discovery_pilot_batch_002/source_review_log.csv,historical_discovery,1
197869,Appalachian State University,public,https://registrar.appstate.edu/sites/registrar.appstate.edu/files/undergrad_catalog05-07.pdf,2005,2005,historical_url_evidence_materialization,legacy_input_url,prior_programmatic,True,_quarantine/policy_scraper_artifacts_20260702/artifacts/PILOTS/url_discovery/audit_trails/url_discovery_pilot_batch_002/source_review_log.csv,historical_discovery,1
197869,Appalachian State University,public,https://registrar.appstate.edu/sites/registrar.appstate.edu/files/undergrad_catalog05-07.pdf,2006,2006,historical_url_evidence_materialization,legacy_input_url,prior_programmatic,True,_quarantine/policy_scraper_artifacts_20260702/artifacts/PILOTS/url_discovery/audit_trails/url_discovery_pilot_batch_002/source_review_log.csv,historical_discovery,1
197869,Appalachian State University,public,https://registrar.appstate.edu/sites/registrar.appstate.edu/files/undergraduatebulletin07-08.pdf,2007,2007,historical_url_evidence_materialization,historical_lead_input_url,historical_programmatic_lead,False,_quarantine/policy_scraper_artifacts_20260702/artifacts/PILOTS/url_discovery/pipeline_outputs/pilot_batch_002/OUTPUT_urls_for_text_extraction.csv,historical_attempt,3
197869,Appalachian State University,public,https://registrar.appstate.edu/sites/registrar.appstate.edu/files/undergraduatebulletin08-09.pdf,2008,2008,historical_url_evidence_materialization,legacy_input_url,prior_programmatic,True,_quarantine/policy_scraper_artifacts_20260702/artifacts/PILOTS/url_discovery/audit_trails/url_discovery_pilot_batch_002/source_review_log.csv,historical_discovery,1
197869,Appalachian State University,public,https://registrar.appstate.edu/sites/registrar.appstate.edu/files/undergraduatebulletin09-10.pdf,2009,2009,historical_url_evidence_materialization,legacy_input_url,prior_programmatic,True,_quarantine/policy_scraper_artifacts_20260702/artifacts/PILOTS/url_discovery/audit_trails/url_discovery_pilot_batch_002/source_review_log.csv,historical_discovery,1
197869,Appalachian State University,public,https://registrar.appstate.edu/sites/registrar.appstate.edu/files/undergraduatebulletin10-11.pdf,2010,2010,historical_url_evidence_materialization,legacy_input_url,prior_programmatic,True,_quarantine/policy_scraper_artifacts_20260702/artifacts/PILOTS/url_discovery/audit_trails/url_discovery_pilot_batch_002/source_review_log.csv,historical_discovery,1
197869,Appalachian State University,public,https://registrar.appstate.edu/sites/registrar.appstate.edu/files/undergraduatebulletin11-12.pdf,2011,2011,historical_url_evidence_materialization,legacy_input_url,prior_programmatic,True,_quarantine/policy_scraper_artifacts_20260702/artifacts/PILOTS/url_discovery/audit_trails/url_discovery_pilot_batch_002/source_review_log.csv,historical_discovery,1
197869,Appalachian State University,public,https://registrar.appstate.edu/sites/registrar.appstate.edu/files/undergraduatebulletin12-13.pdf,2012,2012,historical_url_evidence_materialization,legacy_input_url,prior_programmatic,True,_quarantine/policy_scraper_artifacts_20260702/artifacts/PILOTS/url_discovery/audit_trails/url_discovery_pilot_batch_002/source_review_log.csv,historical_discovery,1
197869,Appalachian State University,public,https://registrar.appstate.edu/sites/registrar.appstate.edu/files/undergraduatebulletin13-14.pdf,2013,2013,historical_url_evidence_materialization,legacy_input_url,prior_programmatic,True,_quarantine/policy_scraper_artifacts_20260702/artifacts/PILOTS/url_discovery/audit_trails/url_discovery_pilot_batch_002/source_review_log.csv,historical_discovery,1
197869,Appalachian State University,public,https://registrar.appstate.edu/sites/registrar.appstate.edu/files/undergraduatebulletin14-15revised.pdf,2014,2014,historical_url_evidence_materialization,legacy_input_url,prior_programmatic,True,_quarantine/policy_scraper_artifacts_20260702/artifacts/PILOTS/url_discovery/audit_trails/url_discovery_pilot_batch_002/source_review_log.csv,historical_discovery,1
197869,Appalachian State University,public,https://registrar.appstate.edu/sites/registrar.appstate.edu/files/undergraduatebulletin15-16.pdf,2015,2015,historical_url_evidence_materialization,legacy_input_url,prior_programmatic,True,_quarantine/policy_scraper_artifacts_20260702/artifacts/PILOTS/url_discovery/audit_trails/url_discovery_pilot_batch_002/source_review_log.csv,historical_discovery,1
197869,Appalachian State University,public,https://bulletin.appstate.edu/content.php?catoid=1&navoid=144&hl=repeated&returnto=search,2016,2016,historical_url_evidence_materialization,legacy_input_url,validated_human_legacy,True,_quarantine/policy_scraper_artifacts_20260702/artifacts/AUDIT_TRAILS/policy_data_internal_existing/90_INTERNAL_PIPELINE_ARTIFACTS/interim/archive/pre_namespace_run_20260609_production_namespace/legacy_evidence_links.csv,historical_discovery,0
198507,Elizabeth City State University,public,https://www.ecsu.edu/academics/registrar/ecsuundergradcatalog2015-2016.pdf,2015,2016,historical_url_evidence_materialization,historical_lead_input_url,imported_llm_candidate_lead,False,_quarantine/policy_scraper_artifacts_20260702/artifacts/AUDIT_TRAILS/policy_data_internal_existing/90_INTERNAL_PIPELINE_ARTIFACTS/audits/legacy_benchmark_current/public_fresh_ai_year_candidates_public_fresh_full_rank126_150_ai25_live.csv,historical_attempt,2
198507,Elizabeth City State University,public,https://www.ecsu.edu/academics/registrar/ecsu-undergraduate-catalog-addendum2016-2017.pdf,2016,2017,historical_url_evidence_materialization,historical_lead_input_url,imported_llm_candidate_lead,False,_quarantine/policy_scraper_artifacts_20260702/artifacts/OLD_OUTPUT_ARCHIVES/policy_data_rebuild_archive_20260622_054122/outputs/step3_live_rebuilt_ledger/step3_suggestion_candidate_ledger.csv,historical_attempt,2
198543,FAYETTEVILLE STATE UNIVERSITY,public,http://acalog.uncfsu.edu/mime/media/11/920/Part+I+p.+1-180.pdf,2004,2004,historical_url_evidence_materialization,legacy_input_url,validated_human_legacy,True,_quarantine/policy_scraper_artifacts_20260702/artifacts/policy_data_internal/interim/legacy_evidence_links.csv,historical_attempt,0
198543,Fayetteville State University,public,http://acalog.uncfsu.edu/mime/media/11/920/Part+I+p.+1-180.pdf,2005,2005,historical_url_evidence_materialization,historical_lead_input_url,imported_llm_candidate_lead,False,_quarantine/policy_scraper_artifacts_20260702/artifacts/OLD_OUTPUT_ARCHIVES/policy_data_rebuild_archive_20260622_054122/outputs/step3_live_rebuilt_ledger/step3_suggestion_candidate_ledger.csv,historical_attempt,2
198543,Fayetteville State University,public,https://acalog.uncfsu.edu/index.php?catoid=1,2016,2016,historical_url_evidence_materialization,legacy_input_url,prior_programmatic,True,_quarantine/policy_scraper_artifacts_20260702/artifacts/PILOTS/url_discovery/audit_trails/url_discovery_pilot_batch_011_dev_006/source_review_log.csv,historical_discovery,1
199184,NORTH CAROLINA SCHOOL OF THE ARTS,public,https://www.uncsa.edu/bulletin/archived-bulletins/2003-combined-bulletin.pdf,2003,2004,historical_url_evidence_materialization,historical_lead_input_url,imported_llm_candidate_lead,False,_quarantine/policy_scraper_artifacts_20260702/artifacts/OLD_OUTPUT_ARCHIVES/policy_data_rebuild_archive_20260622_054122/outputs/step3_live_rebuilt_ledger/step3_suggestion_candidate_ledger.csv,historical_attempt,2
199184,North Carolina School of the Arts,public,https://www.uncsa.edu/bulletin/archived-bulletins/2005-complete.pdf,2005,2006,historical_url_evidence_materialization,historical_lead_input_url,imported_llm_candidate_lead,False,_quarantine/policy_scraper_artifacts_20260702/artifacts/AUDIT_TRAILS/policy_data_internal_existing/90_INTERNAL_PIPELINE_ARTIFACTS/audits/legacy_benchmark_current/public_fresh_ai_year_candidates_public_fresh_full_rank126_150_ai25_live.csv,historical_attempt,2
199184,North Carolina School of the Arts,public,https://www.uncsa.edu/bulletin/archived-bulletins/2005-complete.pdf,2005,2006,historical_url_evidence_materialization,historical_lead_input_url,imported_llm_candidate_lead,False,_quarantine/policy_scraper_artifacts_20260702/artifacts/AUDIT_TRAILS/policy_data_internal_existing/90_INTERNAL_PIPELINE_ARTIFACTS/audits/legacy_benchmark_current/public_fresh_ai_year_candidates_public_fresh_full_rank126_150_ai25_live.csv,historical_attempt,2
199184,North Carolina School of the Arts,public,https://www.uncsa.edu/bulletin/archived-bulletins/2006complete.pdf,2006,2007,historical_url_evidence_materialization,historical_lead_input_url,imported_llm_candidate_lead,False,_quarantine/policy_scraper_artifacts_20260702/artifacts/AUDIT_TRAILS/policy_data_internal_existing/90_INTERNAL_PIPELINE_ARTIFACTS/audits/legacy_benchmark_current/public_fresh_ai_year_candidates_public_fresh_full_rank126_150_ai25_live.csv,historical_attempt,2
199184,University of North Carolina School of the Arts,public,https://www.uncsa.edu/bulletin/archived-bulletins/2007completebulletin.pdf,2007,2008,historical_url_evidence_materialization,historical_lead_input_url,imported_llm_candidate_lead,False,_quarantine/policy_scraper_artifacts_20260702/artifacts/AUDIT_TRAILS/policy_data_internal_existing/90_INTERNAL_PIPELINE_ARTIFACTS/audits/legacy_benchmark_current/public_fresh_ai_year_candidates_public_fresh_full_rank126_150_ai25_live.csv,historical_attempt,2
199184,University of North Carolina School of the Arts,public,https://web.archive.org/web/20090106043021/http://www.uncsa.edu/bulletin,2009,2010,historical_url_evidence_materialization,historical_lead_input_url,imported_llm_candidate_lead,False,_quarantine/policy_scraper_artifacts_20260702/artifacts/OLD_OUTPUT_ARCHIVES/policy_data_rebuild_archive_20260622_054122/outputs/step4_source_review/step4_suggestion_source_review.csv,historical_attempt,2
199184,University of North Carolina School of the Arts,public,https://web.archive.org/web/20090106043021/http://www.uncsa.edu/bulletin,2009,2010,historical_url_evidence_materialization,historical_lead_input_url,imported_llm_candidate_lead,False,_quarantine/policy_scraper_artifacts_20260702/artifacts/OLD_OUTPUT_ARCHIVES/policy_data_rebuild_archive_20260622_054122/outputs/step4_source_review/step4_suggestion_source_review.csv,historical_attempt,2
199184,University of North Carolina School of the Arts,public,https://www.uncsa.edu/bulletin/archived-bulletins/2010completebulletin.pdf,2010,2011,historical_url_evidence_materialization,historical_lead_input_url,imported_llm_candidate_lead,False,_quarantine/policy_scraper_artifacts_20260702/artifacts/OLD_OUTPUT_ARCHIVES/policy_data_rebuild_archive_20260622_054122/outputs/step3_live_rebuilt_ledger/step3_suggestion_candidate_ledger.csv,historical_attempt,2
199184,University of North Carolina School of the Arts,public,https://www.uncsa.edu/bulletin/archived-bulletins/2012-undergraduate-bulletin.pdf,2012,2013,historical_url_evidence_materialization,historical_lead_input_url,imported_llm_candidate_lead,False,_quarantine/policy_scraper_artifacts_20260702/artifacts/AUDIT_TRAILS/policy_data_internal_existing/90_INTERNAL_PIPELINE_ARTIFACTS/audits/legacy_benchmark_current/public_fresh_ai_year_candidates_public_fresh_full_rank126_150_ai25_live.csv,historical_attempt,2
199184,University of North Carolina School of the Arts,public,https://www.uncsa.edu/bulletin/archived-bulletins/2014UGcompletebulletin.pdf,2014,2015,historical_url_evidence_materialization,historical_lead_input_url,imported_llm_candidate_lead,False,_quarantine/policy_scraper_artifacts_20260702/artifacts/OLD_OUTPUT_ARCHIVES/policy_data_rebuild_archive_20260622_054122/outputs/step3_live_rebuilt_ledger/step3_suggestion_candidate_ledger.csv,historical_attempt,2
199184,University of North Carolina School of the Arts,public,https://www.uncsa.edu/bulletin/archived-bulletins/2017UGcompletebulletin.pdf,2017,2018,historical_url_evidence_materialization,historical_lead_input_url,imported_llm_candidate_lead,False,_quarantine/policy_scraper_artifacts_20260702/artifacts/OLD_OUTPUT_ARCHIVES/policy_data_rebuild_archive_20260622_054122/outputs/step3_live_rebuilt_ledger/step3_suggestion_candidate_ledger.csv,historical_attempt,2
199865,Warren Wilson College,private,https://www.warren-wilson.edu/wp-content/uploads/2022/04/09-10_Catalog.pdf,2022,2023,historical_url_evidence_materialization,historical_lead_input_url,imported_llm_candidate_lead,False,_quarantine/policy_scraper_artifacts_20260702/artifacts/OLD_OUTPUT_ARCHIVES/policy_data_rebuild_archive_20260622_054122/outputs/step3_live_rebuilt_ledger/step3_suggestion_candidate_ledger.csv,historical_attempt,2
199865,Warren Wilson College,private,https://www.warren-wilson.edu/wp-content/uploads/2022/04/10-11_Catalog.pdf,2022,2023,historical_url_evidence_materialization,historical_lead_input_url,imported_llm_candidate_lead,False,_quarantine/policy_scraper_artifacts_20260702/artifacts/OLD_OUTPUT_ARCHIVES/policy_data_rebuild_archive_20260622_054122/outputs/step3_live_rebuilt_ledger/step3_suggestion_candidate_ledger.csv,historical_attempt,2
199865,Warren Wilson College,private,https://www.warren-wilson.edu/wp-content/uploads/2022/04/11-12_Catalog.pdf,2022,2023,historical_url_evidence_materialization,historical_lead_input_url,imported_llm_candidate_lead,False,_quarantine/policy_scraper_artifacts_20260702/artifacts/OLD_OUTPUT_ARCHIVES/policy_data_rebuild_archive_20260622_054122/outputs/step3_live_rebuilt_ledger/step3_suggestion_candidate_ledger.csv,historical_attempt,2
199865,Warren Wilson College,private,https://www.warren-wilson.edu/wp-content/uploads/2022/04/12-13_Catalog.pdf,2022,2023,historical_url_evidence_materialization,historical_lead_input_url,imported_llm_candidate_lead,False,_quarantine/policy_scraper_artifacts_20260702/artifacts/OLD_OUTPUT_ARCHIVES/policy_data_rebuild_archive_20260622_054122/outputs/step3_live_rebuilt_ledger/step3_suggestion_candidate_ledger.csv,historical_attempt,2
199865,Warren Wilson College,private,https://www.warren-wilson.edu/wp-content/uploads/2022/04/13-14_Catalog.pdf,2022,2023,historical_url_evidence_materialization,historical_lead_input_url,imported_llm_candidate_lead,False,_quarantine/policy_scraper_artifacts_20260702/artifacts/OLD_OUTPUT_ARCHIVES/policy_data_rebuild_archive_20260622_054122/outputs/step3_live_rebuilt_ledger/step3_suggestion_candidate_ledger.csv,historical_attempt,2
199865,Warren Wilson College,private,https://www.warren-wilson.edu/wp-content/uploads/2022/04/14-15_Catalog.pdf,2022,2023,historical_url_evidence_materialization,historical_lead_input_url,imported_llm_candidate_lead,False,_quarantine/policy_scraper_artifacts_20260702/artifacts/OLD_OUTPUT_ARCHIVES/policy_data_rebuild_archive_20260622_054122/outputs/step3_live_rebuilt_ledger/step3_suggestion_candidate_ledger.csv,historical_attempt,2
199865,Warren Wilson College,private,https://www.warren-wilson.edu/wp-content/uploads/2022/04/15-16_Catalog.pdf,2022,2023,historical_url_evidence_materialization,historical_lead_input_url,imported_llm_candidate_lead,False,_quarantine/policy_scraper_artifacts_20260702/artifacts/OLD_OUTPUT_ARCHIVES/policy_data_rebuild_archive_20260622_054122/outputs/step3_live_rebuilt_ledger/step3_suggestion_candidate_ledger.csv,historical_attempt,2
199865,Warren Wilson College,private,https://www.warren-wilson.edu/wp-content/uploads/2022/04/16-17_Catalog.pdf,2022,2023,historical_url_evidence_materialization,historical_lead_input_url,imported_llm_candidate_lead,False,_quarantine/policy_scraper_artifacts_20260702/artifacts/OLD_OUTPUT_ARCHIVES/policy_data_rebuild_archive_20260622_054122/outputs/step3_live_rebuilt_ledger/step3_suggestion_candidate_ledger.csv,historical_attempt,2
200253,Minot State University,public,https://www.minotstateu.edu/records/documents/catalog_archive/u_04_06.pdf,2006,2006,historical_url_evidence_materialization,legacy_input_url,validated_human_legacy,True,_quarantine/policy_scraper_artifacts_20260702/artifacts/policy_data_internal/interim/legacy_evidence_links.csv,historical_attempt,0
201441,BOWLING GREEN STATE UNIVERSITY-MAIN CAMPUS,public,https://scholarworks.bgsu.edu/catalogs/,2003,2003,historical_url_evidence_materialization,historical_lead_input_url,historical_programmatic_lead,False,_quarantine/policy_scraper_artifacts_20260702/artifacts/PILOTS/url_discovery/pipeline_outputs/pilot_batch_004/OUTPUT_urls_for_text_extraction.csv,historical_attempt,3
201441,BOWLING GREEN STATE UNIVERSITY-MAIN CAMPUS,public,https://scholarworks.bgsu.edu/catalogs/,2004,2004,historical_url_evidence_materialization,historical_lead_input_url,historical_programmatic_lead,False,_quarantine/policy_scraper_artifacts_20260702/artifacts/PILOTS/url_discovery/pipeline_outputs/pilot_batch_004/OUTPUT_urls_for_text_extraction.csv,historical_attempt,3
201441,Bowling Green State University-Main Campus,public,https://scholarworks.bgsu.edu/catalogs/,2005,2005,historical_url_evidence_materialization,historical_lead_input_url,historical_programmatic_lead,False,_quarantine/policy_scraper_artifacts_20260702/artifacts/PILOTS/url_discovery/pipeline_outputs/pilot_batch_004/OUTPUT_urls_for_text_extraction.csv,historical_attempt,3
201441,Bowling Green State University-Main Campus,public,https://scholarworks.bgsu.edu/catalogs/,2006,2006,historical_url_evidence_materialization,historical_lead_input_url,historical_programmatic_lead,False,_quarantine/policy_scraper_artifacts_20260702/artifacts/PILOTS/url_discovery/pipeline_outputs/pilot_batch_004/OUTPUT_urls_for_text_extraction.csv,historical_attempt,3
201441,Bowling Green State University-Main Campus,public,https://scholarworks.bgsu.edu/catalogs/,2007,2007,historical_url_evidence_materialization,historical_lead_input_url,historical_programmatic_lead,False,_quarantine/policy_scraper_artifacts_20260702/artifacts/PILOTS/url_discovery/pipeline_outputs/pilot_batch_004/OUTPUT_urls_for_text_extraction.csv,historical_attempt,3
201441,Bowling Green State University-Main Campus,public,https://scholarworks.bgsu.edu/catalogs/,2008,2008,historical_url_evidence_materialization,historical_lead_input_url,historical_programmatic_lead,False,_quarantine/policy_scraper_artifacts_20260702/artifacts/PILOTS/url_discovery/pipeline_outputs/pilot_batch_004/OUTPUT_urls_for_text_extraction.csv,historical_attempt,3
201441,Bowling Green State University-Main Campus,public,https://scholarworks.bgsu.edu/catalogs/,2009,2009,historical_url_evidence_materialization,historical_lead_input_url,historical_programmatic_lead,False,_quarantine/policy_scraper_artifacts_20260702/artifacts/PILOTS/url_discovery/pipeline_outputs/pilot_batch_004/OUTPUT_urls_for_text_extraction.csv,historical_attempt,3
201441,Bowling Green State University-Main Campus,public,https://scholarworks.bgsu.edu/catalogs/,2010,2010,historical_url_evidence_materialization,historical_lead_input_url,historical_programmatic_lead,False,_quarantine/policy_scraper_artifacts_20260702/artifacts/PILOTS/url_discovery/pipeline_outputs/pilot_batch_004/OUTPUT_urls_for_text_extraction.csv,historical_attempt,3
201441,Bowling Green State University-Main Campus,public,https://scholarworks.bgsu.edu/catalogs/,2012,2012,historical_url_evidence_materialization,historical_lead_input_url,historical_programmatic_lead,False,_quarantine/policy_scraper_artifacts_20260702/artifacts/PILOTS/url_discovery/pipeline_outputs/pilot_batch_004/OUTPUT_urls_for_text_extraction.csv,historical_attempt,3
201441,Bowling Green State University-Main Campus,public,https://scholarworks.bgsu.edu/catalogs/,2013,2013,historical_url_evidence_materialization,historical_lead_input_url,historical_programmatic_lead,False,_quarantine/policy_scraper_artifacts_20260702/artifacts/PILOTS/url_discovery/pipeline_outputs/pilot_batch_004/OUTPUT_urls_for_text_extraction.csv,historical_attempt,3
201441,Bowling Green State University-Main Campus,public,https://www.bgsu.edu/archived-catalog/summer-2016/academic-policies.html,2016,2017,historical_url_evidence_materialization,legacy_input_url,prior_programmatic,True,_quarantine/policy_scraper_artifacts_20260702/artifacts/PILOTS/url_discovery/audit_trails/url_discovery_pilot_batch_004/source_review_log.csv,historical_discovery,1
201654,CEDARVILLE UNIVERSITY,private,https://digitalcommons.cedarville.edu/cgi/viewcontent.cgi?article=1011&context=academic_catalogs,2002,2002,historical_url_evidence_materialization,legacy_input_url,validated_human_legacy,True,_quarantine/policy_scraper_artifacts_20260702/artifacts/policy_data_internal/interim/legacy_evidence_links.csv,historical_attempt,0
201654,CEDARVILLE UNIVERSITY,private,https://digitalcommons.cedarville.edu/cgi/viewcontent.cgi?article=1006&context=academic_catalogs,2003,2003,historical_url_evidence_materialization,legacy_input_url,validated_human_legacy,True,_quarantine/policy_scraper_artifacts_20260702/artifacts/policy_data_internal/interim/legacy_evidence_links.csv,historical_attempt,0
201654,CEDARVILLE UNIVERSITY,private,https://digitalcommons.cedarville.edu/cgi/viewcontent.cgi?article=1007&context=academic_catalogs,2004,2004,historical_url_evidence_materialization,legacy_input_url,validated_human_legacy,True,_quarantine/policy_scraper_artifacts_20260702/artifacts/policy_data_internal/interim/legacy_evidence_links.csv,historical_attempt,0
201654,Cedarville University,private,https://digitalcommons.cedarville.edu/cgi/viewcontent.cgi?article=1008&context=academic_catalogs,2005,2005,historical_url_evidence_materialization,legacy_input_url,validated_human_legacy,True,_quarantine/policy_scraper_artifacts_20260702/artifacts/policy_data_internal/interim/legacy_evidence_links.csv,historical_attempt,0
201654,Cedarville University,private,https://digitalcommons.cedarville.edu/cgi/viewcontent.cgi?article=1009&context=academic_catalogs,2006,2006,historical_url_evidence_materialization,legacy_input_url,validated_human_legacy,True,_quarantine/policy_scraper_artifacts_20260702/artifacts/policy_data_internal/interim/legacy_evidence_links.csv,historical_attempt,0
201654,Cedarville University,private,https://digitalcommons.cedarville.edu/cgi/viewcontent.cgi?article=1005&context=academic_catalogs,2007,2007,historical_url_evidence_materialization,legacy_input_url,validated_human_legacy,True,_quarantine/policy_scraper_artifacts_20260702/artifacts/policy_data_internal/interim/legacy_evidence_links.csv,historical_attempt,0
201654,Cedarville University,private,https://digitalcommons.cedarville.edu/cgi/viewcontent.cgi?article=1004&context=academic_catalogs,2008,2008,historical_url_evidence_materialization,legacy_input_url,validated_human_legacy,True,_quarantine/policy_scraper_artifacts_20260702/artifacts/policy_data_internal/interim/legacy_evidence_links.csv,historical_attempt,0
201654,Cedarville University,private,https://digitalcommons.cedarville.edu/cgi/viewcontent.cgi?article=1003&context=academic_catalogs,2009,2009,historical_url_evidence_materialization,legacy_input_url,validated_human_legacy,True,_quarantine/policy_scraper_artifacts_20260702/artifacts/policy_data_internal/interim/legacy_evidence_links.csv,historical_attempt,0
201654,Cedarville University,private,https://digitalcommons.cedarville.edu/cgi/viewcontent.cgi?article=1002&context=academic_catalogs,2010,2010,historical_url_evidence_materialization,legacy_input_url,validated_human_legacy,True,_quarantine/policy_scraper_artifacts_20260702/artifacts/policy_data_internal/interim/legacy_evidence_links.csv,historical_attempt,0
201654,Cedarville University,private,https://digitalcommons.cedarville.edu/cgi/viewcontent.cgi?article=1001&context=academic_catalogs,2011,2011,historical_url_evidence_materialization,legacy_input_url,validated_human_legacy,True,_quarantine/policy_scraper_artifacts_20260702/artifacts/policy_data_internal/interim/legacy_evidence_links.csv,historical_attempt,0
201654,Cedarville University,private,https://digitalcommons.cedarville.edu/cgi/viewcontent.cgi?article=1000&context=academic_catalogs,2012,2012,historical_url_evidence_materialization,legacy_input_url,validated_human_legacy,True,_quarantine/policy_scraper_artifacts_20260702/artifacts/policy_data_internal/interim/legacy_evidence_links.csv,historical_attempt,0
201654,Cedarville University,private,https://digitalcommons.cedarville.edu/cgi/viewcontent.cgi?article=1012&context=academic_catalogs,2013,2013,historical_url_evidence_materialization,legacy_input_url,validated_human_legacy,True,_quarantine/policy_scraper_artifacts_20260702/artifacts/policy_data_internal/interim/legacy_evidence_links.csv,historical_attempt,0
201654,Cedarville University,private,https://digitalcommons.cedarville.edu/cgi/viewcontent.cgi?article=1053&context=academic_catalogs,2014,2014,historical_url_evidence_materialization,legacy_input_url,validated_human_legacy,True,_quarantine/policy_scraper_artifacts_20260702/artifacts/policy_data_internal/interim/legacy_evidence_links.csv,historical_attempt,0
201654,Cedarville University,private,https://digitalcommons.cedarville.edu/cgi/viewcontent.cgi?article=1080&context=academic_catalogs,2015,2015,historical_url_evidence_materialization,legacy_input_url,validated_human_legacy,True,_quarantine/policy_scraper_artifacts_20260702/artifacts/policy_data_internal/interim/legacy_evidence_links.csv,historical_attempt,0
201654,Cedarville University,private,https://digitalcommons.cedarville.edu/cgi/viewcontent.cgi?article=1081&context=academic_catalogs,2016,2016,historical_url_evidence_materialization,legacy_input_url,validated_human_legacy,True,_quarantine/policy_scraper_artifacts_20260702/artifacts/policy_data_internal/interim/legacy_evidence_links.csv,historical_attempt,0
202046,Cleveland Institute of Art,private,https://www.cia.edu/wp-content/uploads/2024/08/16-17ciacollegecatalogdec19.pdf,2024,2025,historical_url_evidence_materialization,historical_lead_input_url,imported_llm_candidate_lead,False,_quarantine/policy_scraper_artifacts_20260702/artifacts/OLD_OUTPUT_ARCHIVES/policy_data_rebuild_archive_20260622_054122/outputs/step3_live_rebuilt_ledger/step3_suggestion_candidate_ledger.csv,historical_attempt,2
202073,Cleveland Institute of Music,private,https://www.cim.edu/sites/default/files/inline-files/catalog1112.pdf,2011,2011,historical_url_evidence_materialization,historical_lead_input_url,imported_llm_candidate_lead,False,_quarantine/policy_scraper_artifacts_20260702/artifacts/OLD_OUTPUT_ARCHIVES/policy_data_rebuild_archive_20260622_054122/outputs/step3_live_rebuilt_ledger/step3_suggestion_candidate_ledger.csv,historical_attempt,2
202073,Cleveland Institute of Music,private,https://www.cim.edu/sites/default/files/inline-files/catalog1213.pdf,2012,2012,historical_url_evidence_materialization,historical_lead_input_url,imported_llm_candidate_lead,False,_quarantine/policy_scraper_artifacts_20260702/artifacts/OLD_OUTPUT_ARCHIVES/policy_data_rebuild_archive_20260622_054122/outputs/step3_live_rebuilt_ledger/step3_suggestion_candidate_ledger.csv,historical_attempt,2
202073,Cleveland Institute of Music,private,https://www.cim.edu/sites/default/files/inline-files/catalog1314.pdf,2013,2013,historical_url_evidence_materialization,historical_lead_input_url,imported_llm_candidate_lead,False,_quarantine/policy_scraper_artifacts_20260702/artifacts/OLD_OUTPUT_ARCHIVES/policy_data_rebuild_archive_20260622_054122/outputs/step3_live_rebuilt_ledger/step3_suggestion_candidate_ledger.csv,historical_attempt,2
202073,Cleveland Institute of Music,private,https://www.cim.edu/sites/default/files/inline-files/catalog1415.pdf,2014,2014,historical_url_evidence_materialization,historical_lead_input_url,imported_llm_candidate_lead,False,_quarantine/policy_scraper_artifacts_20260702/artifacts/OLD_OUTPUT_ARCHIVES/policy_data_rebuild_archive_20260622_054122/outputs/step3_live_rebuilt_ledger/step3_suggestion_candidate_ledger.csv,historical_attempt,2
202073,Cleveland Institute of Music,private,https://www.cim.edu/sites/default/files/inline-files/catalog1516.pdf,2015,2015,historical_url_evidence_materialization,historical_lead_input_url,imported_llm_candidate_lead,False,_quarantine/policy_scraper_artifacts_20260702/artifacts/OLD_OUTPUT_ARCHIVES/policy_data_rebuild_archive_20260622_054122/outputs/step3_live_rebuilt_ledger/step3_suggestion_candidate_ledger.csv,historical_attempt,2
202073,Cleveland Institute of Music,private,https://www.cim.edu/sites/default/files/inline-files/CIM%20Course%20Catalogue_1617.pdf,2016,2016,historical_url_evidence_materialization,historical_lead_input_url,imported_llm_candidate_lead,False,_quarantine/policy_scraper_artifacts_20260702/artifacts/OLD_OUTPUT_ARCHIVES/policy_data_rebuild_archive_20260622_054122/outputs/step3_live_rebuilt_ledger/step3_suggestion_candidate_ledger.csv,historical_attempt,2
202134,CLEVELAND STATE UNIVERSITY,public,https://catalog.csuohio.edu/content.php?catoid=26&navoid=2002,2002,2003,historical_url_evidence_materialization,historical_lead_input_url,historical_programmatic_lead,False,_quarantine/policy_scraper_artifacts_20260702/artifacts/PILOTS/url_discovery/pipeline_outputs/pilot_batch_007_dev_002/OUTPUT_urls_for_text_extraction.csv,historical_attempt,3
202134,CLEVELAND STATE UNIVERSITY,public,https://catalog.csuohio.edu/content.php?catoid=26&navoid=2003,2003,2004,historical_url_evidence_materialization,historical_lead_input_url,historical_programmatic_lead,False,_quarantine/policy_scraper_artifacts_20260702/artifacts/PILOTS/url_discovery/pipeline_outputs/pilot_batch_007_dev_002/OUTPUT_urls_for_text_extraction.csv,historical_attempt,3
202134,CLEVELAND STATE UNIVERSITY,public,https://catalog.csuohio.edu/content.php?catoid=26&navoid=2004,2004,2005,historical_url_evidence_materialization,historical_lead_input_url,historical_programmatic_lead,False,_quarantine/policy_scraper_artifacts_20260702/artifacts/PILOTS/url_discovery/pipeline_outputs/pilot_batch_007_dev_002/OUTPUT_urls_for_text_extraction.csv,historical_attempt,3
202134,Cleveland State University,public,https://catalog.csuohio.edu/content.php?catoid=26&navoid=2007,2007,2008,historical_url_evidence_materialization,historical_lead_input_url,historical_programmatic_lead,False,_quarantine/policy_scraper_artifacts_20260702/artifacts/PILOTS/url_discovery/pipeline_outputs/pilot_batch_007_dev_002/OUTPUT_urls_for_text_extraction.csv,historical_attempt,3
202134,Cleveland State University,public,https://catalog.csuohio.edu/content.php?catoid=26&navoid=2009,2009,2010,historical_url_evidence_materialization,historical_lead_input_url,historical_programmatic_lead,False,_quarantine/policy_scraper_artifacts_20260702/artifacts/PILOTS/url_discovery/pipeline_outputs/pilot_batch_007_dev_002/OUTPUT_urls_for_text_extraction.csv,historical_attempt,3
203368,JOHN CARROLL UNIVERSITY,private,https://docs.google.com/forms/d/e/1FAIpQLScG-xUxpHmb8LqbO0iTh1oN7qKQ4Hu-KnueaOFhkq9E47w_IQ/closedform,2002,2002,historical_url_evidence_materialization,legacy_input_url,prior_programmatic,True,_quarantine/policy_scraper_artifacts_20260702/artifacts/PILOTS/url_discovery/audit_trails/url_discovery_pilot_batch_011_dev_006/source_review_log.csv,historical_discovery,1
203368,JOHN CARROLL UNIVERSITY,private,https://docs.google.com/forms/d/e/1FAIpQLScG-xUxpHmb8LqbO0iTh1oN7qKQ4Hu-KnueaOFhkq9E47w_IQ/closedform,2003,2003,historical_url_evidence_materialization,legacy_input_url,prior_programmatic,True,_quarantine/policy_scraper_artifacts_20260702/artifacts/PILOTS/url_discovery/audit_trails/url_discovery_pilot_batch_011_dev_006/source_review_log.csv,historical_discovery,1
203368,JOHN CARROLL UNIVERSITY,private,https://docs.google.com/forms/d/e/1FAIpQLScG-xUxpHmb8LqbO0iTh1oN7qKQ4Hu-KnueaOFhkq9E47w_IQ/closedform,2004,2004,historical_url_evidence_materialization,legacy_input_url,prior_programmatic,True,_quarantine/policy_scraper_artifacts_20260702/artifacts/PILOTS/url_discovery/audit_trails/url_discovery_pilot_batch_011_dev_006/source_review_log.csv,historical_discovery,1
203368,John Carroll University,private,https://docs.google.com/forms/d/e/1FAIpQLScG-xUxpHmb8LqbO0iTh1oN7qKQ4Hu-KnueaOFhkq9E47w_IQ/closedform,2005,2005,historical_url_evidence_materialization,legacy_input_url,prior_programmatic,True,_quarantine/policy_scraper_artifacts_20260702/artifacts/PILOTS/url_discovery/audit_trails/url_discovery_pilot_batch_011_dev_006/source_review_log.csv,historical_discovery,1
203368,John Carroll University,private,https://docs.google.com/forms/d/e/1FAIpQLScG-xUxpHmb8LqbO0iTh1oN7qKQ4Hu-KnueaOFhkq9E47w_IQ/closedform,2006,2006,historical_url_evidence_materialization,legacy_input_url,prior_programmatic,True,_quarantine/policy_scraper_artifacts_20260702/artifacts/PILOTS/url_discovery/audit_trails/url_discovery_pilot_batch_011_dev_006/source_review_log.csv,historical_discovery,1
203368,John Carroll University,private,https://docs.google.com/forms/d/e/1FAIpQLScG-xUxpHmb8LqbO0iTh1oN7qKQ4Hu-KnueaOFhkq9E47w_IQ/closedform,2007,2007,historical_url_evidence_materialization,legacy_input_url,prior_programmatic,True,_quarantine/policy_scraper_artifacts_20260702/artifacts/PILOTS/url_discovery/audit_trails/url_discovery_pilot_batch_011_dev_006/source_review_log.csv,historical_discovery,1
203368,John Carroll University,private,https://docs.google.com/forms/d/e/1FAIpQLScG-xUxpHmb8LqbO0iTh1oN7qKQ4Hu-KnueaOFhkq9E47w_IQ/closedform,2008,2008,historical_url_evidence_materialization,legacy_input_url,prior_programmatic,True,_quarantine/policy_scraper_artifacts_20260702/artifacts/PILOTS/url_discovery/audit_trails/url_discovery_pilot_batch_011_dev_006/source_review_log.csv,historical_discovery,1
203368,John Carroll University,private,https://docs.google.com/forms/d/e/1FAIpQLScG-xUxpHmb8LqbO0iTh1oN7qKQ4Hu-KnueaOFhkq9E47w_IQ/closedform,2009,2009,historical_url_evidence_materialization,legacy_input_url,prior_programmatic,True,_quarantine/policy_scraper_artifacts_20260702/artifacts/PILOTS/url_discovery/audit_trails/url_discovery_pilot_batch_011_dev_006/source_review_log.csv,historical_discovery,1
203368,John Carroll University,private,https://docs.google.com/forms/d/e/1FAIpQLScG-xUxpHmb8LqbO0iTh1oN7qKQ4Hu-KnueaOFhkq9E47w_IQ/closedform,2010,2010,historical_url_evidence_materialization,legacy_input_url,prior_programmatic,True,_quarantine/policy_scraper_artifacts_20260702/artifacts/PILOTS/url_discovery/audit_trails/url_discovery_pilot_batch_011_dev_006/source_review_log.csv,historical_discovery,1
203368,John Carroll University,private,https://docs.google.com/forms/d/e/1FAIpQLScG-xUxpHmb8LqbO0iTh1oN7qKQ4Hu-KnueaOFhkq9E47w_IQ/closedform,2011,2011,historical_url_evidence_materialization,legacy_input_url,prior_programmatic,True,_quarantine/policy_scraper_artifacts_20260702/artifacts/PILOTS/url_discovery/audit_trails/url_discovery_pilot_batch_011_dev_006/source_review_log.csv,historical_discovery,1
203368,John Carroll University,private,https://docs.google.com/forms/d/e/1FAIpQLScG-xUxpHmb8LqbO0iTh1oN7qKQ4Hu-KnueaOFhkq9E47w_IQ/closedform,2012,2012,historical_url_evidence_materialization,legacy_input_url,prior_programmatic,True,_quarantine/policy_scraper_artifacts_20260702/artifacts/PILOTS/url_discovery/audit_trails/url_discovery_pilot_batch_011_dev_006/source_review_log.csv,historical_discovery,1
203368,John Carroll University,private,https://docs.google.com/forms/d/e/1FAIpQLScG-xUxpHmb8LqbO0iTh1oN7qKQ4Hu-KnueaOFhkq9E47w_IQ/closedform,2013,2013,historical_url_evidence_materialization,legacy_input_url,prior_programmatic,True,_quarantine/policy_scraper_artifacts_20260702/artifacts/PILOTS/url_discovery/audit_trails/url_discovery_pilot_batch_011_dev_006/source_review_log.csv,historical_discovery,1
203368,John Carroll University,private,https://docs.google.com/forms/d/e/1FAIpQLScG-xUxpHmb8LqbO0iTh1oN7qKQ4Hu-KnueaOFhkq9E47w_IQ/closedform,2014,2014,historical_url_evidence_materialization,legacy_input_url,prior_programmatic,True,_quarantine/policy_scraper_artifacts_20260702/artifacts/PILOTS/url_discovery/audit_trails/url_discovery_pilot_batch_011_dev_006/source_review_log.csv,historical_discovery,1
203368,John Carroll University,private,https://docs.google.com/forms/d/e/1FAIpQLScG-xUxpHmb8LqbO0iTh1oN7qKQ4Hu-KnueaOFhkq9E47w_IQ/closedform,2015,2015,historical_url_evidence_materialization,legacy_input_url,prior_programmatic,True,_quarantine/policy_scraper_artifacts_20260702/artifacts/PILOTS/url_discovery/audit_trails/url_discovery_pilot_batch_011_dev_006/source_review_log.csv,historical_discovery,1
203368,John Carroll University,private,https://docs.google.com/forms/d/e/1FAIpQLScG-xUxpHmb8LqbO0iTh1oN7qKQ4Hu-KnueaOFhkq9E47w_IQ/closedform,2016,2016,historical_url_evidence_materialization,legacy_input_url,prior_programmatic,True,_quarantine/policy_scraper_artifacts_20260702/artifacts/PILOTS/url_discovery/audit_trails/url_discovery_pilot_batch_011_dev_006/source_review_log.csv,historical_discovery,1
203845,MARIETTA COLLEGE,private,https://www.marietta.edu/sites/default/files/documents/04-05ugcatalog.pdf,2004,2004,historical_url_evidence_materialization,legacy_input_url,prior_programmatic,True,_quarantine/policy_scraper_artifacts_20260702/artifacts/PILOTS/url_discovery/audit_trails/url_discovery_pilot_batch_013_dev_008/source_review_log.csv,historical_discovery,1
203845,Marietta College,private,https://www.marietta.edu/sites/default/files/documents/05-06ugcatalog.pdf,2005,2005,historical_url_evidence_materialization,legacy_input_url,prior_programmatic,True,_quarantine/policy_scraper_artifacts_20260702/artifacts/PILOTS/url_discovery/audit_trails/url_discovery_pilot_batch_013_dev_008/source_review_log.csv,historical_discovery,1
203845,Marietta College,private,https://www.marietta.edu/sites/default/files/documents/06-07ugcatalog.pdf,2006,2006,historical_url_evidence_materialization,legacy_input_url,prior_programmatic,True,_quarantine/policy_scraper_artifacts_20260702/artifacts/PILOTS/url_discovery/audit_trails/url_discovery_pilot_batch_013_dev_008/source_review_log.csv,historical_discovery,1
203845,Marietta College,private,https://www.marietta.edu/sites/default/files/documents/10-11_ugrad_catalog.pdf,2010,2010,historical_url_evidence_materialization,legacy_input_url,prior_programmatic,True,_quarantine/policy_scraper_artifacts_20260702/artifacts/PILOTS/url_discovery/audit_trails/url_discovery_pilot_batch_013_dev_008/source_review_log.csv,historical_discovery,1
203845,Marietta College,private,https://marietta.smartcatalogiq.com/-/media/institution/marietta-college/archived-ug-catalog/11-12ug_catalog.pdf,2011,2011,historical_url_evidence_materialization,legacy_input_url,prior_programmatic,True,_quarantine/policy_scraper_artifacts_20260702/artifacts/PILOTS/url_discovery/audit_trails/url_discovery_pilot_batch_013_dev_008/source_review_log.csv,historical_discovery,1
203845,Marietta College,private,https://marietta.smartcatalogiq.com/-/media/institution/marietta-college/archived-ug-catalog/12-13UG_Catalog.pdf,2012,2012,historical_url_evidence_materialization,legacy_input_url,prior_programmatic,True,_quarantine/policy_scraper_artifacts_20260702/artifacts/PILOTS/url_discovery/audit_trails/url_discovery_pilot_batch_013_dev_008/source_review_log.csv,historical_discovery,1
203845,Marietta College,private,https://marietta.smartcatalogiq.com/-/media/institution/marietta-college/archived-ug-catalog/12-13UG_Catalog.pdf,2013,2013,historical_url_evidence_materialization,legacy_input_url,validated_human_legacy,True,_quarantine/policy_scraper_artifacts_20260702/artifacts/policy_data_internal/interim/legacy_evidence_links.csv,historical_attempt,0
203845,Marietta College,private,https://marietta.smartcatalogiq.com/-/media/institution/marietta-college/archived-ug-catalog/1314UGCatalogfinal.pdf,2014,2014,historical_url_evidence_materialization,legacy_input_url,validated_human_legacy,True,_quarantine/policy_scraper_artifacts_20260702/artifacts/policy_data_internal/interim/legacy_evidence_links.csv,historical_attempt,0
204006,Miami University-Hamilton,public,https://www.miami.muohio.edu/documents_and_policies/bulletin10/general_information/index.html,2008,2008,historical_url_evidence_materialization,historical_lead_input_url,imported_llm_candidate_lead,False,_quarantine/policy_scraper_artifacts_20260702/artifacts/OLD_OUTPUT_ARCHIVES/policy_data_rebuild_archive_20260622_054122/outputs/step3_live_rebuilt_ledger/step3_suggestion_candidate_ledger.csv,historical_attempt,2
204006,Miami University-Hamilton,public,https://www.miami.muohio.edu/documents_and_policies/bulletin10/general_information/index.html,2009,2009,historical_url_evidence_materialization,historical_lead_input_url,imported_llm_candidate_lead,False,_quarantine/policy_scraper_artifacts_20260702/artifacts/OLD_OUTPUT_ARCHIVES/policy_data_rebuild_archive_20260622_054122/outputs/step3_live_rebuilt_ledger/step3_suggestion_candidate_ledger.csv,historical_attempt,2
204015,Miami University-Middletown,public,https://archivesspace.lib.miamioh.edu/repositories/2/archival_objects/5898,2009,2009,historical_url_evidence_materialization,historical_lead_input_url,imported_llm_candidate_lead,False,_quarantine/policy_scraper_artifacts_20260702/artifacts/AUDIT_TRAILS/policy_data_internal_existing/90_INTERNAL_PIPELINE_ARTIFACTS/audits/legacy_benchmark_current/public_fresh_ai_year_candidates_public_fresh_full_rank176_200_ai25_live.csv,historical_attempt,2
204501,OBERLIN COLLEGE,private,https://www2.oberlin.edu/catalog04/conreq/grading.html,2004,2004,historical_url_evidence_materialization,legacy_input_url,validated_human_legacy,True,_quarantine/policy_scraper_artifacts_20260702/artifacts/policy_data_internal/interim/legacy_evidence_links.csv,historical_attempt,0
204501,Oberlin College,private,https://catalog.oberlin.edu/index.php?catoid=6,2005,2005,historical_url_evidence_materialization,legacy_input_url,validated_human_legacy,True,_quarantine/policy_scraper_artifacts_20260702/artifacts/policy_data_internal/interim/legacy_evidence_links.csv,historical_attempt,0
204501,Oberlin College,private,https://catalog.oberlin.edu/index.php?catoid=10,2006,2006,historical_url_evidence_materialization,legacy_input_url,validated_human_legacy,True,_quarantine/policy_scraper_artifacts_20260702/artifacts/policy_data_internal/interim/legacy_evidence_links.csv,historical_attempt,0
204501,Oberlin College,private,https://catalog.oberlin.edu/index.php?catoid=15,2007,2007,historical_url_evidence_materialization,legacy_input_url,validated_human_legacy,True,_quarantine/policy_scraper_artifacts_20260702/artifacts/policy_data_internal/interim/legacy_evidence_links.csv,historical_attempt,0
204501,Oberlin College,private,https://catalog.oberlin.edu/index.php?catoid=18,2008,2008,historical_url_evidence_materialization,legacy_input_url,validated_human_legacy,True,_quarantine/policy_scraper_artifacts_20260702/artifacts/policy_data_internal/interim/legacy_evidence_links.csv,historical_attempt,0
204501,Oberlin College,private,https://catalog.oberlin.edu/index.php?catoid=22,2011,2011,historical_url_evidence_materialization,legacy_input_url,validated_human_legacy,True,_quarantine/policy_scraper_artifacts_20260702/artifacts/policy_data_internal/interim/legacy_evidence_links.csv,historical_attempt,0
204501,Oberlin College,private,https://catalog.oberlin.edu/index.php?catoid=30,2012,2012,historical_url_evidence_materialization,legacy_input_url,validated_human_legacy,True,_quarantine/policy_scraper_artifacts_20260702/artifacts/policy_data_internal/interim/legacy_evidence_links.csv,historical_attempt,0
204501,Oberlin College,private,https://catalog.oberlin.edu/index.php?catoid=32,2013,2013,historical_url_evidence_materialization,legacy_input_url,validated_human_legacy,True,_quarantine/policy_scraper_artifacts_20260702/artifacts/policy_data_internal/interim/legacy_evidence_links.csv,historical_attempt,0
204501,Oberlin College,private,https://catalog.oberlin.edu/index.php?catoid=33,2014,2014,historical_url_evidence_materialization,legacy_input_url,validated_human_legacy,True,_quarantine/policy_scraper_artifacts_20260702/artifacts/policy_data_internal/interim/legacy_evidence_links.csv,historical_attempt,0
204501,Oberlin College,private,https://catalog.oberlin.edu/index.php?catoid=35,2015,2015,historical_url_evidence_materialization,legacy_input_url,validated_human_legacy,True,_quarantine/policy_scraper_artifacts_20260702/artifacts/policy_data_internal/interim/legacy_evidence_links.csv,historical_attempt,0
204501,Oberlin College,private,https://catalog.oberlin.edu/index.php?catoid=36,2016,2016,historical_url_evidence_materialization,legacy_input_url,validated_human_legacy,True,_quarantine/policy_scraper_artifacts_20260702/artifacts/policy_data_internal/interim/legacy_evidence_links.csv,historical_attempt,0
204680,Ohio State University-Mansfield Campus,public,https://mansfield.osu.edu/sites/default/files/documents/2023/06/2015%20plan.pdf,2015,2016,historical_url_evidence_materialization,historical_lead_input_url,imported_llm_candidate_lead,False,_quarantine/policy_scraper_artifacts_20260702/artifacts/OLD_OUTPUT_ARCHIVES/policy_data_rebuild_archive_20260622_054122/outputs/step3_live_rebuilt_ledger/step3_suggestion_candidate_ledger.csv,historical_attempt,2
204796,Ohio State University-Main Campus,public,https://web.archive.org/web/20110920024527/http://registrar.osu.edu:80/scheduling/bulletins_old.asp,2002,2003,historical_url_evidence_materialization,historical_lead_input_url,imported_llm_candidate_lead,False,_quarantine/policy_scraper_artifacts_20260702/artifacts/OLD_OUTPUT_ARCHIVES/policy_data_rebuild_archive_20260622_054122/outputs/step4_source_review/step4_suggestion_source_review.csv,historical_attempt,2
204802,Ohio University-Eastern Campus,public,https://www.catalogs.ohio.edu/index.php?catoid=2,2005,2005,historical_url_evidence_materialization,historical_lead_input_url,imported_llm_candidate_lead,False,_quarantine/policy_scraper_artifacts_20260702/artifacts/OLD_OUTPUT_ARCHIVES/policy_data_rebuild_archive_20260622_054122/outputs/step3_live_rebuilt_ledger/step3_suggestion_candidate_ledger.csv,historical_attempt,2
204802,Ohio University-Eastern Campus,public,https://www.catalogs.ohio.edu/index.php?catoid=2,2006,2006,historical_url_evidence_materialization,historical_lead_input_url,imported_llm_candidate_lead,False,_quarantine/policy_scraper_artifacts_20260702/artifacts/OLD_OUTPUT_ARCHIVES/policy_data_rebuild_archive_20260622_054122/outputs/step3_live_rebuilt_ledger/step3_suggestion_candidate_ledger.csv,historical_attempt,2
204802,Ohio University-Eastern Campus,public,https://www.catalogs.ohio.edu/index.php?catoid=13,2007,2007,historical_url_evidence_materialization,historical_lead_input_url,imported_llm_candidate_lead,False,_quarantine/policy_scraper_artifacts_20260702/artifacts/OLD_OUTPUT_ARCHIVES/policy_data_rebuild_archive_20260622_054122/outputs/step3_live_rebuilt_ledger/step3_suggestion_candidate_ledger.csv,historical_attempt,2
204802,Ohio University-Eastern Campus,public,https://www.catalogs.ohio.edu/index.php?catoid=13,2008,2008,historical_url_evidence_materialization,historical_lead_input_url,imported_llm_candidate_lead,False,_quarantine/policy_scraper_artifacts_20260702/artifacts/OLD_OUTPUT_ARCHIVES/policy_data_rebuild_archive_20260622_054122/outputs/step3_live_rebuilt_ledger/step3_suggestion_candidate_ledger.csv,historical_attempt,2
204802,Ohio University-Eastern Campus,public,https://www.catalogs.ohio.edu/index.php?catoid=16,2009,2009,historical_url_evidence_materialization,historical_lead_input_url,imported_llm_candidate_lead,False,_quarantine/policy_scraper_artifacts_20260702/artifacts/OLD_OUTPUT_ARCHIVES/policy_data_rebuild_archive_20260622_054122/outputs/step3_live_rebuilt_ledger/step3_suggestion_candidate_ledger.csv,historical_attempt,2
204820,Ohio University-Chillicothe Campus,public,https://web.archive.org/web/20071116164649/http://www.catalogs.ohio.edu:80/,2007,2008,historical_url_evidence_materialization,historical_lead_input_url,imported_llm_candidate_lead,False,_quarantine/policy_scraper_artifacts_20260702/artifacts/OLD_OUTPUT_ARCHIVES/policy_data_rebuild_archive_20260622_054122/outputs/step4_source_review/step4_suggestion_source_review.csv,historical_attempt,2
204820,Ohio University-Chillicothe Campus,public,https://web.archive.org/web/20081014004823/http://www.catalogs.ohio.edu:80/,2008,2009,historical_url_evidence_materialization,historical_lead_input_url,imported_llm_candidate_lead,False,_quarantine/policy_scraper_artifacts_20260702/artifacts/OLD_OUTPUT_ARCHIVES/policy_data_rebuild_archive_20260622_054122/outputs/step4_source_review/step4_suggestion_source_review.csv,historical_attempt,2
204820,Ohio University-Chillicothe Campus,public,https://web.archive.org/web/20100329061808/http://www.catalogs.ohio.edu:80/,2010,2011,historical_url_evidence_materialization,historical_lead_input_url,imported_llm_candidate_lead,False,_quarantine/policy_scraper_artifacts_20260702/artifacts/OLD_OUTPUT_ARCHIVES/policy_data_rebuild_archive_20260622_054122/outputs/step4_source_review/step4_suggestion_source_review.csv,historical_attempt,2
204839,Ohio University-Southern Campus,public,https://web.archive.org/web/20071116164649/http://www.catalogs.ohio.edu:80/,2007,2008,historical_url_evidence_materialization,historical_lead_input_url,imported_llm_candidate_lead,False,_quarantine/policy_scraper_artifacts_20260702/artifacts/OLD_OUTPUT_ARCHIVES/policy_data_rebuild_archive_20260622_054122/outputs/step4_source_review/step4_suggestion_source_review.csv,historical_attempt,2
204839,Ohio University-Southern Campus,public,https://web.archive.org/web/20081014004823/http://www.catalogs.ohio.edu:80/,2008,2009,historical_url_evidence_materialization,historical_lead_input_url,imported_llm_candidate_lead,False,_quarantine/policy_scraper_artifacts_20260702/artifacts/OLD_OUTPUT_ARCHIVES/policy_data_rebuild_archive_20260622_054122/outputs/step4_source_review/step4_suggestion_source_review.csv,historical_attempt,2
204839,Ohio University-Southern Campus,public,https://web.archive.org/web/20100329061808/http://www.catalogs.ohio.edu:80/,2010,2011,historical_url_evidence_materialization,historical_lead_input_url,imported_llm_candidate_lead,False,_quarantine/policy_scraper_artifacts_20260702/artifacts/OLD_OUTPUT_ARCHIVES/policy_data_rebuild_archive_20260622_054122/outputs/step4_source_review/step4_suggestion_source_review.csv,historical_attempt,2
204848,Ohio University-Lancaster Campus,public,https://web.archive.org/web/20071116164649/http://www.catalogs.ohio.edu:80/,2007,2008,historical_url_evidence_materialization,historical_lead_input_url,imported_llm_candidate_lead,False,_quarantine/policy_scraper_artifacts_20260702/artifacts/OLD_OUTPUT_ARCHIVES/policy_data_rebuild_archive_20260622_054122/outputs/step4_source_review/step4_suggestion_source_review.csv,historical_attempt,2
204848,Ohio University-Lancaster Campus,public,https://web.archive.org/web/20081014004823/http://www.catalogs.ohio.edu:80/,2008,2009,historical_url_evidence_materialization,historical_lead_input_url,imported_llm_candidate_lead,False,_quarantine/policy_scraper_artifacts_20260702/artifacts/OLD_OUTPUT_ARCHIVES/policy_data_rebuild_archive_20260622_054122/outputs/step4_source_review/step4_suggestion_source_review.csv,historical_attempt,2
204848,Ohio University-Lancaster Campus,public,https://web.archive.org/web/20100329061808/http://www.catalogs.ohio.edu:80/,2010,2011,historical_url_evidence_materialization,historical_lead_input_url,imported_llm_candidate_lead,False,_quarantine/policy_scraper_artifacts_20260702/artifacts/OLD_OUTPUT_ARCHIVES/policy_data_rebuild_archive_20260622_054122/outputs/step4_source_review/step4_suggestion_source_review.csv,historical_attempt,2
204857,Ohio University-Main Campus,public,https://web.archive.org/web/20071116164649/http://www.catalogs.ohio.edu:80/,2007,2008,historical_url_evidence_materialization,historical_lead_input_url,imported_llm_candidate_lead,False,_quarantine/policy_scraper_artifacts_20260702/artifacts/OLD_OUTPUT_ARCHIVES/policy_data_rebuild_archive_20260622_054122/outputs/step4_source_review/step4_suggestion_source_review.csv,historical_attempt,2
204857,Ohio University-Main Campus,public,https://web.archive.org/web/20081014004823/http://www.catalogs.ohio.edu:80/,2008,2009,historical_url_evidence_materialization,historical_lead_input_url,imported_llm_candidate_lead,False,_quarantine/policy_scraper_artifacts_20260702/artifacts/OLD_OUTPUT_ARCHIVES/policy_data_rebuild_archive_20260622_054122/outputs/step4_source_review/step4_suggestion_source_review.csv,historical_attempt,2
204857,Ohio University-Main Campus,public,https://web.archive.org/web/20081014004823/http://www.catalogs.ohio.edu:80/,2008,2009,historical_url_evidence_materialization,historical_lead_input_url,imported_llm_candidate_lead,False,_quarantine/policy_scraper_artifacts_20260702/artifacts/OLD_OUTPUT_ARCHIVES/policy_data_rebuild_archive_20260622_054122/outputs/step4_source_review/step4_suggestion_source_review.csv,historical_attempt,2
204857,Ohio University-Main Campus,public,https://web.archive.org/web/20100908132651/http://www.catalogs.ohio.edu:80/,2010,2011,historical_url_evidence_materialization,historical_lead_input_url,imported_llm_candidate_lead,False,_quarantine/policy_scraper_artifacts_20260702/artifacts/OLD_OUTPUT_ARCHIVES/policy_data_rebuild_old/inputs/public_claude_coverage_grid.csv,historical_attempt,2
204857,Ohio University-Main Campus,public,https://web.archive.org/web/20100908132651/http://www.catalogs.ohio.edu:80/,2010,2011,historical_url_evidence_materialization,historical_lead_input_url,imported_llm_candidate_lead,False,_quarantine/policy_scraper_artifacts_20260702/artifacts/OLD_OUTPUT_ARCHIVES/policy_data_rebuild_old/inputs/public_claude_coverage_grid.csv,historical_attempt,2
204866,Ohio University-Zanesville Campus,public,https://web.archive.org/web/20071116164649/http://www.catalogs.ohio.edu:80/,2007,2008,historical_url_evidence_materialization,historical_lead_input_url,imported_llm_candidate_lead,False,_quarantine/policy_scraper_artifacts_20260702/artifacts/OLD_OUTPUT_ARCHIVES/policy_data_rebuild_archive_20260622_054122/outputs/step4_source_review/step4_suggestion_source_review.csv,historical_attempt,2
204866,Ohio University-Zanesville Campus,public,https://web.archive.org/web/20081116164649/http://www.catalogs.ohio.edu:80/,2008,2009,historical_url_evidence_materialization,historical_lead_input_url,imported_llm_candidate_lead,False,_quarantine/policy_scraper_artifacts_20260702/artifacts/OLD_OUTPUT_ARCHIVES/policy_data_rebuild_archive_20260622_054122/outputs/step4_source_review/step4_suggestion_source_review.csv,historical_attempt,2
204866,Ohio University-Zanesville Campus,public,https://web.archive.org/web/20100329061808/http://www.catalogs.ohio.edu:80/,2010,2011,historical_url_evidence_materialization,historical_lead_input_url,imported_llm_candidate_lead,False,_quarantine/policy_scraper_artifacts_20260702/artifacts/OLD_OUTPUT_ARCHIVES/policy_data_rebuild_archive_20260622_054122/outputs/step4_source_review/step4_suggestion_source_review.csv,historical_attempt,2
206084,UNIVERSITY OF TOLEDO,public,https://www.utoledo.edu/catalog/2004catalog/pdfs/general_section.pdf,2004,2005,historical_url_evidence_materialization,legacy_input_url,validated_human_legacy,True,_quarantine/policy_scraper_artifacts_20260702/artifacts/policy_data_internal/interim/legacy_evidence_links.csv,historical_attempt,0
206084,University of Toledo-Main Campus,public,https://www.utoledo.edu/catalog/2008catalog/pdfs/general.pdf,2008,2009,historical_url_evidence_materialization,legacy_input_url,validated_human_legacy,True,_quarantine/policy_scraper_artifacts_20260702/artifacts/policy_data_internal/interim/legacy_evidence_links.csv,historical_attempt,0
206084,University of Toledo-Main Campus,public,https://web.archive.org/web/20080210163720/http://www.utoledo.edu:80/catalog/,2008,2009,historical_url_evidence_materialization,historical_lead_input_url,imported_llm_candidate_lead,False,_quarantine/policy_scraper_artifacts_20260702/artifacts/OLD_OUTPUT_ARCHIVES/policy_data_rebuild_archive_20260622_054122/outputs/step4_source_review/step4_suggestion_source_review.csv,historical_attempt,2
206084,University of Toledo,public,https://web.archive.org/web/20111002143208/http://www.utoledo.edu:80/catalog/,2011,2012,historical_url_evidence_materialization,historical_lead_input_url,imported_llm_candidate_lead,False,_quarantine/policy_scraper_artifacts_20260702/artifacts/OLD_OUTPUT_ARCHIVES/policy_data_rebuild_archive_20260622_054122/outputs/step4_source_review/step4_suggestion_source_review.csv,historical_attempt,2
206604,WRIGHT STATE UNIVERSITY-MAIN CAMPUS,public,https://corescholar.libraries.wright.edu/archives_catalogs/47,2002,2002,historical_url_evidence_materialization,historical_lead_input_url,imported_llm_candidate_lead,False,_quarantine/policy_scraper_artifacts_20260702/artifacts/OLD_OUTPUT_ARCHIVES/policy_data_rebuild_archive_20260622_054122/outputs/step3_live_rebuilt_ledger/step3_suggestion_candidate_ledger.csv,historical_attempt,2
206604,WRIGHT STATE UNIVERSITY-MAIN CAMPUS,public,https://corescholar.libraries.wright.edu/archives_catalogs/49,2003,2003,historical_url_evidence_materialization,historical_lead_input_url,imported_llm_candidate_lead,False,_quarantine/policy_scraper_artifacts_20260702/artifacts/OLD_OUTPUT_ARCHIVES/policy_data_rebuild_archive_20260622_054122/outputs/step3_live_rebuilt_ledger/step3_suggestion_candidate_ledger.csv,historical_attempt,2
206604,WRIGHT STATE UNIVERSITY-MAIN CAMPUS,public,https://corescholar.libraries.wright.edu/archives_catalogs/49,2004,2004,historical_url_evidence_materialization,historical_lead_input_url,imported_llm_candidate_lead,False,_quarantine/policy_scraper_artifacts_20260702/artifacts/OLD_OUTPUT_ARCHIVES/policy_data_rebuild_archive_20260622_054122/outputs/step3_live_rebuilt_ledger/step3_suggestion_candidate_ledger.csv,historical_attempt,2
206604,Wright State University-Main Campus,public,https://corescholar.libraries.wright.edu/archives_catalogs/50,2005,2005,historical_url_evidence_materialization,historical_lead_input_url,imported_llm_candidate_lead,False,_quarantine/policy_scraper_artifacts_20260702/artifacts/OLD_OUTPUT_ARCHIVES/policy_data_rebuild_archive_20260622_054122/outputs/step3_live_rebuilt_ledger/step3_suggestion_candidate_ledger.csv,historical_attempt,2
206604,Wright State University-Main Campus,public,https://corescholar.libraries.wright.edu/archives_catalogs/50,2006,2006,historical_url_evidence_materialization,historical_lead_input_url,imported_llm_candidate_lead,False,_quarantine/policy_scraper_artifacts_20260702/artifacts/OLD_OUTPUT_ARCHIVES/policy_data_rebuild_archive_20260622_054122/outputs/step3_live_rebuilt_ledger/step3_suggestion_candidate_ledger.csv,historical_attempt,2
206604,Wright State University-Main Campus,public,https://corescholar.libraries.wright.edu/archives_catalogs/51,2008,2008,historical_url_evidence_materialization,historical_lead_input_url,imported_llm_candidate_lead,False,_quarantine/policy_scraper_artifacts_20260702/artifacts/OLD_OUTPUT_ARCHIVES/policy_data_rebuild_archive_20260622_054122/outputs/step3_live_rebuilt_ledger/step3_suggestion_candidate_ledger.csv,historical_attempt,2
206604,Wright State University-Main Campus,public,https://corescholar.libraries.wright.edu/archives_catalogs/51,2009,2009,historical_url_evidence_materialization,historical_lead_input_url,imported_llm_candidate_lead,False,_quarantine/policy_scraper_artifacts_20260702/artifacts/OLD_OUTPUT_ARCHIVES/policy_data_rebuild_archive_20260622_054122/outputs/step3_live_rebuilt_ledger/step3_suggestion_candidate_ledger.csv,historical_attempt,2
206604,Wright State University-Main Campus,public,https://corescholar.libraries.wright.edu/archives_catalogs/52,2010,2010,historical_url_evidence_materialization,historical_lead_input_url,imported_llm_candidate_lead,False,_quarantine/policy_scraper_artifacts_20260702/artifacts/OLD_OUTPUT_ARCHIVES/policy_data_rebuild_archive_20260622_054122/outputs/step3_live_rebuilt_ledger/step3_suggestion_candidate_ledger.csv,historical_attempt,2
206604,Wright State University-Main Campus,public,https://catalog.wright.edu/,2011,2011,historical_url_evidence_materialization,legacy_input_url,validated_human_legacy,True,_quarantine/policy_scraper_artifacts_20260702/artifacts/policy_data_internal/interim/legacy_evidence_links.csv,historical_attempt,0
206622,XAVIER UNIVERSITY,private,https://www.exhibit.xavier.edu/cgi/viewcontent.cgi?article=1153&context=coursecatalog,2002,2002,historical_url_evidence_materialization,legacy_input_url,validated_human_legacy,True,_quarantine/policy_scraper_artifacts_20260702/artifacts/policy_data_internal/interim/legacy_evidence_links.csv,historical_attempt,0
206622,XAVIER UNIVERSITY,private,https://www.exhibit.xavier.edu/cgi/viewcontent.cgi?article=1153&context=coursecatalog,2003,2003,historical_url_evidence_materialization,legacy_input_url,validated_human_legacy,True,_quarantine/policy_scraper_artifacts_20260702/artifacts/policy_data_internal/interim/legacy_evidence_links.csv,historical_attempt,0
206622,XAVIER UNIVERSITY,private,https://www.exhibit.xavier.edu/cgi/viewcontent.cgi?article=1154&context=coursecatalog,2004,2004,historical_url_evidence_materialization,legacy_input_url,validated_human_legacy,True,_quarantine/policy_scraper_artifacts_20260702/artifacts/policy_data_internal/interim/legacy_evidence_links.csv,historical_attempt,0
206622,Xavier University,private,https://www.exhibit.xavier.edu/cgi/viewcontent.cgi?article=1154&context=coursecatalog,2005,2005,historical_url_evidence_materialization,legacy_input_url,validated_human_legacy,True,_quarantine/policy_scraper_artifacts_20260702/artifacts/policy_data_internal/interim/legacy_evidence_links.csv,historical_attempt,0
206622,Xavier University,private,https://www.exhibit.xavier.edu/cgi/viewcontent.cgi?article=1155&context=coursecatalog,2006,2006,historical_url_evidence_materialization,legacy_input_url,validated_human_legacy,True,_quarantine/policy_scraper_artifacts_20260702/artifacts/policy_data_internal/interim/legacy_evidence_links.csv,historical_attempt,0
206622,Xavier University,private,https://www.exhibit.xavier.edu/cgi/viewcontent.cgi?article=1155&context=coursecatalog,2007,2007,historical_url_evidence_materialization,legacy_input_url,validated_human_legacy,True,_quarantine/policy_scraper_artifacts_20260702/artifacts/policy_data_internal/interim/legacy_evidence_links.csv,historical_attempt,0
206622,Xavier University,private,https://www.exhibit.xavier.edu/cgi/viewcontent.cgi?article=1156&context=coursecatalog,2009,2009,historical_url_evidence_materialization,legacy_input_url,validated_human_legacy,True,_quarantine/policy_scraper_artifacts_20260702/artifacts/policy_data_internal/interim/legacy_evidence_links.csv,historical_attempt,0
206622,Xavier University,private,https://www.exhibit.xavier.edu/cgi/viewcontent.cgi?article=1167&context=coursecatalog,2010,2010,historical_url_evidence_materialization,legacy_input_url,validated_human_legacy,True,_quarantine/policy_scraper_artifacts_20260702/artifacts/policy_data_internal/interim/legacy_evidence_links.csv,historical_attempt,0
206622,Xavier University,private,https://www.exhibit.xavier.edu/cgi/viewcontent.cgi?article=1168&context=coursecatalogg,2011,2011,historical_url_evidence_materialization,legacy_input_url,validated_human_legacy,True,_quarantine/policy_scraper_artifacts_20260702/artifacts/policy_data_internal/interim/legacy_evidence_links.csv,historical_attempt,0
206622,Xavier University,private,https://www.exhibit.xavier.edu/cgi/viewcontent.cgi?article=1277&context=coursecatalog,2013,2013,historical_url_evidence_materialization,legacy_input_url,validated_human_legacy,True,_quarantine/policy_scraper_artifacts_20260702/artifacts/policy_data_internal/interim/legacy_evidence_links.csv,historical_attempt,0
206622,Xavier University,private,https://www.exhibit.xavier.edu/cgi/viewcontent.cgi?article=1278&context=coursecatalog,2014,2014,historical_url_evidence_materialization,legacy_input_url,validated_human_legacy,True,_quarantine/policy_scraper_artifacts_20260702/artifacts/policy_data_internal/interim/legacy_evidence_links.csv,historical_attempt,0
206622,Xavier University,private,https://www.exhibit.xavier.edu/cgi/viewcontent.cgi?article=1279&context=coursecatalog,2015,2015,historical_url_evidence_materialization,legacy_input_url,validated_human_legacy,True,_quarantine/policy_scraper_artifacts_20260702/artifacts/policy_data_internal/interim/legacy_evidence_links.csv,historical_attempt,0
206622,Xavier University,private,https://www.exhibit.xavier.edu/cgi/viewcontent.cgi?article=1223&context=coursecatalog,2016,2016,historical_url_evidence_materialization,legacy_input_url,validated_human_legacy,True,_quarantine/policy_scraper_artifacts_20260702/artifacts/policy_data_internal/interim/legacy_evidence_links.csv,historical_attempt,0
207041,East Central University,public,https://www.ecok.edu/sites/default/files/website_files/Academics/Academic_Affairs/ECU_Catalog_13-14.pdf,2013,2013,historical_url_evidence_materialization,legacy_input_url,validated_human_legacy,True,_quarantine/policy_scraper_artifacts_20260702/artifacts/policy_data_internal/interim/legacy_evidence_links.csv,historical_attempt,0
207041,East Central University,public,https://www.ecok.edu/sites/default/files/website_files/Academics/Academic_Affairs/ECU_Catalog_14-15.pdf,2014,2014,historical_url_evidence_materialization,legacy_input_url,prior_programmatic,True,_quarantine/policy_scraper_artifacts_20260702/artifacts/PILOTS/url_discovery/audit_trails/url_discovery_pilot_batch_009_regression_001/source_review_log.csv,historical_discovery,1
207041,East Central University,public,https://www.ecok.edu/sites/default/files/website_files/Academics/Academic_Affairs/ECU_Catalog_16-17.pdf,2016,2016,historical_url_evidence_materialization,legacy_input_url,prior_programmatic,True,_quarantine/policy_scraper_artifacts_20260702/artifacts/PILOTS/url_discovery/audit_trails/url_discovery_pilot_batch_009_regression_001/source_review_log.csv,historical_discovery,1
207263,Northeastern State University,public,https://catalog.nsuok.edu/index.php?catoid=2,2008,2008,historical_url_evidence_materialization,historical_lead_input_url,imported_llm_candidate_lead,False,_quarantine/policy_scraper_artifacts_20260702/artifacts/OLD_OUTPUT_ARCHIVES/policy_data_rebuild_archive_20260622_054122/outputs/step3_live_rebuilt_ledger/step3_suggestion_candidate_ledger.csv,historical_attempt,2
207263,Northeastern State University,public,https://catalog.nsuok.edu/index.php?catoid=4,2009,2009,historical_url_evidence_materialization,historical_lead_input_url,imported_llm_candidate_lead,False,_quarantine/policy_scraper_artifacts_20260702/artifacts/OLD_OUTPUT_ARCHIVES/policy_data_rebuild_archive_20260622_054122/outputs/step3_live_rebuilt_ledger/step3_suggestion_candidate_ledger.csv,historical_attempt,2
207263,Northeastern State University,public,https://catalog.nsuok.edu/index.php?catoid=5,2010,2010,historical_url_evidence_materialization,historical_lead_input_url,imported_llm_candidate_lead,False,_quarantine/policy_scraper_artifacts_20260702/artifacts/OLD_OUTPUT_ARCHIVES/policy_data_rebuild_archive_20260622_054122/outputs/step3_live_rebuilt_ledger/step3_suggestion_candidate_ledger.csv,historical_attempt,2
207263,Northeastern State University,public,https://catalog.nsuok.edu/index.php?catoid=7,2011,2011,historical_url_evidence_materialization,historical_lead_input_url,imported_llm_candidate_lead,False,_quarantine/policy_scraper_artifacts_20260702/artifacts/OLD_OUTPUT_ARCHIVES/policy_data_rebuild_archive_20260622_054122/outputs/step3_live_rebuilt_ledger/step3_suggestion_candidate_ledger.csv,historical_attempt,2
207263,Northeastern State University,public,https://catalog.nsuok.edu/content.php?catoid=32&navoid=2012,2012,2013,historical_url_evidence_materialization,historical_lead_input_url,imported_llm_candidate_lead,False,_quarantine/policy_scraper_artifacts_20260702/artifacts/OLD_OUTPUT_ARCHIVES/policy_data_rebuild_archive_20260622_054122/outputs/step3_live_rebuilt_ledger/step3_suggestion_candidate_ledger.csv,historical_attempt,2
207263,Northeastern State University,public,https://catalog.nsuok.edu/index.php?catoid=12,2013,2013,historical_url_evidence_materialization,historical_lead_input_url,imported_llm_candidate_lead,False,_quarantine/policy_scraper_artifacts_20260702/artifacts/OLD_OUTPUT_ARCHIVES/policy_data_rebuild_archive_20260622_054122/outputs/step3_live_rebuilt_ledger/step3_suggestion_candidate_ledger.csv,historical_attempt,2
207263,Northeastern State University,public,https://catalog.nsuok.edu/content.php?catoid=13,2014,2014,historical_url_evidence_materialization,historical_lead_input_url,imported_llm_candidate_lead,False,_quarantine/policy_scraper_artifacts_20260702/artifacts/OLD_OUTPUT_ARCHIVES/policy_data_rebuild_archive_20260622_054122/outputs/step3_live_rebuilt_ledger/step3_suggestion_candidate_ledger.csv,historical_attempt,2
207263,Northeastern State University,public,https://catalog.nsuok.edu/index.php?catoid=15,2015,2015,historical_url_evidence_materialization,historical_lead_input_url,imported_llm_candidate_lead,False,_quarantine/policy_scraper_artifacts_20260702/artifacts/OLD_OUTPUT_ARCHIVES/policy_data_rebuild_archive_20260622_054122/outputs/step3_live_rebuilt_ledger/step3_suggestion_candidate_ledger.csv,historical_attempt,2
207263,Northeastern State University,public,https://catalog.nsuok.edu/index.php?catoid=16,2016,2016,historical_url_evidence_materialization,historical_lead_input_url,imported_llm_candidate_lead,False,_quarantine/policy_scraper_artifacts_20260702/artifacts/OLD_OUTPUT_ARCHIVES/policy_data_rebuild_archive_20260622_054122/outputs/step3_live_rebuilt_ledger/step3_suggestion_candidate_ledger.csv,historical_attempt,2
207306,NORTHWESTERN OKLAHOMA STATE UNIVERSITY,public,https://www.nwosu.edu/uploads//academics/catalog/catalog04-05.pdf,2004,2004,historical_url_evidence_materialization,historical_lead_input_url,imported_llm_candidate_lead,False,_quarantine/policy_scraper_artifacts_20260702/artifacts/AUDIT_TRAILS/policy_data_internal_existing/90_INTERNAL_PIPELINE_ARTIFACTS/audits/legacy_benchmark_current/public_fresh_ai_year_candidates_public_fresh_full_rank176_200_ai25_live.csv,historical_attempt,2
207306,Northwestern Oklahoma State University,public,https://www.nwosu.edu/uploads//academics/catalog/catalog05-06.pdf,2005,2005,historical_url_evidence_materialization,historical_lead_input_url,imported_llm_candidate_lead,False,_quarantine/policy_scraper_artifacts_20260702/artifacts/AUDIT_TRAILS/policy_data_internal_existing/90_INTERNAL_PIPELINE_ARTIFACTS/audits/legacy_benchmark_current/public_fresh_ai_year_candidates_public_fresh_full_rank176_200_ai25_live.csv,historical_attempt,2
207306,Northwestern Oklahoma State University,public,https://www.nwosu.edu/uploads//academics/catalog/catalog06-07.pdf,2006,2006,historical_url_evidence_materialization,historical_lead_input_url,imported_llm_candidate_lead,False,_quarantine/policy_scraper_artifacts_20260702/artifacts/AUDIT_TRAILS/policy_data_internal_existing/90_INTERNAL_PIPELINE_ARTIFACTS/audits/legacy_benchmark_current/public_fresh_ai_year_candidates_public_fresh_full_rank176_200_ai25_live.csv,historical_attempt,2
207306,Northwestern Oklahoma State University,public,https://www.nwosu.edu/uploads//academics/catalog/catalog07-08.pdf,2007,2007,historical_url_evidence_materialization,historical_lead_input_url,imported_llm_candidate_lead,False,_quarantine/policy_scraper_artifacts_20260702/artifacts/AUDIT_TRAILS/policy_data_internal_existing/90_INTERNAL_PIPELINE_ARTIFACTS/audits/legacy_benchmark_current/public_fresh_ai_year_candidates_public_fresh_full_rank176_200_ai25_live.csv,historical_attempt,2
207306,Northwestern Oklahoma State University,public,https://www.nwosu.edu/uploads//academics/catalog/catalog08-09.pdf,2008,2008,historical_url_evidence_materialization,historical_lead_input_url,imported_llm_candidate_lead,False,_quarantine/policy_scraper_artifacts_20260702/artifacts/AUDIT_TRAILS/policy_data_internal_existing/90_INTERNAL_PIPELINE_ARTIFACTS/audits/legacy_benchmark_current/public_fresh_ai_year_candidates_public_fresh_full_rank176_200_ai25_live.csv,historical_attempt,2
207306,Northwestern Oklahoma State University,public,https://www.nwosu.edu/uploads//academics/catalog/catalog09-10.pdf,2009,2009,historical_url_evidence_materialization,historical_lead_input_url,imported_llm_candidate_lead,False,_quarantine/policy_scraper_artifacts_20260702/artifacts/AUDIT_TRAILS/policy_data_internal_existing/90_INTERNAL_PIPELINE_ARTIFACTS/audits/legacy_benchmark_current/public_fresh_ai_year_candidates_public_fresh_full_rank176_200_ai25_live.csv,historical_attempt,2
207306,Northwestern Oklahoma State University,public,https://www.nwosu.edu/uploads//academics/catalog/catalog10-11.pdf,2010,2010,historical_url_evidence_materialization,historical_lead_input_url,imported_llm_candidate_lead,False,_quarantine/policy_scraper_artifacts_20260702/artifacts/AUDIT_TRAILS/policy_data_internal_existing/90_INTERNAL_PIPELINE_ARTIFACTS/audits/legacy_benchmark_current/public_fresh_ai_year_candidates_public_fresh_full_rank176_200_ai25_live.csv,historical_attempt,2
207306,Northwestern Oklahoma State University,public,https://www.nwosu.edu/uploads//academics/catalog/catalog11-12.pdf,2011,2011,historical_url_evidence_materialization,historical_lead_input_url,imported_llm_candidate_lead,False,_quarantine/policy_scraper_artifacts_20260702/artifacts/AUDIT_TRAILS/policy_data_internal_existing/90_INTERNAL_PIPELINE_ARTIFACTS/audits/legacy_benchmark_current/public_fresh_ai_year_candidates_public_fresh_full_rank176_200_ai25_live.csv,historical_attempt,2
207306,Northwestern Oklahoma State University,public,https://www.nwosu.edu/uploads//academics/catalog/catalog12-13.pdf,2012,2012,historical_url_evidence_materialization,historical_lead_input_url,imported_llm_candidate_lead,False,_quarantine/policy_scraper_artifacts_20260702/artifacts/AUDIT_TRAILS/policy_data_internal_existing/90_INTERNAL_PIPELINE_ARTIFACTS/audits/legacy_benchmark_current/public_fresh_ai_year_candidates_public_fresh_full_rank176_200_ai25_live.csv,historical_attempt,2
207306,Northwestern Oklahoma State University,public,https://www.nwosu.edu/uploads//academics/catalog/catalog13-14.pdf,2013,2013,historical_url_evidence_materialization,historical_lead_input_url,imported_llm_candidate_lead,False,_quarantine/policy_scraper_artifacts_20260702/artifacts/AUDIT_TRAILS/policy_data_internal_existing/90_INTERNAL_PIPELINE_ARTIFACTS/audits/legacy_benchmark_current/public_fresh_ai_year_candidates_public_fresh_full_rank176_200_ai25_live.csv,historical_attempt,2
207306,Northwestern Oklahoma State University,public,https://www.nwosu.edu/uploads//academics/catalog/catalog14-15.pdf,2014,2014,historical_url_evidence_materialization,historical_lead_input_url,imported_llm_candidate_lead,False,_quarantine/policy_scraper_artifacts_20260702/artifacts/AUDIT_TRAILS/policy_data_internal_existing/90_INTERNAL_PIPELINE_ARTIFACTS/audits/legacy_benchmark_current/public_fresh_ai_year_candidates_public_fresh_full_rank176_200_ai25_live.csv,historical_attempt,2
207306,Northwestern Oklahoma State University,public,https://www.nwosu.edu/uploads//academics/catalog/catalog15-16.pdf,2015,2015,historical_url_evidence_materialization,historical_lead_input_url,imported_llm_candidate_lead,False,_quarantine/policy_scraper_artifacts_20260702/artifacts/AUDIT_TRAILS/policy_data_internal_existing/90_INTERNAL_PIPELINE_ARTIFACTS/audits/legacy_benchmark_current/public_fresh_ai_year_candidates_public_fresh_full_rank176_200_ai25_live.csv,historical_attempt,2
207306,Northwestern Oklahoma State University,public,https://www.nwosu.edu/uploads//academics/catalog/catalog16-17.pdf,2016,2016,historical_url_evidence_materialization,historical_lead_input_url,imported_llm_candidate_lead,False,_quarantine/policy_scraper_artifacts_20260702/artifacts/AUDIT_TRAILS/policy_data_internal_existing/90_INTERNAL_PIPELINE_ARTIFACTS/audits/legacy_benchmark_current/public_fresh_ai_year_candidates_public_fresh_full_rank176_200_ai25_live.csv,historical_attempt,2
207661,Rogers State University,public,https://catalog.rsu.edu/preview_program.php?catoid=3&poid=375&returnto=89&print#,2013,2013,historical_url_evidence_materialization,historical_lead_input_url,imported_llm_candidate_lead,False,_quarantine/policy_scraper_artifacts_20260702/artifacts/OLD_OUTPUT_ARCHIVES/policy_data_rebuild_archive_20260622_054122/outputs/step3_live_rebuilt_ledger/step3_suggestion_candidate_ledger.csv,historical_attempt,2
207661,Rogers State University,public,https://catalog.rsu.edu/preview_program.php?catoid=4&poid=549&print,2014,2014,historical_url_evidence_materialization,historical_lead_input_url,imported_llm_candidate_lead,False,_quarantine/policy_scraper_artifacts_20260702/artifacts/OLD_OUTPUT_ARCHIVES/policy_data_rebuild_archive_20260622_054122/outputs/step3_live_rebuilt_ledger/step3_suggestion_candidate_ledger.csv,historical_attempt,2
210146,SOUTHERN OREGON UNIVERSITY,public,https://catalog.sou.edu/mime/media/1/848/02-03.pdf,2002,2002,historical_url_evidence_materialization,legacy_input_url,validated_human_legacy,True,_quarantine/policy_scraper_artifacts_20260702/artifacts/policy_data_internal/interim/legacy_evidence_links.csv,historical_attempt,0
210146,SOUTHERN OREGON UNIVERSITY,public,https://catalog.sou.edu/mime/media/1/848/03-04.pdf,2003,2003,historical_url_evidence_materialization,historical_lead_input_url,imported_llm_candidate_lead,False,_quarantine/policy_scraper_artifacts_20260702/artifacts/OLD_OUTPUT_ARCHIVES/policy_data_rebuild_archive_20260622_054122/outputs/step3_live_rebuilt_ledger/step3_suggestion_candidate_ledger.csv,historical_attempt,2
210146,SOUTHERN OREGON UNIVERSITY,public,https://catalog.sou.edu/mime/media/1/848/04-05.pdf,2004,2004,historical_url_evidence_materialization,historical_lead_input_url,imported_llm_candidate_lead,False,_quarantine/policy_scraper_artifacts_20260702/artifacts/OLD_OUTPUT_ARCHIVES/policy_data_rebuild_archive_20260622_054122/outputs/step3_live_rebuilt_ledger/step3_suggestion_candidate_ledger.csv,historical_attempt,2
210146,Southern Oregon University,public,https://catalog.sou.edu/mime/media/1/848/05-06.pdf,2005,2005,historical_url_evidence_materialization,historical_lead_input_url,imported_llm_candidate_lead,False,_quarantine/policy_scraper_artifacts_20260702/artifacts/OLD_OUTPUT_ARCHIVES/policy_data_rebuild_archive_20260622_054122/outputs/step3_live_rebuilt_ledger/step3_suggestion_candidate_ledger.csv,historical_attempt,2
210146,Southern Oregon University,public,https://catalog.sou.edu/mime/media/1/848/06-07.pdf,2006,2006,historical_url_evidence_materialization,historical_lead_input_url,imported_llm_candidate_lead,False,_quarantine/policy_scraper_artifacts_20260702/artifacts/OLD_OUTPUT_ARCHIVES/policy_data_rebuild_archive_20260622_054122/outputs/step3_live_rebuilt_ledger/step3_suggestion_candidate_ledger.csv,historical_attempt,2
210146,Southern Oregon University,public,https://catalog.chemeketa.edu/mime/media/12/2775/2007-2008+Catalog.pdf,2007,2008,historical_url_evidence_materialization,historical_lead_input_url,imported_llm_candidate_lead,False,_quarantine/policy_scraper_artifacts_20260702/artifacts/OLD_OUTPUT_ARCHIVES/policy_data_rebuild_archive_20260622_054122/outputs/step3_live_rebuilt_ledger/step3_suggestion_candidate_ledger.csv,historical_attempt,2
210146,Southern Oregon University,public,https://catalog.sou.edu/mime/media/1/848/08-09.pdf,2008,2008,historical_url_evidence_materialization,historical_lead_input_url,imported_llm_candidate_lead,False,_quarantine/policy_scraper_artifacts_20260702/artifacts/OLD_OUTPUT_ARCHIVES/policy_data_rebuild_archive_20260622_054122/outputs/step3_live_rebuilt_ledger/step3_suggestion_candidate_ledger.csv,historical_attempt,2
212009,Dickinson College,private,https://www.dickinson.edu/download/downloads/id/6238/bulletin_16-17.pdf,2016,2016,historical_url_evidence_materialization,legacy_input_url,validated_human_legacy,True,_quarantine/policy_scraper_artifacts_20260702/artifacts/policy_data_internal/interim/legacy_evidence_links.csv,historical_attempt,0
212577,FRANKLIN AND MARSHALL COLLEGE,private,https://www.fandm.edu/PDFFiles/Academic%20Affairs/2002-03-catalog.pdf,2002,2003,historical_url_evidence_materialization,legacy_input_url,prior_programmatic,True,_quarantine/policy_scraper_artifacts_20260702/artifacts/PILOTS/url_discovery/audit_trails/url_discovery_pilot_batch_009_regression_001/source_review_log.csv,historical_discovery,1
212577,FRANKLIN AND MARSHALL COLLEGE,private,https://www.fandm.edu/PDFFiles/Academic%20Affairs/2003-04-catalog.pdf,2003,2004,historical_url_evidence_materialization,legacy_input_url,prior_programmatic,True,_quarantine/policy_scraper_artifacts_20260702/artifacts/PILOTS/url_discovery/audit_trails/url_discovery_pilot_batch_009_regression_001/source_review_log.csv,historical_discovery,1
212577,FRANKLIN AND MARSHALL COLLEGE,private,https://www.fandm.edu/PDFFiles/Academic%20Affairs/2004-05-catalog.pdf,2004,2005,historical_url_evidence_materialization,legacy_input_url,prior_programmatic,True,_quarantine/policy_scraper_artifacts_20260702/artifacts/PILOTS/url_discovery/audit_trails/url_discovery_pilot_batch_009_regression_001/source_review_log.csv,historical_discovery,1
212577,Franklin and Marshall College,private,https://www.fandm.edu/PDFFiles/Academic%20Affairs/2005-06-catalog.pdf,2005,2006,historical_url_evidence_materialization,legacy_input_url,prior_programmatic,True,_quarantine/policy_scraper_artifacts_20260702/artifacts/PILOTS/url_discovery/audit_trails/url_discovery_pilot_batch_009_regression_001/source_review_log.csv,historical_discovery,1
212577,Franklin and Marshall College,private,https://www.fandm.edu/PDFFiles/Academic%20Affairs/2006-07-catalog.pdf,2006,2007,historical_url_evidence_materialization,legacy_input_url,prior_programmatic,True,_quarantine/policy_scraper_artifacts_20260702/artifacts/PILOTS/url_discovery/audit_trails/url_discovery_pilot_batch_009_regression_001/source_review_log.csv,historical_discovery,1
212577,Franklin and Marshall College,private,https://www.fandm.edu/PDFFiles/Academic%20Affairs/2007-08-catalog.pdf,2007,2008,historical_url_evidence_materialization,legacy_input_url,prior_programmatic,True,_quarantine/policy_scraper_artifacts_20260702/artifacts/PILOTS/url_discovery/audit_trails/url_discovery_pilot_batch_009_regression_001/source_review_log.csv,historical_discovery,1
212577,Franklin and Marshall College,private,https://www.fandm.edu/PDFFiles/Academic%20Affairs/2008-09-catalog.pdf,2008,2009,historical_url_evidence_materialization,legacy_input_url,prior_programmatic,True,_quarantine/policy_scraper_artifacts_20260702/artifacts/PILOTS/url_discovery/audit_trails/url_discovery_pilot_batch_009_regression_001/source_review_log.csv,historical_discovery,1
212577,Franklin and Marshall College,private,https://www.fandm.edu/PDFFiles/Academic%20Affairs/2009-10-catalog.pdf,2009,2010,historical_url_evidence_materialization,legacy_input_url,prior_programmatic,True,_quarantine/policy_scraper_artifacts_20260702/artifacts/PILOTS/url_discovery/audit_trails/url_discovery_pilot_batch_009_regression_001/source_review_log.csv,historical_discovery,1
212577,Franklin and Marshall College,private,https://www.fandm.edu/PDFFiles/Academic%20Affairs/2010-11-catalog.pdf,2010,2011,historical_url_evidence_materialization,legacy_input_url,prior_programmatic,True,_quarantine/policy_scraper_artifacts_20260702/artifacts/PILOTS/url_discovery/audit_trails/url_discovery_pilot_batch_009_regression_001/source_review_log.csv,historical_discovery,1
212577,Franklin and Marshall College,private,https://www.fandm.edu/PDFFiles/Academic%20Affairs/2011-12-catalog.pdf,2011,2012,historical_url_evidence_materialization,legacy_input_url,prior_programmatic,True,_quarantine/policy_scraper_artifacts_20260702/artifacts/PILOTS/url_discovery/audit_trails/url_discovery_pilot_batch_009_regression_001/source_review_log.csv,historical_discovery,1
212577,Franklin and Marshall College,private,https://www.fandm.edu/PDFFiles/Academic%20Affairs/2012-13-catalog.pdf,2012,2013,historical_url_evidence_materialization,legacy_input_url,prior_programmatic,True,_quarantine/policy_scraper_artifacts_20260702/artifacts/PILOTS/url_discovery/audit_trails/url_discovery_pilot_batch_009_regression_001/source_review_log.csv,historical_discovery,1
212577,Franklin and Marshall College,private,https://www.fandm.edu/PDFFiles/Academic%20Affairs/2013-14-catalog.pdf,2013,2014,historical_url_evidence_materialization,legacy_input_url,prior_programmatic,True,_quarantine/policy_scraper_artifacts_20260702/artifacts/PILOTS/url_discovery/audit_trails/url_discovery_pilot_batch_009_regression_001/source_review_log.csv,historical_discovery,1
212577,Franklin and Marshall College,private,https://www.fandm.edu/PDFFiles/Academic%20Affairs/2014-15-catalog.pdf,2014,2015,historical_url_evidence_materialization,legacy_input_url,prior_programmatic,True,_quarantine/policy_scraper_artifacts_20260702/artifacts/PILOTS/url_discovery/audit_trails/url_discovery_pilot_batch_009_regression_001/source_review_log.csv,historical_discovery,1
212577,Franklin and Marshall College,private,https://www.fandm.edu/PDFFiles/Academic%20Affairs/2015-16-catalog.pdf,2015,2016,historical_url_evidence_materialization,legacy_input_url,prior_programmatic,True,_quarantine/policy_scraper_artifacts_20260702/artifacts/PILOTS/url_discovery/audit_trails/url_discovery_pilot_batch_009_regression_001/source_review_log.csv,historical_discovery,1
212577,Franklin and Marshall College,private,https://www.fandm.edu/PDFFiles/Academic%20Affairs/2016-17-catalog.pdf,2016,2017,historical_url_evidence_materialization,legacy_input_url,prior_programmatic,True,_quarantine/policy_scraper_artifacts_20260702/artifacts/PILOTS/url_discovery/audit_trails/url_discovery_pilot_batch_009_regression_001/source_review_log.csv,historical_discovery,1
212832,Gwynedd Mercy College,private,https://my.gmercyu.edu/unifyed-communitydrive/file/download/6478d3d273e5c400118c8d26/68bf2bedc24a280018885a07/2025-26%20Catalog%20Addendum%20090825.pdf,2025,2026,historical_url_evidence_materialization,historical_lead_input_url,imported_llm_candidate_lead,False,_quarantine/policy_scraper_artifacts_20260702/artifacts/OLD_OUTPUT_ARCHIVES/policy_data_rebuild_archive_20260622_054122/outputs/step3_live_rebuilt_ledger/step3_suggestion_candidate_ledger.csv,historical_attempt,2
215275,UNIVERSITY OF PITTSBURGH-GREENSBURG,public,http://www.bulletins.pitt.edu/archive/archive-regionals-0902013/greensburg/upg-a-c.htm,2013,2014,historical_url_evidence_materialization,historical_lead_input_url,imported_llm_candidate_lead,False,_quarantine/policy_scraper_artifacts_20260702/artifacts/OLD_OUTPUT_ARCHIVES/policy_data_rebuild_archive_20260622_054122/outputs/step3_live_rebuilt_ledger/step3_suggestion_candidate_ledger.csv,historical_attempt,2
215275,University of Pittsburgh-Greensburg,public,http://www.bulletins.pitt.edu/archive/archive-regionals-0902013/greensburg/upg-academicpolicies.htm#Anchor-Course-39778,2013,2014,historical_url_evidence_materialization,legacy_input_url,validated_human_legacy,True,_quarantine/policy_scraper_artifacts_20260702/artifacts/policy_data_internal/interim/legacy_evidence_links.csv,historical_attempt,0
215275,University of Pittsburgh-Greensburg,public,https://web.archive.org/web/20081023061356/http://www.bulletins.pitt.edu:80/,2008,2009,historical_url_evidence_materialization,historical_lead_input_url,imported_llm_candidate_lead,False,_quarantine/policy_scraper_artifacts_20260702/artifacts/OLD_OUTPUT_ARCHIVES/policy_data_rebuild_archive_20260622_054122/outputs/step4_source_review/step4_suggestion_source_review.csv,historical_attempt,2
215275,University of Pittsburgh-Greensburg,public,https://web.archive.org/web/20110929094949/http://www.bulletins.pitt.edu:80/,2011,2012,historical_url_evidence_materialization,historical_lead_input_url,imported_llm_candidate_lead,False,_quarantine/policy_scraper_artifacts_20260702/artifacts/OLD_OUTPUT_ARCHIVES/policy_data_rebuild_archive_20260622_054122/outputs/step4_source_review/step4_suggestion_source_review.csv,historical_attempt,2
215284,University of Pittsburgh-Johnstown,public,http://www.bulletins.pitt.edu/archive/archive-regionals-0902013/johnstown/upj-academicpolicies.htm#repeat,2013,2014,historical_url_evidence_materialization,legacy_input_url,validated_human_legacy,True,_quarantine/policy_scraper_artifacts_20260702/artifacts/policy_data_internal/interim/legacy_evidence_links.csv,historical_attempt,0
215284,University of Pittsburgh-Johnstown,public,https://web.archive.org/web/20110929094949/http://www.bulletins.pitt.edu:80/,2011,2012,historical_url_evidence_materialization,historical_lead_input_url,imported_llm_candidate_lead,False,_quarantine/policy_scraper_artifacts_20260702/artifacts/OLD_OUTPUT_ARCHIVES/policy_data_rebuild_archive_20260622_054122/outputs/step4_source_review/step4_suggestion_source_review.csv,historical_attempt,2
216852,Widener University-Main Campus,private,https://catalog.widener.edu/mime/media/4/1674/ug11cat.pdf,2011,2011,historical_url_evidence_materialization,legacy_input_url,validated_human_legacy,True,_quarantine/policy_scraper_artifacts_20260702/artifacts/policy_data_internal/interim/legacy_evidence_links.csv,historical_attempt,0
216852,Widener University-Main Campus,private,https://catalog.widener.edu/mime/media/4/1673/ug12cat.pdf,2012,2012,historical_url_evidence_materialization,legacy_input_url,validated_human_legacy,True,_quarantine/policy_scraper_artifacts_20260702/artifacts/policy_data_internal/interim/legacy_evidence_links.csv,historical_attempt,0
216852,Widener University-Main Campus,private,https://catalog.widener.edu/mime/media/4/1659/ug13cat.pdf,2013,2013,historical_url_evidence_materialization,legacy_input_url,validated_human_legacy,True,_quarantine/policy_scraper_artifacts_20260702/artifacts/policy_data_internal/interim/legacy_evidence_links.csv,historical_attempt,0
216852,Widener University-Main Campus,private,https://catalog.widener.edu/mime/media/4/1645/ug14cat.pdf,2014,2014,historical_url_evidence_materialization,legacy_input_url,validated_human_legacy,True,_quarantine/policy_scraper_artifacts_20260702/artifacts/policy_data_internal/interim/legacy_evidence_links.csv,historical_attempt,0
216852,Widener University-Main Campus,private,https://catalog.widener.edu/mime/media/4/1574/ug15cat.pdf,2015,2015,historical_url_evidence_materialization,legacy_input_url,validated_human_legacy,True,_quarantine/policy_scraper_artifacts_20260702/artifacts/policy_data_internal/interim/legacy_evidence_links.csv,historical_attempt,0
216852,Widener University,private,https://catalog.widener.edu/mime/media/4/1575/ug17cat_0.pdf,2016,2016,historical_url_evidence_materialization,legacy_input_url,validated_human_legacy,True,_quarantine/policy_scraper_artifacts_20260702/artifacts/policy_data_internal/interim/legacy_evidence_links.csv,historical_attempt,0
217518,Roger Williams University,private,https://docs.rwu.edu/cgi/viewcontent.cgi?article=1022&context=course_catalogs,2007,2007,historical_url_evidence_materialization,legacy_input_url,validated_human_legacy,True,_quarantine/policy_scraper_artifacts_20260702/artifacts/policy_data_internal/interim/legacy_evidence_links.csv,historical_attempt,0
217518,Roger Williams University,private,https://docs.rwu.edu/cgi/viewcontent.cgi?article=1023&context=course_catalogs,2008,2008,historical_url_evidence_materialization,legacy_input_url,validated_human_legacy,True,_quarantine/policy_scraper_artifacts_20260702/artifacts/policy_data_internal/interim/legacy_evidence_links.csv,historical_attempt,0
217518,Roger Williams University,private,https://docs.rwu.edu/cgi/viewcontent.cgi?article=1024&context=course_catalogs,2009,2009,historical_url_evidence_materialization,legacy_input_url,validated_human_legacy,True,_quarantine/policy_scraper_artifacts_20260702/artifacts/policy_data_internal/interim/legacy_evidence_links.csv,historical_attempt,0
217518,Roger Williams University,private,https://docs.rwu.edu/cgi/viewcontent.cgi?article=1025&context=course_catalogs,2010,2010,historical_url_evidence_materialization,legacy_input_url,validated_human_legacy,True,_quarantine/policy_scraper_artifacts_20260702/artifacts/policy_data_internal/interim/legacy_evidence_links.csv,historical_attempt,0
217518,Roger Williams University,private,https://docs.rwu.edu/cgi/viewcontent.cgi?article=1026&context=course_catalogs,2011,2011,historical_url_evidence_materialization,legacy_input_url,validated_human_legacy,True,_quarantine/policy_scraper_artifacts_20260702/artifacts/policy_data_internal/interim/legacy_evidence_links.csv,historical_attempt,0
217518,Roger Williams University,private,https://docs.rwu.edu/cgi/viewcontent.cgi?article=1027&context=course_catalogs,2012,2012,historical_url_evidence_materialization,legacy_input_url,validated_human_legacy,True,_quarantine/policy_scraper_artifacts_20260702/artifacts/policy_data_internal/interim/legacy_evidence_links.csv,historical_attempt,0
217518,Roger Williams University,private,https://docs.rwu.edu/cgi/viewcontent.cgi?article=1028&context=course_catalogs,2013,2013,historical_url_evidence_materialization,legacy_input_url,validated_human_legacy,True,_quarantine/policy_scraper_artifacts_20260702/artifacts/policy_data_internal/interim/legacy_evidence_links.csv,historical_attempt,0
217518,Roger Williams University,private,https://docs.rwu.edu/cgi/viewcontent.cgi?article=1029&context=course_catalogs,2014,2014,historical_url_evidence_materialization,legacy_input_url,validated_human_legacy,True,_quarantine/policy_scraper_artifacts_20260702/artifacts/policy_data_internal/interim/legacy_evidence_links.csv,historical_attempt,0
217518,Roger Williams University,private,https://www.rwu.edu/sites/default/files/coursecatalog.pdf,2015,2015,historical_url_evidence_materialization,legacy_input_url,validated_human_legacy,True,_quarantine/policy_scraper_artifacts_20260702/artifacts/policy_data_internal/interim/legacy_evidence_links.csv,historical_attempt,0
217819,COLLEGE OF CHARLESTON,public,https://catalog.cofc.edu/,2002,2002,historical_url_evidence_materialization,legacy_input_url,prior_programmatic,True,_quarantine/policy_scraper_artifacts_20260702/artifacts/PILOTS/url_discovery/audit_trails/url_discovery_pilot_batch_008_dev_003/source_review_log.csv,historical_discovery,1
217819,COLLEGE OF CHARLESTON,public,https://catalog.cofc.edu/,2003,2003,historical_url_evidence_materialization,legacy_input_url,prior_programmatic,True,_quarantine/policy_scraper_artifacts_20260702/artifacts/PILOTS/url_discovery/audit_trails/url_discovery_pilot_batch_008_dev_003/source_review_log.csv,historical_discovery,1
217819,COLLEGE OF CHARLESTON,public,https://catalog.cofc.edu/,2004,2004,historical_url_evidence_materialization,legacy_input_url,prior_programmatic,True,_quarantine/policy_scraper_artifacts_20260702/artifacts/PILOTS/url_discovery/audit_trails/url_discovery_pilot_batch_008_dev_003/source_review_log.csv,historical_discovery,1
217819,College of Charleston,public,https://catalog.cofc.edu/,2005,2005,historical_url_evidence_materialization,legacy_input_url,prior_programmatic,True,_quarantine/policy_scraper_artifacts_20260702/artifacts/PILOTS/url_discovery/audit_trails/url_discovery_pilot_batch_008_dev_003/source_review_log.csv,historical_discovery,1
217819,College of Charleston,public,https://catalog.cofc.edu/,2006,2006,historical_url_evidence_materialization,legacy_input_url,prior_programmatic,True,_quarantine/policy_scraper_artifacts_20260702/artifacts/PILOTS/url_discovery/audit_trails/url_discovery_pilot_batch_008_dev_003/source_review_log.csv,historical_discovery,1
217819,College of Charleston,public,https://catalog.cofc.edu/,2007,2007,historical_url_evidence_materialization,legacy_input_url,prior_programmatic,True,_quarantine/policy_scraper_artifacts_20260702/artifacts/PILOTS/url_discovery/audit_trails/url_discovery_pilot_batch_008_dev_003/source_review_log.csv,historical_discovery,1
217819,College of Charleston,public,https://catalog.cofc.edu/,2008,2008,historical_url_evidence_materialization,legacy_input_url,prior_programmatic,True,_quarantine/policy_scraper_artifacts_20260702/artifacts/PILOTS/url_discovery/audit_trails/url_discovery_pilot_batch_008_dev_003/source_review_log.csv,historical_discovery,1
217819,College of Charleston,public,https://catalog.cofc.edu/,2009,2009,historical_url_evidence_materialization,legacy_input_url,prior_programmatic,True,_quarantine/policy_scraper_artifacts_20260702/artifacts/PILOTS/url_discovery/audit_trails/url_discovery_pilot_batch_008_dev_003/source_review_log.csv,historical_discovery,1
217819,College of Charleston,public,https://catalog.cofc.edu/,2010,2010,historical_url_evidence_materialization,legacy_input_url,prior_programmatic,True,_quarantine/policy_scraper_artifacts_20260702/artifacts/PILOTS/url_discovery/audit_trails/url_discovery_pilot_batch_008_dev_003/source_review_log.csv,historical_discovery,1
217819,College of Charleston,public,https://catalog.cofc.edu/,2011,2011,historical_url_evidence_materialization,legacy_input_url,prior_programmatic,True,_quarantine/policy_scraper_artifacts_20260702/artifacts/PILOTS/url_discovery/audit_trails/url_discovery_pilot_batch_008_dev_003/source_review_log.csv,historical_discovery,1
217819,College of Charleston,public,https://catalog.cofc.edu/,2012,2012,historical_url_evidence_materialization,legacy_input_url,prior_programmatic,True,_quarantine/policy_scraper_artifacts_20260702/artifacts/PILOTS/url_discovery/audit_trails/url_discovery_pilot_batch_008_dev_003/source_review_log.csv,historical_discovery,1
217819,College of Charleston,public,https://catalog.cofc.edu/,2013,2013,historical_url_evidence_materialization,legacy_input_url,prior_programmatic,True,_quarantine/policy_scraper_artifacts_20260702/artifacts/PILOTS/url_discovery/audit_trails/url_discovery_pilot_batch_008_dev_003/source_review_log.csv,historical_discovery,1
217819,College of Charleston,public,https://catalog.cofc.edu/,2014,2014,historical_url_evidence_materialization,legacy_input_url,prior_programmatic,True,_quarantine/policy_scraper_artifacts_20260702/artifacts/PILOTS/url_discovery/audit_trails/url_discovery_pilot_batch_008_dev_003/source_review_log.csv,historical_discovery,1
217819,College of Charleston,public,https://catalog.cofc.edu/,2015,2015,historical_url_evidence_materialization,legacy_input_url,prior_programmatic,True,_quarantine/policy_scraper_artifacts_20260702/artifacts/PILOTS/url_discovery/audit_trails/url_discovery_pilot_batch_008_dev_003/source_review_log.csv,historical_discovery,1
217819,College of Charleston,public,https://catalog.cofc.edu/index.php?catoid=3,2016,2016,historical_url_evidence_materialization,legacy_input_url,prior_programmatic,True,_quarantine/policy_scraper_artifacts_20260702/artifacts/PILOTS/url_discovery/audit_trails/url_discovery_pilot_batch_008_dev_003/source_review_log.csv,historical_discovery,1
217882,CLEMSON UNIVERSITY,public,https://catalog.clemson.edu/mime/media/view/18/621/Clemson+University+Faculty+Emeriti+2002-2003.pdf,2002,2003,historical_url_evidence_materialization,legacy_input_url,prior_programmatic,True,_quarantine/policy_scraper_artifacts_20260702/artifacts/PILOTS/url_discovery/audit_trails/url_discovery_pilot_batch_007_dev_002/source_review_log.csv,historical_discovery,1
217882,CLEMSON UNIVERSITY,public,https://catalog.clemson.edu/mime/media/view/18/621/Clemson+University+Faculty+Emeriti+2003-2004.pdf,2003,2004,historical_url_evidence_materialization,legacy_input_url,prior_programmatic,True,_quarantine/policy_scraper_artifacts_20260702/artifacts/PILOTS/url_discovery/audit_trails/url_discovery_pilot_batch_007_dev_002/source_review_log.csv,historical_discovery,1
217882,CLEMSON UNIVERSITY,public,https://catalog.clemson.edu/mime/media/view/18/621/Clemson+University+Faculty+Emeriti+2004-2005.pdf,2004,2005,historical_url_evidence_materialization,legacy_input_url,prior_programmatic,True,_quarantine/policy_scraper_artifacts_20260702/artifacts/PILOTS/url_discovery/audit_trails/url_discovery_pilot_batch_007_dev_002/source_review_log.csv,historical_discovery,1
217882,Clemson University,public,https://catalog.clemson.edu/mime/media/view/18/621/Clemson+University+Faculty+Emeriti+2005-2006.pdf,2005,2006,historical_url_evidence_materialization,legacy_input_url,prior_programmatic,True,_quarantine/policy_scraper_artifacts_20260702/artifacts/PILOTS/url_discovery/audit_trails/url_discovery_pilot_batch_007_dev_002/source_review_log.csv,historical_discovery,1
217882,Clemson University,public,https://catalog.clemson.edu/mime/media/view/18/621/Clemson+University+Faculty+Emeriti+2006-2007.pdf,2006,2007,historical_url_evidence_materialization,legacy_input_url,prior_programmatic,True,_quarantine/policy_scraper_artifacts_20260702/artifacts/PILOTS/url_discovery/audit_trails/url_discovery_pilot_batch_007_dev_002/source_review_log.csv,historical_discovery,1
217882,Clemson University,public,https://catalog.clemson.edu/mime/media/view/18/621/Clemson+University+Faculty+Emeriti+2007-2008.pdf,2007,2008,historical_url_evidence_materialization,legacy_input_url,prior_programmatic,True,_quarantine/policy_scraper_artifacts_20260702/artifacts/PILOTS/url_discovery/audit_trails/url_discovery_pilot_batch_007_dev_002/source_review_log.csv,historical_discovery,1
217882,Clemson University,public,https://catalog.clemson.edu/mime/media/view/18/621/Clemson+University+Faculty+Emeriti+2007-2008.pdf,2007,2008,historical_url_evidence_materialization,legacy_input_url,prior_programmatic,True,_quarantine/policy_scraper_artifacts_20260702/artifacts/PILOTS/url_discovery/audit_trails/url_discovery_pilot_batch_007_dev_002/source_review_log.csv,historical_discovery,1
217882,Clemson University,public,https://media.clemson.edu/registrar/web/archived-catalogs/2009-undergraduate.pdf,2009,2010,historical_url_evidence_materialization,legacy_input_url,prior_programmatic,True,_quarantine/policy_scraper_artifacts_20260702/artifacts/PILOTS/url_discovery/audit_trails/url_discovery_pilot_batch_007_dev_002/source_review_log.csv,historical_discovery,1
217882,Clemson University,public,https://media.clemson.edu/registrar/web/archived-catalogs/2009-undergraduate.pdf,2009,2010,historical_url_evidence_materialization,legacy_input_url,prior_programmatic,True,_quarantine/policy_scraper_artifacts_20260702/artifacts/PILOTS/url_discovery/audit_trails/url_discovery_pilot_batch_007_dev_002/source_review_log.csv,historical_discovery,1
217882,Clemson University,public,https://media.clemson.edu/registrar/web/archived-catalogs/2011-undergraduate.pdf,2011,2012,historical_url_evidence_materialization,legacy_input_url,prior_programmatic,True,_quarantine/policy_scraper_artifacts_20260702/artifacts/PILOTS/url_discovery/audit_trails/url_discovery_pilot_batch_007_dev_002/source_review_log.csv,historical_discovery,1
217882,Clemson University,public,https://media.clemson.edu/registrar/web/archived-catalogs/2012-undergraduate.pdf,2012,2013,historical_url_evidence_materialization,legacy_input_url,prior_programmatic,True,_quarantine/policy_scraper_artifacts_20260702/artifacts/PILOTS/url_discovery/audit_trails/url_discovery_pilot_batch_007_dev_002/source_review_log.csv,historical_discovery,1
217882,Clemson University,public,https://media.clemson.edu/registrar/web/archived-catalogs/2013-undergraduate.pdf,2013,2014,historical_url_evidence_materialization,legacy_input_url,prior_programmatic,True,_quarantine/policy_scraper_artifacts_20260702/artifacts/PILOTS/url_discovery/audit_trails/url_discovery_pilot_batch_007_dev_002/source_review_log.csv,historical_discovery,1
217882,Clemson University,public,https://media.clemson.edu/registrar/web/archived-catalogs/2014-undergraduate.pdf,2014,2015,historical_url_evidence_materialization,legacy_input_url,prior_programmatic,True,_quarantine/policy_scraper_artifacts_20260702/artifacts/PILOTS/url_discovery/audit_trails/url_discovery_pilot_batch_007_dev_002/source_review_log.csv,historical_discovery,1
217882,Clemson University,public,https://media.clemson.edu/registrar/web/archived-catalogs/2014-undergraduate.pdf,2014,2015,historical_url_evidence_materialization,legacy_input_url,prior_programmatic,True,_quarantine/policy_scraper_artifacts_20260702/artifacts/PILOTS/url_discovery/audit_trails/url_discovery_pilot_batch_007_dev_002/source_review_log.csv,historical_discovery,1
217882,Clemson University,public,https://media.clemson.edu/registrar/web/archived-catalogs/2016-undergraduate.pdf,2016,2017,historical_url_evidence_materialization,legacy_input_url,prior_programmatic,True,_quarantine/policy_scraper_artifacts_20260702/artifacts/PILOTS/url_discovery/audit_trails/url_discovery_pilot_batch_007_dev_002/source_review_log.csv,historical_discovery,1
218229,LANDER UNIVERSITY,public,https://www.lander.edu/academics/_files/documents/archived%20catalogs/catalog_0405.pdf,2004,2004,historical_url_evidence_materialization,legacy_input_url,validated_human_legacy,True,_quarantine/policy_scraper_artifacts_20260702/artifacts/policy_data_internal/interim/legacy_evidence_links.csv,historical_attempt,0
218645,UNIVERSITY OF SOUTH CAROLINA AT AIKEN,public,https://sc.edu/bulletin/archives/2002-2003/ugrad/Aiken.html,2002,2003,historical_url_evidence_materialization,historical_lead_input_url,imported_llm_candidate_lead,False,_quarantine/policy_scraper_artifacts_20260702/artifacts/OLD_OUTPUT_ARCHIVES/policy_data_rebuild_archive_20260622_054122/outputs/step3_live_rebuilt_ledger/step3_suggestion_candidate_ledger.csv,historical_attempt,2
219602,AUSTIN PEAY STATE UNIVERSITY,public,https://www.apsu.edu/registrar/files/UndergraduateBulletin2002-2003.pdf,2002,2003,historical_url_evidence_materialization,legacy_input_url,prior_programmatic,True,_quarantine/policy_scraper_artifacts_20260702/artifacts/PILOTS/url_discovery/audit_trails/url_discovery_pilot_batch_003/source_review_log.csv,historical_discovery,1
219602,AUSTIN PEAY STATE UNIVERSITY,public,https://www.apsu.edu/registrar/files/UndergraduateBulletin2002-2003.pdf,2002,2003,historical_url_evidence_materialization,legacy_input_url,prior_programmatic,True,_quarantine/policy_scraper_artifacts_20260702/artifacts/PILOTS/url_discovery/audit_trails/url_discovery_pilot_batch_003/source_review_log.csv,historical_discovery,1
219602,AUSTIN PEAY STATE UNIVERSITY,public,https://www.apsu.edu/registrar/files/bulletin0405.pdf,2004,2004,historical_url_evidence_materialization,legacy_input_url,prior_programmatic,True,_quarantine/policy_scraper_artifacts_20260702/artifacts/PILOTS/url_discovery/audit_trails/url_discovery_pilot_batch_003/source_review_log.csv,historical_discovery,1
219602,Austin Peay State University,public,https://www.apsu.edu/registrar/files/bulletin0506.pdf,2005,2005,historical_url_evidence_materialization,legacy_input_url,prior_programmatic,True,_quarantine/policy_scraper_artifacts_20260702/artifacts/PILOTS/url_discovery/audit_trails/url_discovery_pilot_batch_003/source_review_log.csv,historical_discovery,1
219602,Austin Peay State University,public,https://www.apsu.edu/registrar/files/2006-2007-bulletin-ug.pdf,2006,2007,historical_url_evidence_materialization,legacy_input_url,prior_programmatic,True,_quarantine/policy_scraper_artifacts_20260702/artifacts/PILOTS/url_discovery/audit_trails/url_discovery_pilot_batch_003/source_review_log.csv,historical_discovery,1
219602,Austin Peay State University,public,https://www.apsu.edu/registrar/files/UndergradBulletin07-0811.pdf,2007,2007,historical_url_evidence_materialization,legacy_input_url,prior_programmatic,True,_quarantine/policy_scraper_artifacts_20260702/artifacts/PILOTS/url_discovery/audit_trails/url_discovery_pilot_batch_003/source_review_log.csv,historical_discovery,1
219602,Austin Peay State University,public,https://www.apsu.edu/registrar/files/Undergrad_0809.pdf,2008,2008,historical_url_evidence_materialization,legacy_input_url,prior_programmatic,True,_quarantine/policy_scraper_artifacts_20260702/artifacts/PILOTS/url_discovery/audit_trails/url_discovery_pilot_batch_003/source_review_log.csv,historical_discovery,1
219602,Austin Peay State University,public,https://www.apsu.edu/registrar/files/Undergrad091011_01.pdf,2009,2009,historical_url_evidence_materialization,legacy_input_url,prior_programmatic,True,_quarantine/policy_scraper_artifacts_20260702/artifacts/PILOTS/url_discovery/audit_trails/url_discovery_pilot_batch_003/source_review_log.csv,historical_discovery,1
219602,Austin Peay State University,public,https://www.apsu.edu/registrar/files/Undergrad_2010-11_10_11.pdf,2010,2011,historical_url_evidence_materialization,legacy_input_url,prior_programmatic,True,_quarantine/policy_scraper_artifacts_20260702/artifacts/PILOTS/url_discovery/audit_trails/url_discovery_pilot_batch_003/source_review_log.csv,historical_discovery,1
219602,Austin Peay State University,public,https://catalog.apsu.edu/content.php?catoid=6&navoid=162#Course_Repeats,2011,2011,historical_url_evidence_materialization,legacy_input_url,validated_human_legacy,True,_quarantine/policy_scraper_artifacts_20260702/artifacts/policy_data_internal/interim/legacy_evidence_links.csv,historical_attempt,0
219602,Austin Peay State University,public,https://catalog.apsu.edu/index.php?catoid=9,2012,2012,historical_url_evidence_materialization,legacy_input_url,prior_programmatic,True,_quarantine/policy_scraper_artifacts_20260702/artifacts/PILOTS/url_discovery/audit_trails/url_discovery_pilot_batch_003/source_review_log.csv,historical_discovery,1
219602,Austin Peay State University,public,https://catalog.apsu.edu/index.php?catoid=11,2013,2013,historical_url_evidence_materialization,legacy_input_url,prior_programmatic,True,_quarantine/policy_scraper_artifacts_20260702/artifacts/PILOTS/url_discovery/audit_trails/url_discovery_pilot_batch_003/source_review_log.csv,historical_discovery,1
219602,Austin Peay State University,public,https://catalog.apsu.edu/index.php?catoid=13,2014,2014,historical_url_evidence_materialization,legacy_input_url,prior_programmatic,True,_quarantine/policy_scraper_artifacts_20260702/artifacts/PILOTS/url_discovery/audit_trails/url_discovery_pilot_batch_003/source_review_log.csv,historical_discovery,1
219602,Austin Peay State University,public,https://catalog.apsu.edu/index.php?catoid=15,2015,2015,historical_url_evidence_materialization,legacy_input_url,prior_programmatic,True,_quarantine/policy_scraper_artifacts_20260702/artifacts/PILOTS/url_discovery/audit_trails/url_discovery_pilot_batch_003/source_review_log.csv,historical_discovery,1
219602,Austin Peay State University,public,https://catalog.apsu.edu/index.php?catoid=18,2016,2016,historical_url_evidence_materialization,legacy_input_url,prior_programmatic,True,_quarantine/policy_scraper_artifacts_20260702/artifacts/PILOTS/url_discovery/audit_trails/url_discovery_pilot_batch_003/source_review_log.csv,historical_discovery,1
220075,East Tennessee State University,public,https://catalog.etsu.edu/index.php?catoid=39,2007,2007,historical_url_evidence_materialization,historical_lead_input_url,imported_llm_candidate_lead,False,_quarantine/policy_scraper_artifacts_20260702/artifacts/OLD_OUTPUT_ARCHIVES/policy_data_rebuild_archive_20260622_054122/outputs/step3_live_rebuilt_ledger/step3_suggestion_candidate_ledger.csv,historical_attempt,2
220075,East Tennessee State University,public,https://www.tnstate.edu/academic_programs/documents/Graduate%20Catalog%202009-2011.pdf,2009,2011,historical_url_evidence_materialization,historical_lead_input_url,imported_llm_candidate_lead,False,_quarantine/policy_scraper_artifacts_20260702/artifacts/OLD_OUTPUT_ARCHIVES/policy_data_rebuild_archive_20260622_054122/outputs/step4_source_review/step4_suggestion_source_review.csv,historical_attempt,2
220075,East Tennessee State University,public,https://catalog.etsu.edu/index.php?catoid=1,2010,2010,historical_url_evidence_materialization,legacy_input_url,prior_programmatic,True,_quarantine/policy_scraper_artifacts_20260702/artifacts/PILOTS/url_discovery/audit_trails/url_discovery_pilot_batch_009_dev_004/source_review_log.csv,historical_discovery,1
220075,East Tennessee State University,public,https://catalog.etsu.edu/content.php?catoid=6&navoid=171&hl=repeated&returnto=search,2011,2011,historical_url_evidence_materialization,legacy_input_url,validated_human_legacy,True,_quarantine/policy_scraper_artifacts_20260702/artifacts/policy_data_internal/interim/legacy_evidence_links.csv,historical_attempt,0
220075,East Tennessee State University,public,https://catalog.etsu.edu/index.php?catoid=7,2012,2012,historical_url_evidence_materialization,legacy_input_url,prior_programmatic,True,_quarantine/policy_scraper_artifacts_20260702/artifacts/PILOTS/url_discovery/audit_trails/url_discovery_pilot_batch_009_dev_004/source_review_log.csv,historical_discovery,1
220075,East Tennessee State University,public,https://catalog.etsu.edu/index.php?catoid=9,2013,2013,historical_url_evidence_materialization,legacy_input_url,prior_programmatic,True,_quarantine/policy_scraper_artifacts_20260702/artifacts/PILOTS/url_discovery/audit_trails/url_discovery_pilot_batch_009_dev_004/source_review_log.csv,historical_discovery,1
220075,East Tennessee State University,public,https://catalog.etsu.edu/content.php?catoid=11&navoid=522#Repeating_a_Course_,2014,2014,historical_url_evidence_materialization,legacy_input_url,validated_human_legacy,True,_quarantine/policy_scraper_artifacts_20260702/artifacts/policy_data_internal/interim/legacy_evidence_links.csv,historical_attempt,0
220075,East Tennessee State University,public,https://catalog.etsu.edu/index.php?catoid=13,2015,2015,historical_url_evidence_materialization,legacy_input_url,prior_programmatic,True,_quarantine/policy_scraper_artifacts_20260702/artifacts/PILOTS/url_discovery/audit_trails/url_discovery_pilot_batch_009_dev_004/source_review_log.csv,historical_discovery,1
220075,East Tennessee State University,public,https://catalog.etsu.edu/index.php?catoid=19,2016,2016,historical_url_evidence_materialization,legacy_input_url,prior_programmatic,True,_quarantine/policy_scraper_artifacts_20260702/artifacts/PILOTS/url_discovery/audit_trails/url_discovery_pilot_batch_009_dev_004/source_review_log.csv,historical_discovery,1
220710,Maryville College,private,https://catalog.maryville.edu/content.php?catoid=1&navoid=30,2009,2009,historical_url_evidence_materialization,legacy_input_url,validated_human_legacy,True,_quarantine/policy_scraper_artifacts_20260702/artifacts/policy_data_internal/interim/legacy_evidence_links.csv,historical_attempt,0
220710,Maryville College,private,https://catalog.maryville.edu/content.php?catoid=6&navoid=329,2010,2010,historical_url_evidence_materialization,legacy_input_url,validated_human_legacy,True,_quarantine/policy_scraper_artifacts_20260702/artifacts/policy_data_internal/interim/legacy_evidence_links.csv,historical_attempt,0
220710,Maryville College,private,https://catalog.maryville.edu/index.php?catoid=7,2011,2011,historical_url_evidence_materialization,legacy_input_url,validated_human_legacy,True,_quarantine/policy_scraper_artifacts_20260702/artifacts/policy_data_internal/interim/legacy_evidence_links.csv,historical_attempt,0
220710,Maryville College,private,https://catalog.maryville.edu/content.php?catoid=8&navoid=473,2012,2012,historical_url_evidence_materialization,legacy_input_url,validated_human_legacy,True,_quarantine/policy_scraper_artifacts_20260702/artifacts/policy_data_internal/interim/legacy_evidence_links.csv,historical_attempt,0
220710,Maryville College,private,https://catalog.maryville.edu/content.php?catoid=9&navoid=542,2013,2013,historical_url_evidence_materialization,legacy_input_url,validated_human_legacy,True,_quarantine/policy_scraper_artifacts_20260702/artifacts/policy_data_internal/interim/legacy_evidence_links.csv,historical_attempt,0
220710,Maryville College,private,https://catalog.maryville.edu/content.php?catoid=10&navoid=614,2014,2014,historical_url_evidence_materialization,legacy_input_url,validated_human_legacy,True,_quarantine/policy_scraper_artifacts_20260702/artifacts/policy_data_internal/interim/legacy_evidence_links.csv,historical_attempt,0
220710,Maryville College,private,https://catalog.maryville.edu/index.php?catoid=11,2015,2015,historical_url_evidence_materialization,legacy_input_url,validated_human_legacy,True,_quarantine/policy_scraper_artifacts_20260702/artifacts/policy_data_internal/interim/legacy_evidence_links.csv,historical_attempt,0
220710,Maryville College,private,https://catalog.maryville.edu/index.php?catoid=12,2016,2016,historical_url_evidence_materialization,legacy_input_url,validated_human_legacy,True,_quarantine/policy_scraper_artifacts_20260702/artifacts/policy_data_internal/interim/legacy_evidence_links.csv,historical_attempt,0
220978,Middle Tennessee State University,public,http://catalog.mtsu.edu/,2011,2011,historical_url_evidence_materialization,legacy_input_url,validated_human_legacy,True,_quarantine/policy_scraper_artifacts_20260702/artifacts/policy_data_internal/interim/legacy_evidence_links.csv,historical_attempt,0
220978,Middle Tennessee State University,public,http://catalog.mtsu.edu/index.php?catoid=12,2012,2012,historical_url_evidence_materialization,historical_lead_input_url,imported_llm_candidate_lead,False,_quarantine/policy_scraper_artifacts_20260702/artifacts/OLD_OUTPUT_ARCHIVES/policy_data_rebuild_archive_20260622_054122/outputs/step3_live_rebuilt_ledger/step3_suggestion_candidate_ledger.csv,historical_attempt,2
220978,Middle Tennessee State University,public,http://catalog.mtsu.edu/index.php?catoid=13,2013,2013,historical_url_evidence_materialization,historical_lead_input_url,imported_llm_candidate_lead,False,_quarantine/policy_scraper_artifacts_20260702/artifacts/OLD_OUTPUT_ARCHIVES/policy_data_rebuild_archive_20260622_054122/outputs/step3_live_rebuilt_ledger/step3_suggestion_candidate_ledger.csv,historical_attempt,2
220978,Middle Tennessee State University,public,http://catalog.mtsu.edu/index.php?catoid=16,2014,2014,historical_url_evidence_materialization,historical_lead_input_url,imported_llm_candidate_lead,False,_quarantine/policy_scraper_artifacts_20260702/artifacts/OLD_OUTPUT_ARCHIVES/policy_data_rebuild_archive_20260622_054122/outputs/step3_live_rebuilt_ledger/step3_suggestion_candidate_ledger.csv,historical_attempt,2
220978,Middle Tennessee State University,public,http://catalog.mtsu.edu/index.php?catoid=18,2015,2015,historical_url_evidence_materialization,historical_lead_input_url,imported_llm_candidate_lead,False,_quarantine/policy_scraper_artifacts_20260702/artifacts/OLD_OUTPUT_ARCHIVES/policy_data_rebuild_archive_20260622_054122/outputs/step3_live_rebuilt_ledger/step3_suggestion_candidate_ledger.csv,historical_attempt,2
220978,Middle Tennessee State University,public,http://catalog.mtsu.edu/index.php?catoid=21,2016,2016,historical_url_evidence_materialization,historical_lead_input_url,imported_llm_candidate_lead,False,_quarantine/policy_scraper_artifacts_20260702/artifacts/OLD_OUTPUT_ARCHIVES/policy_data_rebuild_archive_20260622_054122/outputs/step3_live_rebuilt_ledger/step3_suggestion_candidate_ledger.csv,historical_attempt,2
221759,The University of Tennessee,public,https://catalog.utk.edu/content.php?catoid=1&navoid=156,2009,2009,historical_url_evidence_materialization,legacy_input_url,validated_human_legacy,True,_quarantine/policy_scraper_artifacts_20260702/artifacts/policy_data_internal/interim/legacy_evidence_links.csv,historical_attempt,0
221759,The University of Tennessee,public,https://catalog.utk.edu/index.php?catoid=5,2010,2010,historical_url_evidence_materialization,historical_lead_input_url,imported_llm_candidate_lead,False,_quarantine/policy_scraper_artifacts_20260702/artifacts/OLD_OUTPUT_ARCHIVES/policy_data_rebuild_archive_20260622_054122/outputs/step3_live_rebuilt_ledger/step3_suggestion_candidate_ledger.csv,historical_attempt,2
221759,The University of Tennessee,public,https://catalog.utk.edu/index.php?catoid=15,2011,2011,historical_url_evidence_materialization,historical_lead_input_url,imported_llm_candidate_lead,False,_quarantine/policy_scraper_artifacts_20260702/artifacts/OLD_OUTPUT_ARCHIVES/policy_data_rebuild_archive_20260622_054122/outputs/step3_live_rebuilt_ledger/step3_suggestion_candidate_ledger.csv,historical_attempt,2
221759,The University of Tennessee,public,https://catalog.utk.edu/content.php?catoid=11&navoid=964,2012,2012,historical_url_evidence_materialization,legacy_input_url,validated_human_legacy,True,_quarantine/policy_scraper_artifacts_20260702/artifacts/policy_data_internal/interim/legacy_evidence_links.csv,historical_attempt,0
221759,The University of Tennessee-Knoxville,public,https://www.cn.edu/wp-content/uploads/2022/08/2014-15_undergraduate_catalog_9-3-14.pdf,2014,2015,historical_url_evidence_materialization,historical_lead_input_url,imported_llm_candidate_lead,False,_quarantine/policy_scraper_artifacts_20260702/artifacts/OLD_OUTPUT_ARCHIVES/policy_data_rebuild_archive_20260622_054122/outputs/step3_live_rebuilt_ledger/step3_suggestion_candidate_ledger.csv,historical_attempt,2
221759,The University of Tennessee-Knoxville,public,https://catalog.utk.edu/index.php?catoid=16,2016,2016,historical_url_evidence_materialization,historical_lead_input_url,imported_llm_candidate_lead,False,_quarantine/policy_scraper_artifacts_20260702/artifacts/OLD_OUTPUT_ARCHIVES/policy_data_rebuild_archive_20260622_054122/outputs/step3_live_rebuilt_ledger/step3_suggestion_candidate_ledger.csv,historical_attempt,2
221953,Tusculum College,private,https://catalog.tusculum.edu/mime/media/7/482/TC_catalog14_15.pdf,2014,2014,historical_url_evidence_materialization,historical_lead_input_url,imported_llm_candidate_lead,False,_quarantine/policy_scraper_artifacts_20260702/artifacts/OLD_OUTPUT_ARCHIVES/policy_data_rebuild_archive_20260622_054122/outputs/step3_live_rebuilt_ledger/step3_suggestion_candidate_ledger.csv,historical_attempt,2
221953,Tusculum College,private,https://catalog.tusculum.edu/mime/media/7/481/TC_catalog1516.pdf,2015,2015,historical_url_evidence_materialization,historical_lead_input_url,imported_llm_candidate_lead,False,_quarantine/policy_scraper_artifacts_20260702/artifacts/OLD_OUTPUT_ARCHIVES/policy_data_rebuild_archive_20260622_054122/outputs/step3_live_rebuilt_ledger/step3_suggestion_candidate_ledger.csv,historical_attempt,2
222983,Austin College,private,https://resources.finalsite.net/images/v1714500530/austincollegeedu/bqaysn831jum4x4e50qn/Bulletin-2007-2008.pdf,2007,2008,historical_url_evidence_materialization,legacy_input_url,prior_programmatic,True,_quarantine/policy_scraper_artifacts_20260702/artifacts/PIPELINE_OUTPUTS/01_url_discovery/production_chunks/production_chunk_scale_drill_002/OUTPUT_source_ledger_delta.csv,historical_attempt,1
222983,Austin College,private,https://resources.finalsite.net/images/v1714500532/austincollegeedu/dayrcnbz9woccboz9jwu/Bulletin-2008-2009.pdf,2008,2009,historical_url_evidence_materialization,legacy_input_url,prior_programmatic,True,_quarantine/policy_scraper_artifacts_20260702/artifacts/PIPELINE_OUTPUTS/01_url_discovery/production_chunks/production_chunk_scale_drill_002/OUTPUT_source_ledger_delta.csv,historical_attempt,1
222983,Austin College,private,https://resources.finalsite.net/images/v1714500529/austincollegeedu/jifiodljhscw7efcgc6c/Bulletin-2009-2010.pdf,2009,2010,historical_url_evidence_materialization,legacy_input_url,prior_programmatic,True,_quarantine/policy_scraper_artifacts_20260702/artifacts/PIPELINE_OUTPUTS/01_url_discovery/production_chunks/production_chunk_scale_drill_002/OUTPUT_source_ledger_delta.csv,historical_attempt,1
222983,Austin College,private,https://resources.finalsite.net/images/v1714500532/austincollegeedu/ib3fyrzcqxehtfts0yqo/Bulletin-2010-2011.pdf,2010,2011,historical_url_evidence_materialization,legacy_input_url,prior_programmatic,True,_quarantine/policy_scraper_artifacts_20260702/artifacts/PIPELINE_OUTPUTS/01_url_discovery/production_chunks/production_chunk_scale_drill_002/OUTPUT_source_ledger_delta.csv,historical_attempt,1
222983,Austin College,private,https://resources.finalsite.net/images/v1714500531/austincollegeedu/on80spifykyr4dqmrfdn/Bulletin-2011-2012.pdf,2011,2012,historical_url_evidence_materialization,legacy_input_url,prior_programmatic,True,_quarantine/policy_scraper_artifacts_20260702/artifacts/PIPELINE_OUTPUTS/01_url_discovery/production_chunks/production_chunk_scale_drill_002/OUTPUT_source_ledger_delta.csv,historical_attempt,1
222983,Austin College,private,https://resources.finalsite.net/images/v1714500531/austincollegeedu/nfxistb51kz9xdq84d0t/Bulletin-2012-2013.pdf,2012,2013,historical_url_evidence_materialization,legacy_input_url,prior_programmatic,True,_quarantine/policy_scraper_artifacts_20260702/artifacts/PIPELINE_OUTPUTS/01_url_discovery/production_chunks/production_chunk_scale_drill_002/OUTPUT_source_ledger_delta.csv,historical_attempt,1
222983,Austin College,private,https://resources.finalsite.net/images/v1714500529/austincollegeedu/iesv3d72bq9rvocshqso/Bulletin-2013-2014.pdf,2013,2014,historical_url_evidence_materialization,legacy_input_url,prior_programmatic,True,_quarantine/policy_scraper_artifacts_20260702/artifacts/PIPELINE_OUTPUTS/01_url_discovery/production_chunks/production_chunk_scale_drill_002/OUTPUT_source_ledger_delta.csv,historical_attempt,1
222983,Austin College,private,https://resources.finalsite.net/images/v1714500526/austincollegeedu/f3zbj6cfzndjcy2qxpma/Bulletin-2014-2015.pdf,2014,2015,historical_url_evidence_materialization,legacy_input_url,prior_programmatic,True,_quarantine/policy_scraper_artifacts_20260702/artifacts/PIPELINE_OUTPUTS/01_url_discovery/production_chunks/production_chunk_scale_drill_002/OUTPUT_source_ledger_delta.csv,historical_attempt,1
222983,Austin College,private,https://resources.finalsite.net/images/v1714500526/austincollegeedu/tmd89xgziezhhngdh705/Bulletin-2015-2016.pdf,2015,2016,historical_url_evidence_materialization,legacy_input_url,prior_programmatic,True,_quarantine/policy_scraper_artifacts_20260702/artifacts/PIPELINE_OUTPUTS/01_url_discovery/production_chunks/production_chunk_scale_drill_002/OUTPUT_source_ledger_delta.csv,historical_attempt,1
222983,Austin College,private,https://resources.finalsite.net/images/v1714500526/austincollegeedu/nm6mryysoajnyg7cyofv/Bulletin-2016-2017.pdf,2016,2017,historical_url_evidence_materialization,legacy_input_url,prior_programmatic,True,_quarantine/policy_scraper_artifacts_20260702/artifacts/PIPELINE_OUTPUTS/01_url_discovery/production_chunks/production_chunk_scale_drill_002/OUTPUT_source_ledger_delta.csv,historical_attempt,1
226587,McMurry University,private,https://mcm.edu/app/uploads/2022/01/McMurry-Catalog-11-12.pdf,2022,2023,historical_url_evidence_materialization,legacy_input_url,prior_programmatic,True,_quarantine/policy_scraper_artifacts_20260702/artifacts/PILOTS/url_discovery/audit_trails/transitional_url_discovery_production_chunk_001/benchmark_recovery.csv,historical_attempt,1
226587,McMurry University,private,https://mcm.edu/app/uploads/2022/01/McMurry-Catalog-11-12.pdf,2022,2023,historical_url_evidence_materialization,legacy_input_url,validated_human_legacy,True,_quarantine/policy_scraper_artifacts_20260702/artifacts/policy_data_internal/interim/legacy_evidence_links.csv,historical_attempt,0
226587,McMurry University,private,https://mcm.edu/app/uploads/2022/01/McMurry-Catalog-12-13.pdf,2022,2023,historical_url_evidence_materialization,legacy_input_url,validated_human_legacy,True,_quarantine/policy_scraper_artifacts_20260702/artifacts/policy_data_internal/interim/legacy_evidence_links.csv,historical_attempt,0
226587,McMurry University,private,https://mcm.edu/app/uploads/2022/01/McMurry-Catalog-13-14.pdf,2022,2023,historical_url_evidence_materialization,legacy_input_url,validated_human_legacy,True,_quarantine/policy_scraper_artifacts_20260702/artifacts/policy_data_internal/interim/legacy_evidence_links.csv,historical_attempt,0
226587,McMurry University,private,https://mcm.edu/app/uploads/2022/01/McMurry-Catalog-14-15.pdf,2022,2023,historical_url_evidence_materialization,legacy_input_url,validated_human_legacy,True,_quarantine/policy_scraper_artifacts_20260702/artifacts/policy_data_internal/interim/legacy_evidence_links.csv,historical_attempt,0
226587,McMurry University,private,https://mcm.edu/app/uploads/2022/01/McMurry-Catalog-15-16a.pdf,2022,2023,historical_url_evidence_materialization,legacy_input_url,validated_human_legacy,True,_quarantine/policy_scraper_artifacts_20260702/artifacts/policy_data_internal/interim/legacy_evidence_links.csv,historical_attempt,0
227377,THE UNIVERSITY OF TEXAS AT BROWNSVILLE,public,https://scholarworks.utrgv.edu/cgi/viewcontent.cgi?article=1035&context=brownsvillelegacycatalogs,2002,2002,historical_url_evidence_materialization,historical_lead_input_url,imported_llm_candidate_lead,False,_quarantine/policy_scraper_artifacts_20260702/artifacts/AUDIT_TRAILS/policy_data_internal_existing/90_INTERNAL_PIPELINE_ARTIFACTS/audits/legacy_benchmark_current/public_fresh_ai_year_candidates_public_fresh_full_rank226_250_ai25_live.csv,historical_attempt,2
227377,THE UNIVERSITY OF TEXAS AT BROWNSVILLE,public,https://scholarworks.utrgv.edu/cgi/viewcontent.cgi?article=1035&context=brownsvillelegacycatalogs,2003,2003,historical_url_evidence_materialization,historical_lead_input_url,imported_llm_candidate_lead,False,_quarantine/policy_scraper_artifacts_20260702/artifacts/AUDIT_TRAILS/policy_data_internal_existing/90_INTERNAL_PIPELINE_ARTIFACTS/audits/legacy_benchmark_current/public_fresh_ai_year_candidates_public_fresh_full_rank226_250_ai25_live.csv,historical_attempt,2
227377,The University of Texas at Brownsville,public,https://scholarworks.utrgv.edu/cgi/viewcontent.cgi?article=1036&context=brownsvillelegacycatalogs,2005,2005,historical_url_evidence_materialization,historical_lead_input_url,imported_llm_candidate_lead,False,_quarantine/policy_scraper_artifacts_20260702/artifacts/AUDIT_TRAILS/policy_data_internal_existing/90_INTERNAL_PIPELINE_ARTIFACTS/audits/legacy_benchmark_current/public_fresh_ai_year_candidates_public_fresh_full_rank226_250_ai25_live.csv,historical_attempt,2
227377,The University of Texas at Brownsville,public,https://scholarworks.utrgv.edu/cgi/viewcontent.cgi?article=1007&context=brownsvillelegacycatalogs,2006,2006,historical_url_evidence_materialization,historical_lead_input_url,imported_llm_candidate_lead,False,_quarantine/policy_scraper_artifacts_20260702/artifacts/AUDIT_TRAILS/policy_data_internal_existing/90_INTERNAL_PIPELINE_ARTIFACTS/audits/legacy_benchmark_current/public_fresh_ai_year_candidates_public_fresh_full_rank226_250_ai25_live.csv,historical_attempt,2
227377,The University of Texas at Brownsville,public,https://scholarworks.utrgv.edu/cgi/viewcontent.cgi?article=1033&context=brownsvillelegacycatalogs,2007,2007,historical_url_evidence_materialization,historical_lead_input_url,imported_llm_candidate_lead,False,_quarantine/policy_scraper_artifacts_20260702/artifacts/AUDIT_TRAILS/policy_data_internal_existing/90_INTERNAL_PIPELINE_ARTIFACTS/audits/legacy_benchmark_current/public_fresh_ai_year_candidates_public_fresh_full_rank226_250_ai25_live.csv,historical_attempt,2
227377,The University of Texas at Brownsville,public,https://scholarworks.utrgv.edu/cgi/viewcontent.cgi?article=1037&context=brownsvillelegacycatalogs,2008,2008,historical_url_evidence_materialization,historical_lead_input_url,imported_llm_candidate_lead,False,_quarantine/policy_scraper_artifacts_20260702/artifacts/AUDIT_TRAILS/policy_data_internal_existing/90_INTERNAL_PIPELINE_ARTIFACTS/audits/legacy_benchmark_current/public_fresh_ai_year_candidates_public_fresh_full_rank226_250_ai25_live.csv,historical_attempt,2
227377,The University of Texas at Brownsville,public,https://scholarworks.utrgv.edu/cgi/viewcontent.cgi?article=1008&context=brownsvillelegacycatalogs,2009,2009,historical_url_evidence_materialization,historical_lead_input_url,imported_llm_candidate_lead,False,_quarantine/policy_scraper_artifacts_20260702/artifacts/AUDIT_TRAILS/policy_data_internal_existing/90_INTERNAL_PIPELINE_ARTIFACTS/audits/legacy_benchmark_current/public_fresh_ai_year_candidates_public_fresh_full_rank226_250_ai25_live.csv,historical_attempt,2
227845,SAINT EDWARD'S UNIVERSITY,private,https://drive.google.com/file/d/1wJQ2gEgudkkMI52zjjhS6Ng4EKy-qdEf/view,2002,2002,historical_url_evidence_materialization,legacy_input_url,validated_human_legacy,True,_quarantine/policy_scraper_artifacts_20260702/artifacts/policy_data_internal/interim/legacy_evidence_links.csv,historical_attempt,0
227845,SAINT EDWARD'S UNIVERSITY,private,https://drive.google.com/file/d/1TyqOO5lPLcOWWcB8n4w76T6-Qxc6ravt/view,2003,2003,historical_url_evidence_materialization,legacy_input_url,validated_human_legacy,True,_quarantine/policy_scraper_artifacts_20260702/artifacts/policy_data_internal/interim/legacy_evidence_links.csv,historical_attempt,0
227845,SAINT EDWARD'S UNIVERSITY,private,https://drive.google.com/file/d/1a550ziYIeH34bCmsam_fMz6ts4otmw6z/view,2004,2004,historical_url_evidence_materialization,legacy_input_url,validated_human_legacy,True,_quarantine/policy_scraper_artifacts_20260702/artifacts/policy_data_internal/interim/legacy_evidence_links.csv,historical_attempt,0
227845,Saint Edward's University,private,https://drive.google.com/file/d/1gF_Gb7I6nWQ4PWv1ZJFMcH0GecH6ZOab/view,2005,2005,historical_url_evidence_materialization,legacy_input_url,validated_human_legacy,True,_quarantine/policy_scraper_artifacts_20260702/artifacts/policy_data_internal/interim/legacy_evidence_links.csv,historical_attempt,0
227845,Saint Edward's University,private,https://drive.google.com/file/d/1ZDrQ_iuebR7U-e4zNMtwTApNclASVP4y/view,2006,2006,historical_url_evidence_materialization,legacy_input_url,validated_human_legacy,True,_quarantine/policy_scraper_artifacts_20260702/artifacts/policy_data_internal/interim/legacy_evidence_links.csv,historical_attempt,0
227845,Saint Edward's University,private,https://drive.google.com/file/d/19N40LtFMZCcSNIynIZ0jmaYk1za98T38/view,2007,2007,historical_url_evidence_materialization,legacy_input_url,validated_human_legacy,True,_quarantine/policy_scraper_artifacts_20260702/artifacts/policy_data_internal/interim/legacy_evidence_links.csv,historical_attempt,0
227845,Saint Edward's University,private,https://drive.google.com/file/d/1rJphy-7fD8LrxYrQ2l6QRJKNK6c3KHug/view,2008,2008,historical_url_evidence_materialization,legacy_input_url,validated_human_legacy,True,_quarantine/policy_scraper_artifacts_20260702/artifacts/policy_data_internal/interim/legacy_evidence_links.csv,historical_attempt,0
227845,Saint Edward's University,private,https://drive.google.com/file/d/1VwaSIuzzxEIX8wj4kcYHRHBTXrRZjPDM/view,2009,2009,historical_url_evidence_materialization,legacy_input_url,validated_human_legacy,True,_quarantine/policy_scraper_artifacts_20260702/artifacts/policy_data_internal/interim/legacy_evidence_links.csv,historical_attempt,0
227845,Saint Edward's University,private,https://drive.google.com/file/d/1bLK8Mn2F4opKWe8e5qpszJaIJcb16JiU/view,2010,2010,historical_url_evidence_materialization,legacy_input_url,validated_human_legacy,True,_quarantine/policy_scraper_artifacts_20260702/artifacts/policy_data_internal/interim/legacy_evidence_links.csv,historical_attempt,0
227845,Saint Edward's University,private,https://drive.google.com/file/d/1ISAZdEHd0BpjKHBlPZxyoaHnr8sAa1jh/view,2011,2011,historical_url_evidence_materialization,legacy_input_url,validated_human_legacy,True,_quarantine/policy_scraper_artifacts_20260702/artifacts/policy_data_internal/interim/legacy_evidence_links.csv,historical_attempt,0
227845,Saint Edward's University,private,https://drive.google.com/file/d/1TKheiXDN714hcPOqRzsPTnH6acuAUHQb/view,2012,2012,historical_url_evidence_materialization,legacy_input_url,validated_human_legacy,True,_quarantine/policy_scraper_artifacts_20260702/artifacts/policy_data_internal/interim/legacy_evidence_links.csv,historical_attempt,0
227845,Saint Edward's University,private,https://drive.google.com/file/d/1y_Pkn-uB95GjNI_HbMcJjcuf-7Fkefla/view,2013,2013,historical_url_evidence_materialization,legacy_input_url,validated_human_legacy,True,_quarantine/policy_scraper_artifacts_20260702/artifacts/policy_data_internal/interim/legacy_evidence_links.csv,historical_attempt,0
227845,Saint Edward's University,private,https://drive.google.com/file/d/1nnQtKq4cnlCAvDIJuVtnnlq2SFowxi_h/view,2014,2014,historical_url_evidence_materialization,legacy_input_url,validated_human_legacy,True,_quarantine/policy_scraper_artifacts_20260702/artifacts/policy_data_internal/interim/legacy_evidence_links.csv,historical_attempt,0
227845,Saint Edward's University,private,https://drive.google.com/file/d/1ovF3wZbPY2nMP1IFt7M4jaifMpaJb_-c/view,2015,2015,historical_url_evidence_materialization,legacy_input_url,validated_human_legacy,True,_quarantine/policy_scraper_artifacts_20260702/artifacts/policy_data_internal/interim/legacy_evidence_links.csv,historical_attempt,0
227845,Saint Edward's University,private,https://drive.google.com/file/d/1NOwMgcALUybmGuMwv8QlsC73VQegIjIO/view,2016,2016,historical_url_evidence_materialization,legacy_input_url,validated_human_legacy,True,_quarantine/policy_scraper_artifacts_20260702/artifacts/policy_data_internal/interim/legacy_evidence_links.csv,historical_attempt,0
228714,TEXAS A & M UNIVERSITY-GALVESTON,public,https://catalog.tamu.edu/archives/TAMU_Galveston_Catalog_02_03_Secured.pdf,2002,2002,historical_url_evidence_materialization,historical_lead_input_url,imported_llm_candidate_lead,False,_quarantine/policy_scraper_artifacts_20260702/artifacts/AUDIT_TRAILS/policy_data_internal_existing/90_INTERNAL_PIPELINE_ARTIFACTS/audits/legacy_benchmark_current/public_fresh_ai_year_candidates_public_fresh_full_rank226_250_ai25_live.csv,historical_attempt,2
228714,TEXAS A & M UNIVERSITY-GALVESTON,public,https://catalog.tamu.edu/archives/TAMU_Galveston_Catalog_03_04_Secured.pdf,2003,2003,historical_url_evidence_materialization,historical_lead_input_url,imported_llm_candidate_lead,False,_quarantine/policy_scraper_artifacts_20260702/artifacts/AUDIT_TRAILS/policy_data_internal_existing/90_INTERNAL_PIPELINE_ARTIFACTS/audits/legacy_benchmark_current/public_fresh_ai_year_candidates_public_fresh_full_rank226_250_ai25_live.csv,historical_attempt,2
228714,TEXAS A & M UNIVERSITY AT GALVESTON,public,https://catalog.tamu.edu/archives/TAMU_Galveston_Catalog_04_05_Secured.pdf,2004,2004,historical_url_evidence_materialization,historical_lead_input_url,imported_llm_candidate_lead,False,_quarantine/policy_scraper_artifacts_20260702/artifacts/AUDIT_TRAILS/policy_data_internal_existing/90_INTERNAL_PIPELINE_ARTIFACTS/audits/legacy_benchmark_current/public_fresh_ai_year_candidates_public_fresh_full_rank226_250_ai25_live.csv,historical_attempt,2
228714,Texas A & M University at Galveston,public,https://catalog.tamu.edu/archives/TAMU_Galveston_Catalog_05_06_Secured.pdf,2005,2005,historical_url_evidence_materialization,historical_lead_input_url,imported_llm_candidate_lead,False,_quarantine/policy_scraper_artifacts_20260702/artifacts/AUDIT_TRAILS/policy_data_internal_existing/90_INTERNAL_PIPELINE_ARTIFACTS/audits/legacy_benchmark_current/public_fresh_ai_year_candidates_public_fresh_full_rank226_250_ai25_live.csv,historical_attempt,2
228714,Texas A & M University at Galveston,public,https://catalog.tamu.edu/archives/TAMU_Galveston_Catalog_06_07_Secured.pdf,2006,2006,historical_url_evidence_materialization,historical_lead_input_url,imported_llm_candidate_lead,False,_quarantine/policy_scraper_artifacts_20260702/artifacts/AUDIT_TRAILS/policy_data_internal_existing/90_INTERNAL_PIPELINE_ARTIFACTS/audits/legacy_benchmark_current/public_fresh_ai_year_candidates_public_fresh_full_rank226_250_ai25_live.csv,historical_attempt,2
228778,THE UNIVERSITY OF TEXAS AT AUSTIN,public,https://registrar.utexas.edu/archived/schedules/summer2002/fr-contents.html,2002,2003,historical_url_evidence_materialization,historical_lead_input_url,imported_llm_candidate_lead,False,_quarantine/policy_scraper_artifacts_20260702/artifacts/OLD_OUTPUT_ARCHIVES/policy_data_rebuild_archive_20260622_054122/outputs/step3_live_rebuilt_ledger/step3_suggestion_candidate_ledger.csv,historical_attempt,2
228778,THE UNIVERSITY OF TEXAS AT AUSTIN,public,https://registrar.utexas.edu/archived/schedules/fall2003/fr-contents.html,2003,2004,historical_url_evidence_materialization,historical_lead_input_url,imported_llm_candidate_lead,False,_quarantine/policy_scraper_artifacts_20260702/artifacts/OLD_OUTPUT_ARCHIVES/policy_data_rebuild_archive_20260622_054122/outputs/step3_live_rebuilt_ledger/step3_suggestion_candidate_ledger.csv,historical_attempt,2
228778,THE UNIVERSITY OF TEXAS AT AUSTIN,public,https://utexas.box.com/20049CSpdf,2004,2005,historical_url_evidence_materialization,historical_lead_input_url,imported_llm_candidate_lead,False,_quarantine/policy_scraper_artifacts_20260702/artifacts/OLD_OUTPUT_ARCHIVES/policy_data_rebuild_archive_20260622_054122/outputs/step3_live_rebuilt_ledger/step3_suggestion_candidate_ledger.csv,historical_attempt,2
228778,The University of Texas at Austin,public,https://www.utrgv.edu/_files/documents/academics/legacy-catalogs/utpa%202005-2007%20graduate%20catalog.pdf,2005,2007,historical_url_evidence_materialization,historical_lead_input_url,imported_llm_candidate_lead,False,_quarantine/policy_scraper_artifacts_20260702/artifacts/OLD_OUTPUT_ARCHIVES/policy_data_rebuild_archive_20260622_054122/outputs/step1_initial_candidate_ledger/step1_suggestion_candidate_ledger.csv,historical_attempt,2
228778,The University of Texas at Austin,public,https://www.utrgv.edu/_files/documents/academics/legacy-catalogs/utpa%202005-2007%20graduate%20catalog.pdf,2005,2007,historical_url_evidence_materialization,historical_lead_input_url,imported_llm_candidate_lead,False,_quarantine/policy_scraper_artifacts_20260702/artifacts/OLD_OUTPUT_ARCHIVES/policy_data_rebuild_archive_20260622_054122/outputs/step1_initial_candidate_ledger/step1_suggestion_candidate_ledger.csv,historical_attempt,2
228778,The University of Texas at Austin,public,https://utexas.box.com/20079CSpdf,2007,2008,historical_url_evidence_materialization,historical_lead_input_url,imported_llm_candidate_lead,False,_quarantine/policy_scraper_artifacts_20260702/artifacts/OLD_OUTPUT_ARCHIVES/policy_data_rebuild_archive_20260622_054122/outputs/step3_live_rebuilt_ledger/step3_suggestion_candidate_ledger.csv,historical_attempt,2
228778,The University of Texas at Austin,public,https://registrar.utexas.edu/schedules/086,2008,2008,historical_url_evidence_materialization,historical_lead_input_url,imported_llm_candidate_lead,False,_quarantine/policy_scraper_artifacts_20260702/artifacts/OLD_OUTPUT_ARCHIVES/policy_data_rebuild_archive_20260622_054122/outputs/step3_live_rebuilt_ledger/step3_suggestion_candidate_ledger.csv,historical_attempt,2
228778,The University of Texas at Austin,public,https://registrar.utexas.edu/schedules/096,2009,2009,historical_url_evidence_materialization,historical_lead_input_url,imported_llm_candidate_lead,False,_quarantine/policy_scraper_artifacts_20260702/artifacts/OLD_OUTPUT_ARCHIVES/policy_data_rebuild_archive_20260622_054122/outputs/step3_live_rebuilt_ledger/step3_suggestion_candidate_ledger.csv,historical_attempt,2
228778,The University of Texas at Austin,public,https://www.utep.edu/catalogs/2010-2011/2010-2011-undergraduate.pdf,2010,2011,historical_url_evidence_materialization,historical_lead_input_url,imported_llm_candidate_lead,False,_quarantine/policy_scraper_artifacts_20260702/artifacts/OLD_OUTPUT_ARCHIVES/policy_data_rebuild_archive_20260622_054122/outputs/step3_live_rebuilt_ledger/step3_suggestion_candidate_ledger.csv,historical_attempt,2
228778,The University of Texas at Austin,public,https://registrar.utexas.edu/schedules/112,2011,2011,historical_url_evidence_materialization,historical_lead_input_url,imported_llm_candidate_lead,False,_quarantine/policy_scraper_artifacts_20260702/artifacts/OLD_OUTPUT_ARCHIVES/policy_data_rebuild_archive_20260622_054122/outputs/step3_live_rebuilt_ledger/step3_suggestion_candidate_ledger.csv,historical_attempt,2
228778,The University of Texas at Austin,public,https://catalog.utexas.edu/archive/2012-13/undergraduate/,2012,2013,historical_url_evidence_materialization,historical_lead_input_url,imported_llm_candidate_lead,False,_quarantine/policy_scraper_artifacts_20260702/artifacts/OLD_OUTPUT_ARCHIVES/policy_data_rebuild_archive_20260622_054122/outputs/step3_live_rebuilt_ledger/step3_suggestion_candidate_ledger.csv,historical_attempt,2
228778,The University of Texas at Austin,public,https://catalog.utexas.edu/archive/2012-13/undergraduate/,2012,2013,historical_url_evidence_materialization,historical_lead_input_url,imported_llm_candidate_lead,False,_quarantine/policy_scraper_artifacts_20260702/artifacts/OLD_OUTPUT_ARCHIVES/policy_data_rebuild_archive_20260622_054122/outputs/step3_live_rebuilt_ledger/step3_suggestion_candidate_ledger.csv,historical_attempt,2
228778,The University of Texas at Austin,public,https://catalog.utexas.edu/archive/2014-15/undergraduate/,2014,2015,historical_url_evidence_materialization,historical_lead_input_url,imported_llm_candidate_lead,False,_quarantine/policy_scraper_artifacts_20260702/artifacts/AUDIT_TRAILS/policy_data_internal_existing/90_INTERNAL_PIPELINE_ARTIFACTS/audits/legacy_benchmark_current/public_fresh_ai_year_candidates_public_fresh_full_rank226_250_ai25_live.csv,historical_attempt,2
228778,The University of Texas at Austin,public,https://catalog.utexas.edu/archive/2014-15/undergraduate/,2014,2015,historical_url_evidence_materialization,historical_lead_input_url,imported_llm_candidate_lead,False,_quarantine/policy_scraper_artifacts_20260702/artifacts/OLD_OUTPUT_ARCHIVES/policy_data_rebuild_archive_20260622_054122/outputs/step3_live_rebuilt_ledger/step3_suggestion_candidate_ledger.csv,historical_attempt,2
228778,The University of Texas at Austin,public,http://catalog.utexas.edu/archive/2016-17/undergraduate/,2016,2017,historical_url_evidence_materialization,historical_lead_input_url,imported_llm_candidate_lead,False,_quarantine/policy_scraper_artifacts_20260702/artifacts/AUDIT_TRAILS/policy_data_internal_existing/90_INTERNAL_PIPELINE_ARTIFACTS/audits/legacy_benchmark_current/public_fresh_ai_year_candidates_public_fresh_full_rank226_250_ai25_live.csv,historical_attempt,2
230834,CASTLETON STATE COLLEGE,public,https://s3.amazonaws.com/castleton/files/pages/catalog0304.pdf,2003,2003,historical_url_evidence_materialization,legacy_input_url,validated_human_legacy,True,_quarantine/policy_scraper_artifacts_20260702/artifacts/policy_data_internal/interim/legacy_evidence_links.csv,historical_attempt,0
230913,Johnson State College,public,http://catalog.northernvermont.edu/index.php?catoid=1,2005,2005,historical_url_evidence_materialization,historical_lead_input_url,imported_llm_candidate_lead,False,_quarantine/policy_scraper_artifacts_20260702/artifacts/OLD_OUTPUT_ARCHIVES/policy_data_rebuild_archive_20260622_054122/outputs/step3_live_rebuilt_ledger/step3_suggestion_candidate_ledger.csv,historical_attempt,2
230913,Johnson State College,public,http://catalog.northernvermont.edu/mime/media/31/381/JSC_2006-07_UG.pdf,2006,2007,historical_url_evidence_materialization,historical_lead_input_url,imported_llm_candidate_lead,False,_quarantine/policy_scraper_artifacts_20260702/artifacts/OLD_OUTPUT_ARCHIVES/policy_data_rebuild_archive_20260622_054122/outputs/step3_live_rebuilt_ledger/step3_suggestion_candidate_ledger.csv,historical_attempt,2
230913,Johnson State College,public,http://catalog.northernvermont.edu/mime/media/31/381/JSC_2007-08_UG.pdf,2007,2008,historical_url_evidence_materialization,historical_lead_input_url,imported_llm_candidate_lead,False,_quarantine/policy_scraper_artifacts_20260702/artifacts/OLD_OUTPUT_ARCHIVES/policy_data_rebuild_archive_20260622_054122/outputs/step3_live_rebuilt_ledger/step3_suggestion_candidate_ledger.csv,historical_attempt,2
230913,Johnson State College,public,http://catalog.northernvermont.edu/mime/media/31/381/JSC_2008-09_UG.pdf,2008,2009,historical_url_evidence_materialization,historical_lead_input_url,imported_llm_candidate_lead,False,_quarantine/policy_scraper_artifacts_20260702/artifacts/OLD_OUTPUT_ARCHIVES/policy_data_rebuild_archive_20260622_054122/outputs/step3_live_rebuilt_ledger/step3_suggestion_candidate_ledger.csv,historical_attempt,2
230913,Johnson State College,public,http://catalog.northernvermont.edu/mime/media/31/380/JSC_2009-10_UG.pdf,2009,2010,historical_url_evidence_materialization,historical_lead_input_url,imported_llm_candidate_lead,False,_quarantine/policy_scraper_artifacts_20260702/artifacts/OLD_OUTPUT_ARCHIVES/policy_data_rebuild_archive_20260622_054122/outputs/step3_live_rebuilt_ledger/step3_suggestion_candidate_ledger.csv,historical_attempt,2
232423,JAMES MADISON UNIVERSITY,public,https://web.archive.org/web/20020910124737/http://www.jmu.edu:80/catalog/01/artweb/INDEX.HTM,2002,2003,historical_url_evidence_materialization,historical_lead_input_url,imported_llm_candidate_lead,False,_quarantine/policy_scraper_artifacts_20260702/artifacts/OLD_OUTPUT_ARCHIVES/policy_data_rebuild_old/inputs/public_claude_coverage_grid.csv,historical_attempt,2
232423,James Madison University,public,https://web.archive.org/web/20051025124548/http://www.jmu.edu:80/catalog/,2005,2006,historical_url_evidence_materialization,historical_lead_input_url,imported_llm_candidate_lead,False,_quarantine/policy_scraper_artifacts_20260702/artifacts/OLD_OUTPUT_ARCHIVES/policy_data_rebuild_archive_20260622_054122/outputs/step4_source_review/step4_suggestion_source_review.csv,historical_attempt,2
232423,James Madison University,public,https://web.archive.org/web/20071001052634/http://www.jmu.edu:80/catalog/,2007,2008,historical_url_evidence_materialization,historical_lead_input_url,imported_llm_candidate_lead,False,_quarantine/policy_scraper_artifacts_20260702/artifacts/OLD_OUTPUT_ARCHIVES/policy_data_rebuild_archive_20260622_054122/outputs/step4_source_review/step4_suggestion_source_review.csv,historical_attempt,2
232423,James Madison University,public,https://www.jmu.edu/catalog/pdfs/2008-2009-jmu-undergraduate-catalog.pdf,2008,2009,historical_url_evidence_materialization,legacy_input_url,prior_programmatic,True,_quarantine/policy_scraper_artifacts_20260702/artifacts/PILOTS/url_discovery/audit_trails/transitional_url_discovery_production_chunk_001/benchmark_recovery.csv,historical_attempt,1
232423,James Madison University,public,https://www.jmu.edu/catalog/pdfs/2009-2010-jmu-undergraduate-catalog.pdf,2009,2010,historical_url_evidence_materialization,legacy_input_url,prior_programmatic,True,_quarantine/policy_scraper_artifacts_20260702/artifacts/PILOTS/url_discovery/audit_trails/transitional_url_discovery_production_chunk_001/benchmark_recovery.csv,historical_attempt,1
232423,James Madison University,public,https://www.jmu.edu/catalog/pdfs/2010-2011-jmu-undergraduate-catalog.pdf,2010,2011,historical_url_evidence_materialization,legacy_input_url,prior_programmatic,True,_quarantine/policy_scraper_artifacts_20260702/artifacts/PILOTS/url_discovery/audit_trails/transitional_url_discovery_production_chunk_001/benchmark_recovery.csv,historical_attempt,1
232423,James Madison University,public,https://www.jmu.edu/catalog/pdfs/2011-2012-jmu-undergraduate-catalog.pdf,2011,2012,historical_url_evidence_materialization,legacy_input_url,prior_programmatic,True,_quarantine/policy_scraper_artifacts_20260702/artifacts/PILOTS/url_discovery/audit_trails/transitional_url_discovery_production_chunk_001/benchmark_recovery.csv,historical_discovery,1
232423,James Madison University,public,https://www.jmu.edu/catalog/pdfs/2012-2013-jmu-undergraduate-catalog.pdf,2012,2013,historical_url_evidence_materialization,legacy_input_url,prior_programmatic,True,_quarantine/policy_scraper_artifacts_20260702/artifacts/PILOTS/url_discovery/audit_trails/transitional_url_discovery_production_chunk_001/benchmark_recovery.csv,historical_discovery,1
232423,James Madison University,public,https://www.jmu.edu/catalog/pdfs/2013-2014-jmu-undergraduate-catalog.pdf,2013,2014,historical_url_evidence_materialization,legacy_input_url,prior_programmatic,True,_quarantine/policy_scraper_artifacts_20260702/artifacts/PILOTS/url_discovery/audit_trails/transitional_url_discovery_production_chunk_001/benchmark_recovery.csv,historical_discovery,1
232423,James Madison University,public,https://www.jmu.edu/catalog/pdfs/2014-2015-jmu-undergraduate-catalog.pdf,2014,2015,historical_url_evidence_materialization,legacy_input_url,prior_programmatic,True,_quarantine/policy_scraper_artifacts_20260702/artifacts/PILOTS/url_discovery/audit_trails/transitional_url_discovery_production_chunk_001/benchmark_recovery.csv,historical_discovery,1
232423,James Madison University,public,https://www.jmu.edu/catalog/pdfs/2015-2016-jmu-undergraduate-catalog.pdf,2015,2016,historical_url_evidence_materialization,legacy_input_url,prior_programmatic,True,_quarantine/policy_scraper_artifacts_20260702/artifacts/PILOTS/url_discovery/audit_trails/transitional_url_discovery_production_chunk_001/benchmark_recovery.csv,historical_discovery,1
232423,James Madison University,public,https://www.jmu.edu/catalog/pdfs/2016-2017-jmu-undergraduate-catalog.pdf,2016,2017,historical_url_evidence_materialization,legacy_input_url,prior_programmatic,True,_quarantine/policy_scraper_artifacts_20260702/artifacts/PILOTS/url_discovery/audit_trails/transitional_url_discovery_production_chunk_001/benchmark_recovery.csv,historical_discovery,1
232681,University of Mary Washington,public,https://cso.collegesource.com/viewer/CSO_catalinkviewer.aspx?iid=26244&pguid={36F4F4DC-A953-476A-AD37-475EABD96006},2012,2012,historical_url_evidence_materialization,legacy_input_url,validated_human_legacy,True,_quarantine/policy_scraper_artifacts_20260702/artifacts/policy_data_internal/interim/legacy_evidence_links.csv,historical_attempt,0
233921,VIRGINIA POLYTECHNIC INSTITUTE AND STATE UNIV,public,https://www.undergradcatalog.registrar.vt.edu/0405/index.html,2004,2004,historical_url_evidence_materialization,historical_lead_input_url,imported_llm_candidate_lead,False,_quarantine/policy_scraper_artifacts_20260702/artifacts/AUDIT_TRAILS/policy_data_internal_existing/90_INTERNAL_PIPELINE_ARTIFACTS/audits/legacy_benchmark_current/public_fresh_ai_year_candidates_public_fresh_full_rank251_275_ai25_live.csv,historical_attempt,2
233921,Virginia Polytechnic Institute and State University,public,https://www.undergradcatalog.registrar.vt.edu/0506/index.html,2005,2005,historical_url_evidence_materialization,historical_lead_input_url,imported_llm_candidate_lead,False,_quarantine/policy_scraper_artifacts_20260702/artifacts/AUDIT_TRAILS/policy_data_internal_existing/90_INTERNAL_PIPELINE_ARTIFACTS/audits/legacy_benchmark_current/public_fresh_ai_year_candidates_public_fresh_full_rank251_275_ai25_live.csv,historical_attempt,2
233921,Virginia Polytechnic Institute and State University,public,https://www.undergradcatalog.registrar.vt.edu/0607/index.html,2006,2006,historical_url_evidence_materialization,historical_lead_input_url,imported_llm_candidate_lead,False,_quarantine/policy_scraper_artifacts_20260702/artifacts/AUDIT_TRAILS/policy_data_internal_existing/90_INTERNAL_PIPELINE_ARTIFACTS/audits/legacy_benchmark_current/public_fresh_ai_year_candidates_public_fresh_full_rank251_275_ai25_live.csv,historical_attempt,2
233921,Virginia Polytechnic Institute and State University,public,https://www.undergradcatalog.registrar.vt.edu/0708/index.html,2007,2007,historical_url_evidence_materialization,historical_lead_input_url,imported_llm_candidate_lead,False,_quarantine/policy_scraper_artifacts_20260702/artifacts/AUDIT_TRAILS/policy_data_internal_existing/90_INTERNAL_PIPELINE_ARTIFACTS/audits/legacy_benchmark_current/public_fresh_ai_year_candidates_public_fresh_full_rank251_275_ai25_live.csv,historical_attempt,2
233921,Virginia Polytechnic Institute and State University,public,https://www.undergradcatalog.registrar.vt.edu/0809/index.html,2008,2008,historical_url_evidence_materialization,historical_lead_input_url,imported_llm_candidate_lead,False,_quarantine/policy_scraper_artifacts_20260702/artifacts/AUDIT_TRAILS/policy_data_internal_existing/90_INTERNAL_PIPELINE_ARTIFACTS/audits/legacy_benchmark_current/public_fresh_ai_year_candidates_public_fresh_full_rank251_275_ai25_live.csv,historical_attempt,2
233921,Virginia Polytechnic Institute and State University,public,https://www.undergradcatalog.registrar.vt.edu/0910/index.html,2009,2009,historical_url_evidence_materialization,historical_lead_input_url,imported_llm_candidate_lead,False,_quarantine/policy_scraper_artifacts_20260702/artifacts/AUDIT_TRAILS/policy_data_internal_existing/90_INTERNAL_PIPELINE_ARTIFACTS/audits/legacy_benchmark_current/public_fresh_ai_year_candidates_public_fresh_full_rank251_275_ai25_live.csv,historical_attempt,2
233921,Virginia Polytechnic Institute and State University,public,https://www.undergradcatalog.registrar.vt.edu/1011/index.html,2010,2010,historical_url_evidence_materialization,historical_lead_input_url,imported_llm_candidate_lead,False,_quarantine/policy_scraper_artifacts_20260702/artifacts/AUDIT_TRAILS/policy_data_internal_existing/90_INTERNAL_PIPELINE_ARTIFACTS/audits/legacy_benchmark_current/public_fresh_ai_year_candidates_public_fresh_full_rank251_275_ai25_live.csv,historical_attempt,2
233921,Virginia Polytechnic Institute and State University,public,https://www.undergradcatalog.registrar.vt.edu/1112/index.html,2011,2011,historical_url_evidence_materialization,historical_lead_input_url,imported_llm_candidate_lead,False,_quarantine/policy_scraper_artifacts_20260702/artifacts/AUDIT_TRAILS/policy_data_internal_existing/90_INTERNAL_PIPELINE_ARTIFACTS/audits/legacy_benchmark_current/public_fresh_ai_year_candidates_public_fresh_full_rank251_275_ai25_live.csv,historical_attempt,2
233921,Virginia Polytechnic Institute and State University,public,https://www.undergradcatalog.registrar.vt.edu/1213/index.html,2012,2012,historical_url_evidence_materialization,historical_lead_input_url,imported_llm_candidate_lead,False,_quarantine/policy_scraper_artifacts_20260702/artifacts/AUDIT_TRAILS/policy_data_internal_existing/90_INTERNAL_PIPELINE_ARTIFACTS/audits/legacy_benchmark_current/public_fresh_ai_year_candidates_public_fresh_full_rank251_275_ai25_live.csv,historical_attempt,2
233921,Virginia Polytechnic Institute and State University,public,https://www.undergradcatalog.registrar.vt.edu/1314/index.html,2013,2013,historical_url_evidence_materialization,historical_lead_input_url,imported_llm_candidate_lead,False,_quarantine/policy_scraper_artifacts_20260702/artifacts/AUDIT_TRAILS/policy_data_internal_existing/90_INTERNAL_PIPELINE_ARTIFACTS/audits/legacy_benchmark_current/public_fresh_ai_year_candidates_public_fresh_full_rank251_275_ai25_live.csv,historical_attempt,2
233921,Virginia Polytechnic Institute and State University,public,https://www.undergradcatalog.registrar.vt.edu/1415/index.html,2014,2014,historical_url_evidence_materialization,historical_lead_input_url,imported_llm_candidate_lead,False,_quarantine/policy_scraper_artifacts_20260702/artifacts/AUDIT_TRAILS/policy_data_internal_existing/90_INTERNAL_PIPELINE_ARTIFACTS/audits/legacy_benchmark_current/public_fresh_ai_year_candidates_public_fresh_full_rank251_275_ai25_live.csv,historical_attempt,2
233921,Virginia Polytechnic Institute and State University,public,https://www.undergradcatalog.registrar.vt.edu/1516/index.html,2015,2015,historical_url_evidence_materialization,historical_lead_input_url,imported_llm_candidate_lead,False,_quarantine/policy_scraper_artifacts_20260702/artifacts/AUDIT_TRAILS/policy_data_internal_existing/90_INTERNAL_PIPELINE_ARTIFACTS/audits/legacy_benchmark_current/public_fresh_ai_year_candidates_public_fresh_full_rank251_275_ai25_live.csv,historical_attempt,2
233921,Virginia Polytechnic Institute and State University,public,https://www.undergradcatalog.registrar.vt.edu/1617/index.html,2016,2016,historical_url_evidence_materialization,historical_lead_input_url,imported_llm_candidate_lead,False,_quarantine/policy_scraper_artifacts_20260702/artifacts/AUDIT_TRAILS/policy_data_internal_existing/90_INTERNAL_PIPELINE_ARTIFACTS/audits/legacy_benchmark_current/public_fresh_ai_year_candidates_public_fresh_full_rank251_275_ai25_live.csv,historical_attempt,2
234085,Virginia Military Institute,public,https://www.vmi.edu/media/content-assets/documents/registrar/VMI-Catalogue-2005-2006.pdf,2005,2006,historical_url_evidence_materialization,historical_lead_input_url,imported_llm_candidate_lead,False,_quarantine/policy_scraper_artifacts_20260702/artifacts/OLD_OUTPUT_ARCHIVES/policy_data_rebuild_archive_20260622_054122/outputs/step3_live_rebuilt_ledger/step3_suggestion_candidate_ledger.csv,historical_attempt,2
234085,Virginia Military Institute,public,https://www.vmi.edu/media/content-assets/documents/registrar/VMI-Catalogue-2006-2007.pdf,2006,2007,historical_url_evidence_materialization,historical_lead_input_url,imported_llm_candidate_lead,False,_quarantine/policy_scraper_artifacts_20260702/artifacts/OLD_OUTPUT_ARCHIVES/policy_data_rebuild_archive_20260622_054122/outputs/step3_live_rebuilt_ledger/step3_suggestion_candidate_ledger.csv,historical_attempt,2
234085,Virginia Military Institute,public,https://www.vmi.edu/media/content-assets/documents/registrar/VMI-Catalogue-2007-2008.pdf,2007,2008,historical_url_evidence_materialization,historical_lead_input_url,imported_llm_candidate_lead,False,_quarantine/policy_scraper_artifacts_20260702/artifacts/OLD_OUTPUT_ARCHIVES/policy_data_rebuild_archive_20260622_054122/outputs/step3_live_rebuilt_ledger/step3_suggestion_candidate_ledger.csv,historical_attempt,2
234085,Virginia Military Institute,public,https://www.vmi.edu/media/content-assets/documents/registrar/VMI-Catalogue-2008-2009.pdf,2008,2009,historical_url_evidence_materialization,historical_lead_input_url,imported_llm_candidate_lead,False,_quarantine/policy_scraper_artifacts_20260702/artifacts/OLD_OUTPUT_ARCHIVES/policy_data_rebuild_archive_20260622_054122/outputs/step3_live_rebuilt_ledger/step3_suggestion_candidate_ledger.csv,historical_attempt,2
234085,Virginia Military Institute,public,https://www.vmi.edu/media/content-assets/documents/registrar/VMI-Catalogue-2009-2010.pdf,2009,2010,historical_url_evidence_materialization,historical_lead_input_url,imported_llm_candidate_lead,False,_quarantine/policy_scraper_artifacts_20260702/artifacts/OLD_OUTPUT_ARCHIVES/policy_data_rebuild_archive_20260622_054122/outputs/step3_live_rebuilt_ledger/step3_suggestion_candidate_ledger.csv,historical_attempt,2
234085,Virginia Military Institute,public,https://www.vmi.edu/media/content-assets/documents/registrar/VMI-Catalogue-2010-2011.pdf,2010,2011,historical_url_evidence_materialization,historical_lead_input_url,imported_llm_candidate_lead,False,_quarantine/policy_scraper_artifacts_20260702/artifacts/OLD_OUTPUT_ARCHIVES/policy_data_rebuild_archive_20260622_054122/outputs/step3_live_rebuilt_ledger/step3_suggestion_candidate_ledger.csv,historical_attempt,2
234085,Virginia Military Institute,public,https://www.vmi.edu/media/content-assets/documents/registrar/VMI-Catalogue-2011-2012.pdf,2011,2012,historical_url_evidence_materialization,historical_lead_input_url,imported_llm_candidate_lead,False,_quarantine/policy_scraper_artifacts_20260702/artifacts/OLD_OUTPUT_ARCHIVES/policy_data_rebuild_archive_20260622_054122/outputs/step3_live_rebuilt_ledger/step3_suggestion_candidate_ledger.csv,historical_attempt,2
234827,CENTRAL WASHINGTON UNIVERSITY,public,https://digitalcommons.cwu.edu/cgi/viewcontent.cgi?article=1269&context=catalogs,2002,2002,historical_url_evidence_materialization,legacy_input_url,prior_programmatic,True,_quarantine/policy_scraper_artifacts_20260702/artifacts/PILOTS/url_discovery/audit_trails/url_discovery_pilot_batch_007_dev_002/source_review_log.csv,historical_discovery,1
234827,CENTRAL WASHINGTON UNIVERSITY,public,https://digitalcommons.cwu.edu/cgi/viewcontent.cgi?article=1271&context=catalogs,2003,2003,historical_url_evidence_materialization,legacy_input_url,prior_programmatic,True,_quarantine/policy_scraper_artifacts_20260702/artifacts/PILOTS/url_discovery/audit_trails/url_discovery_pilot_batch_007_dev_002/source_review_log.csv,historical_discovery,1
234827,CENTRAL WASHINGTON UNIVERSITY,public,https://digitalcommons.cwu.edu/cgi/viewcontent.cgi?article=1274&context=catalogs,2004,2004,historical_url_evidence_materialization,legacy_input_url,prior_programmatic,True,_quarantine/policy_scraper_artifacts_20260702/artifacts/PILOTS/url_discovery/audit_trails/url_discovery_pilot_batch_007_dev_002/source_review_log.csv,historical_discovery,1
234827,Central Washington University,public,https://digitalcommons.cwu.edu/cgi/viewcontent.cgi?article=1275&context=catalogs,2005,2005,historical_url_evidence_materialization,legacy_input_url,prior_programmatic,True,_quarantine/policy_scraper_artifacts_20260702/artifacts/PILOTS/url_discovery/audit_trails/url_discovery_pilot_batch_007_dev_002/source_review_log.csv,historical_discovery,1
234827,Central Washington University,public,https://catalog.acalog.cwu.edu/content.php?catoid=6&navoid=148#repe_of_cour,2006,2006,historical_url_evidence_materialization,legacy_input_url,validated_human_legacy,True,_quarantine/policy_scraper_artifacts_20260702/artifacts/policy_data_internal/interim/legacy_evidence_links.csv,historical_attempt,0
234827,Central Washington University,public,https://digitalcommons.cwu.edu/cgi/viewcontent.cgi?article=1278&context=catalogs,2007,2007,historical_url_evidence_materialization,legacy_input_url,prior_programmatic,True,_quarantine/policy_scraper_artifacts_20260702/artifacts/PILOTS/url_discovery/audit_trails/url_discovery_pilot_batch_007_dev_002/source_review_log.csv,historical_discovery,1
234827,Central Washington University,public,https://digitalcommons.cwu.edu/cgi/viewcontent.cgi?article=1280&context=catalogs,2008,2008,historical_url_evidence_materialization,legacy_input_url,prior_programmatic,True,_quarantine/policy_scraper_artifacts_20260702/artifacts/PILOTS/url_discovery/audit_trails/url_discovery_pilot_batch_007_dev_002/source_review_log.csv,historical_discovery,1
234827,Central Washington University,public,https://digitalcommons.cwu.edu/cgi/viewcontent.cgi?article=1167&context=catalogs,2009,2009,historical_url_evidence_materialization,legacy_input_url,prior_programmatic,True,_quarantine/policy_scraper_artifacts_20260702/artifacts/PILOTS/url_discovery/audit_trails/url_discovery_pilot_batch_007_dev_002/source_review_log.csv,historical_discovery,1
234827,Central Washington University,public,https://digitalcommons.cwu.edu/cgi/viewcontent.cgi?article=1168&context=catalogs,2010,2010,historical_url_evidence_materialization,legacy_input_url,prior_programmatic,True,_quarantine/policy_scraper_artifacts_20260702/artifacts/PILOTS/url_discovery/audit_trails/url_discovery_pilot_batch_007_dev_002/source_review_log.csv,historical_discovery,1
234827,Central Washington University,public,https://digitalcommons.cwu.edu/cgi/viewcontent.cgi?article=1169&context=catalogs,2011,2011,historical_url_evidence_materialization,legacy_input_url,prior_programmatic,True,_quarantine/policy_scraper_artifacts_20260702/artifacts/PILOTS/url_discovery/audit_trails/url_discovery_pilot_batch_007_dev_002/source_review_log.csv,historical_discovery,1
234827,Central Washington University,public,https://digitalcommons.cwu.edu/cgi/viewcontent.cgi?article=1170&context=catalogs,2012,2012,historical_url_evidence_materialization,legacy_input_url,prior_programmatic,True,_quarantine/policy_scraper_artifacts_20260702/artifacts/PILOTS/url_discovery/audit_trails/url_discovery_pilot_batch_007_dev_002/source_review_log.csv,historical_discovery,1
234827,Central Washington University,public,https://digitalcommons.cwu.edu/catalogs/172/,2013,2013,historical_url_evidence_materialization,legacy_input_url,prior_programmatic,True,_quarantine/policy_scraper_artifacts_20260702/artifacts/PILOTS/url_discovery/audit_trails/url_discovery_pilot_batch_007_dev_002/source_review_log.csv,historical_discovery,1
234827,Central Washington University,public,https://digitalcommons.cwu.edu/catalogs/175/,2014,2014,historical_url_evidence_materialization,legacy_input_url,prior_programmatic,True,_quarantine/policy_scraper_artifacts_20260702/artifacts/PILOTS/url_discovery/audit_trails/url_discovery_pilot_batch_007_dev_002/source_review_log.csv,historical_discovery,1
234827,Central Washington University,public,https://digitalcommons.cwu.edu/catalogs/287/,2015,2015,historical_url_evidence_materialization,legacy_input_url,prior_programmatic,True,_quarantine/policy_scraper_artifacts_20260702/artifacts/PILOTS/url_discovery/audit_trails/url_discovery_pilot_batch_007_dev_002/source_review_log.csv,historical_discovery,1
234827,Central Washington University,public,https://digitalcommons.cwu.edu/catalogs/177/,2016,2016,historical_url_evidence_materialization,legacy_input_url,prior_programmatic,True,_quarantine/policy_scraper_artifacts_20260702/artifacts/PILOTS/url_discovery/audit_trails/url_discovery_pilot_batch_007_dev_002/source_review_log.csv,historical_discovery,1
235167,EVERGREEN STATE COLLEGE,public,https://web.archive.org/web/20020604074456/http://www.evergreen.edu:80/catalog/,2002,2003,historical_url_evidence_materialization,historical_lead_input_url,imported_llm_candidate_lead,False,_quarantine/policy_scraper_artifacts_20260702/artifacts/OLD_OUTPUT_ARCHIVES/policy_data_rebuild_archive_20260622_054122/outputs/step4_source_review/step4_suggestion_source_review.csv,historical_attempt,2
235167,EVERGREEN STATE COLLEGE,public,https://web.archive.org/web/20021101022450/http://www.evergreen.edu:80/catalog/2003-04/home.htm,2003,2004,historical_url_evidence_materialization,historical_lead_input_url,imported_llm_candidate_lead,False,_quarantine/policy_scraper_artifacts_20260702/artifacts/OLD_OUTPUT_ARCHIVES/policy_data_rebuild_archive_20260622_054122/outputs/step4_source_review/step4_suggestion_source_review.csv,historical_attempt,2
235167,EVERGREEN STATE COLLEGE,public,https://web.archive.org/web/20080907083002/http://www.evergreen.edu/catalog/2004-05/,2004,2005,historical_url_evidence_materialization,historical_lead_input_url,imported_llm_candidate_lead,False,_quarantine/policy_scraper_artifacts_20260702/artifacts/OLD_OUTPUT_ARCHIVES/policy_data_rebuild_archive_20260622_054122/outputs/step4_source_review/step4_suggestion_source_review.csv,historical_attempt,2
235167,The Evergreen State College,public,https://web.archive.org/web/20080907083002/http://www.evergreen.edu/catalog/2005-06/,2005,2006,historical_url_evidence_materialization,historical_lead_input_url,imported_llm_candidate_lead,False,_quarantine/policy_scraper_artifacts_20260702/artifacts/OLD_OUTPUT_ARCHIVES/policy_data_rebuild_archive_20260622_054122/outputs/step4_source_review/step4_suggestion_source_review.csv,historical_attempt,2
235167,The Evergreen State College,public,https://web.archive.org/web/20080907083002/http://www.evergreen.edu/catalog/2005-06/,2005,2006,historical_url_evidence_materialization,historical_lead_input_url,imported_llm_candidate_lead,False,_quarantine/policy_scraper_artifacts_20260702/artifacts/OLD_OUTPUT_ARCHIVES/policy_data_rebuild_archive_20260622_054122/outputs/step4_source_review/step4_suggestion_source_review.csv,historical_attempt,2
235167,The Evergreen State College,public,https://archives.evergreen.edu/catalogs/print-catalogs/Catalog07-08.pdf,2007,2007,historical_url_evidence_materialization,historical_lead_input_url,imported_llm_candidate_lead,False,_quarantine/policy_scraper_artifacts_20260702/artifacts/AUDIT_TRAILS/policy_data_internal_existing/90_INTERNAL_PIPELINE_ARTIFACTS/audits/legacy_benchmark_current/public_fresh_ai_year_candidates_public_fresh_full_rank251_275_ai25_live.csv,historical_attempt,2
235167,The Evergreen State College,public,https://web.archive.org/web/20080916134648/http://www.evergreen.edu:80/catalog/,2008,2009,historical_url_evidence_materialization,historical_lead_input_url,imported_llm_candidate_lead,False,_quarantine/policy_scraper_artifacts_20260702/artifacts/OLD_OUTPUT_ARCHIVES/policy_data_rebuild_archive_20260622_054122/outputs/step4_source_review/step4_suggestion_source_review.csv,historical_attempt,2
235167,The Evergreen State College,public,https://archives.evergreen.edu/catalogs/print-catalogs/Catalog09-10.pdf,2009,2009,historical_url_evidence_materialization,historical_lead_input_url,imported_llm_candidate_lead,False,_quarantine/policy_scraper_artifacts_20260702/artifacts/AUDIT_TRAILS/policy_data_internal_existing/90_INTERNAL_PIPELINE_ARTIFACTS/audits/legacy_benchmark_current/public_fresh_ai_year_candidates_public_fresh_full_rank251_275_ai25_live.csv,historical_attempt,2
235167,The Evergreen State College,public,https://web.archive.org/web/20100921131024/http://evergreen.edu/catalog/,2010,2011,historical_url_evidence_materialization,historical_lead_input_url,imported_llm_candidate_lead,False,_quarantine/policy_scraper_artifacts_20260702/artifacts/OLD_OUTPUT_ARCHIVES/policy_data_rebuild_archive_20260622_054122/outputs/step4_source_review/step4_suggestion_source_review.csv,historical_attempt,2
235167,The Evergreen State College,public,https://web.archive.org/web/20111006184258/http://www.evergreen.edu:80/catalog/,2011,2012,historical_url_evidence_materialization,historical_lead_input_url,imported_llm_candidate_lead,False,_quarantine/policy_scraper_artifacts_20260702/artifacts/OLD_OUTPUT_ARCHIVES/policy_data_rebuild_archive_20260622_054122/outputs/step4_source_review/step4_suggestion_source_review.csv,historical_attempt,2
235167,The Evergreen State College,public,https://archives.evergreen.edu/catalogs/print-catalogs/Catalog16-17.pdf,2016,2016,historical_url_evidence_materialization,historical_lead_input_url,imported_llm_candidate_lead,False,_quarantine/policy_scraper_artifacts_20260702/artifacts/AUDIT_TRAILS/policy_data_internal_existing/90_INTERNAL_PIPELINE_ARTIFACTS/audits/legacy_benchmark_current/public_fresh_ai_year_candidates_public_fresh_full_rank251_275_ai25_live.csv,historical_attempt,2
236133,NORTHWEST COLLEGE OF THE ASSEMBLIES OF GOD,private,https://archives.northwestu.edu/handle/nu/1582,2004,2004,historical_url_evidence_materialization,legacy_input_url,validated_human_legacy,True,_quarantine/policy_scraper_artifacts_20260702/artifacts/policy_data_internal/interim/legacy_evidence_links.csv,historical_attempt,0
236133,Northwest University,private,https://archives.northwestu.edu/handle/nu/1583,2005,2005,historical_url_evidence_materialization,legacy_input_url,validated_human_legacy,True,_quarantine/policy_scraper_artifacts_20260702/artifacts/policy_data_internal/interim/legacy_evidence_links.csv,historical_attempt,0
236133,Northwest University,private,https://archives.northwestu.edu/handle/nu/1584,2006,2006,historical_url_evidence_materialization,legacy_input_url,validated_human_legacy,True,_quarantine/policy_scraper_artifacts_20260702/artifacts/policy_data_internal/interim/legacy_evidence_links.csv,historical_attempt,0
236133,Northwest University,private,https://archives.northwestu.edu/handle/nu/1585,2007,2007,historical_url_evidence_materialization,legacy_input_url,validated_human_legacy,True,_quarantine/policy_scraper_artifacts_20260702/artifacts/policy_data_internal/interim/legacy_evidence_links.csv,historical_attempt,0
236133,Northwest University,private,https://archives.northwestu.edu/handle/nu/1586,2008,2008,historical_url_evidence_materialization,legacy_input_url,validated_human_legacy,True,_quarantine/policy_scraper_artifacts_20260702/artifacts/policy_data_internal/interim/legacy_evidence_links.csv,historical_attempt,0
236133,Northwest University,private,https://archives.northwestu.edu/handle/nu/1587,2009,2009,historical_url_evidence_materialization,legacy_input_url,validated_human_legacy,True,_quarantine/policy_scraper_artifacts_20260702/artifacts/policy_data_internal/interim/legacy_evidence_links.csv,historical_attempt,0
236133,Northwest University,private,https://archives.northwestu.edu/handle/nu/1588,2010,2010,historical_url_evidence_materialization,legacy_input_url,validated_human_legacy,True,_quarantine/policy_scraper_artifacts_20260702/artifacts/policy_data_internal/interim/legacy_evidence_links.csv,historical_attempt,0
236133,Northwest University,private,https://archives.northwestu.edu/handle/nu/1589,2011,2011,historical_url_evidence_materialization,legacy_input_url,validated_human_legacy,True,_quarantine/policy_scraper_artifacts_20260702/artifacts/policy_data_internal/interim/legacy_evidence_links.csv,historical_attempt,0
236133,Northwest University,private,https://archives.northwestu.edu/handle/nu/1590,2012,2012,historical_url_evidence_materialization,legacy_input_url,validated_human_legacy,True,_quarantine/policy_scraper_artifacts_20260702/artifacts/policy_data_internal/interim/legacy_evidence_links.csv,historical_attempt,0
236133,Northwest University,private,https://archives.northwestu.edu/handle/nu/1591,2013,2013,historical_url_evidence_materialization,legacy_input_url,validated_human_legacy,True,_quarantine/policy_scraper_artifacts_20260702/artifacts/policy_data_internal/interim/legacy_evidence_links.csv,historical_attempt,0
236133,Northwest University,private,https://archives.northwestu.edu/handle/nu/1592,2014,2014,historical_url_evidence_materialization,legacy_input_url,validated_human_legacy,True,_quarantine/policy_scraper_artifacts_20260702/artifacts/policy_data_internal/interim/legacy_evidence_links.csv,historical_attempt,0
236133,Northwest University,private,https://archives.northwestu.edu/handle/nu/1593,2015,2015,historical_url_evidence_materialization,legacy_input_url,validated_human_legacy,True,_quarantine/policy_scraper_artifacts_20260702/artifacts/policy_data_internal/interim/legacy_evidence_links.csv,historical_attempt,0
236133,Northwest University,private,https://archives.northwestu.edu/handle/nu/1594,2016,2016,historical_url_evidence_materialization,legacy_input_url,validated_human_legacy,True,_quarantine/policy_scraper_artifacts_20260702/artifacts/policy_data_internal/interim/legacy_evidence_links.csv,historical_attempt,0
236948,UNIVERSITY OF WASHINGTON-SEATTLE CAMPUS,public,https://www.washington.edu/students/gencat/archive/GenCat2002-04v1_UG.pdf,2002,2004,historical_url_evidence_materialization,historical_lead_input_url,imported_llm_candidate_lead,False,_quarantine/policy_scraper_artifacts_20260702/artifacts/OLD_OUTPUT_ARCHIVES/policy_data_rebuild_archive_20260622_054122/outputs/step3_live_rebuilt_ledger/step3_suggestion_candidate_ledger.csv,historical_attempt,2
236948,UNIVERSITY OF WASHINGTON-SEATTLE CAMPUS,public,https://web.archive.org/web/20110401005326/http://www.washington.edu/students/gencat/archive/GenCat2004-06v1.pdf,2004,2006,historical_url_evidence_materialization,historical_lead_input_url,imported_llm_candidate_lead,False,_quarantine/policy_scraper_artifacts_20260702/artifacts/OLD_OUTPUT_ARCHIVES/policy_data_rebuild_old/inputs/public_claude_coverage_grid.csv,historical_attempt,2
236948,University of Washington-Seattle Campus,public,https://web.archive.org/web/20110401005326/http://www.washington.edu/students/gencat/archive/GenCat2004-06v1.pdf,2004,2006,historical_url_evidence_materialization,historical_lead_input_url,imported_llm_candidate_lead,False,_quarantine/policy_scraper_artifacts_20260702/artifacts/OLD_OUTPUT_ARCHIVES/policy_data_rebuild_old/inputs/public_claude_coverage_grid.csv,historical_attempt,2
236948,University of Washington-Seattle Campus,public,https://web.archive.org/web/20110401005408/http://www.washington.edu/students/gencat/archive/GenCat2006-08v1.pdf,2006,2008,historical_url_evidence_materialization,historical_lead_input_url,imported_llm_candidate_lead,False,_quarantine/policy_scraper_artifacts_20260702/artifacts/OLD_OUTPUT_ARCHIVES/policy_data_rebuild_old/inputs/public_claude_coverage_grid.csv,historical_attempt,2
236948,University of Washington-Seattle Campus,public,https://web.archive.org/web/20110401005408/http://www.washington.edu/students/gencat/archive/GenCat2006-08v1.pdf,2006,2008,historical_url_evidence_materialization,historical_lead_input_url,imported_llm_candidate_lead,False,_quarantine/policy_scraper_artifacts_20260702/artifacts/OLD_OUTPUT_ARCHIVES/policy_data_rebuild_old/inputs/public_claude_coverage_grid.csv,historical_attempt,2
236948,University of Washington-Seattle Campus,public,https://web.archive.org/web/20100922234729/http://www.washington.edu:80/students/gencat/archive/GenCat2008-10v1.pdf,2008,2010,historical_url_evidence_materialization,historical_lead_input_url,imported_llm_candidate_lead,False,_quarantine/policy_scraper_artifacts_20260702/artifacts/OLD_OUTPUT_ARCHIVES/policy_data_rebuild_old/inputs/public_claude_coverage_grid.csv,historical_attempt,2
236948,University of Washington-Seattle Campus,public,https://web.archive.org/web/20100922234729/http://www.washington.edu:80/students/gencat/archive/GenCat2008-10v1.pdf,2008,2010,historical_url_evidence_materialization,historical_lead_input_url,imported_llm_candidate_lead,False,_quarantine/policy_scraper_artifacts_20260702/artifacts/OLD_OUTPUT_ARCHIVES/policy_data_rebuild_old/inputs/public_claude_coverage_grid.csv,historical_attempt,2
236948,University of Washington-Seattle Campus,public,https://web.archive.org/web/20111218172637/http://www.washington.edu/students/gencat/archive/GenCat2010-12v1.pdf,2010,2012,historical_url_evidence_materialization,historical_lead_input_url,imported_llm_candidate_lead,False,_quarantine/policy_scraper_artifacts_20260702/artifacts/OLD_OUTPUT_ARCHIVES/policy_data_rebuild_old/inputs/public_claude_coverage_grid.csv,historical_attempt,2
236948,University of Washington-Seattle Campus,public,https://web.archive.org/web/20111218172637/http://www.washington.edu/students/gencat/archive/GenCat2010-12v1.pdf,2010,2012,historical_url_evidence_materialization,historical_lead_input_url,imported_llm_candidate_lead,False,_quarantine/policy_scraper_artifacts_20260702/artifacts/OLD_OUTPUT_ARCHIVES/policy_data_rebuild_old/inputs/public_claude_coverage_grid.csv,historical_attempt,2
237011,WESTERN WASHINGTON UNIVERSITY,public,https://catalog.wwu.edu/mime/media/5/763/2001-2003catalog.pdf,2001,2003,historical_url_evidence_materialization,historical_lead_input_url,imported_llm_candidate_lead,False,_quarantine/policy_scraper_artifacts_20260702/artifacts/OLD_OUTPUT_ARCHIVES/policy_data_rebuild_archive_20260622_054122/outputs/step3_live_rebuilt_ledger/step3_suggestion_candidate_ledger.csv,historical_attempt,2
237011,WESTERN WASHINGTON UNIVERSITY,public,https://catalog.wwu.edu/mime/media/5/763/2002-04catalog.pdf,2002,2004,historical_url_evidence_materialization,historical_lead_input_url,imported_llm_candidate_lead,False,_quarantine/policy_scraper_artifacts_20260702/artifacts/OLD_OUTPUT_ARCHIVES/policy_data_rebuild_archive_20260622_054122/outputs/step3_live_rebuilt_ledger/step3_suggestion_candidate_ledger.csv,historical_attempt,2
237011,WESTERN WASHINGTON UNIVERSITY,public,https://catalog.wwu.edu/mime/media/5/763/2003-2005catalog.pdf,2003,2005,historical_url_evidence_materialization,historical_lead_input_url,imported_llm_candidate_lead,False,_quarantine/policy_scraper_artifacts_20260702/artifacts/OLD_OUTPUT_ARCHIVES/policy_data_rebuild_archive_20260622_054122/outputs/step3_live_rebuilt_ledger/step3_suggestion_candidate_ledger.csv,historical_attempt,2
237011,Western Washington University,public,https://catalog.wwu.edu/mime/media/5/763/2004-2006catalog.pdf,2004,2006,historical_url_evidence_materialization,historical_lead_input_url,imported_llm_candidate_lead,False,_quarantine/policy_scraper_artifacts_20260702/artifacts/OLD_OUTPUT_ARCHIVES/policy_data_rebuild_archive_20260622_054122/outputs/step3_live_rebuilt_ledger/step3_suggestion_candidate_ledger.csv,historical_attempt,2
237011,Western Washington University,public,https://catalog.wwu.edu/mime/media/5/763/2005-2007catalog.pdf,2005,2007,historical_url_evidence_materialization,historical_lead_input_url,imported_llm_candidate_lead,False,_quarantine/policy_scraper_artifacts_20260702/artifacts/OLD_OUTPUT_ARCHIVES/policy_data_rebuild_archive_20260622_054122/outputs/step3_live_rebuilt_ledger/step3_suggestion_candidate_ledger.csv,historical_attempt,2
237011,Western Washington University,public,https://catalog.wwu.edu/mime/media/5/763/2006-2008catalog.pdf,2006,2008,historical_url_evidence_materialization,historical_lead_input_url,imported_llm_candidate_lead,False,_quarantine/policy_scraper_artifacts_20260702/artifacts/OLD_OUTPUT_ARCHIVES/policy_data_rebuild_archive_20260622_054122/outputs/step3_live_rebuilt_ledger/step3_suggestion_candidate_ledger.csv,historical_attempt,2
237011,Western Washington University,public,https://catalog.wwu.edu/mime/media/5/763/2008-2009catalog.pdf,2008,2009,historical_url_evidence_materialization,historical_lead_input_url,imported_llm_candidate_lead,False,_quarantine/policy_scraper_artifacts_20260702/artifacts/OLD_OUTPUT_ARCHIVES/policy_data_rebuild_archive_20260622_054122/outputs/step3_live_rebuilt_ledger/step3_suggestion_candidate_ledger.csv,historical_attempt,2
237011,Western Washington University,public,https://catalog.wwu.edu/mime/media/5/763/2008-2010catalog.pdf,2008,2010,historical_url_evidence_materialization,historical_lead_input_url,imported_llm_candidate_lead,False,_quarantine/policy_scraper_artifacts_20260702/artifacts/OLD_OUTPUT_ARCHIVES/policy_data_rebuild_archive_20260622_054122/outputs/step3_live_rebuilt_ledger/step3_suggestion_candidate_ledger.csv,historical_attempt,2
237792,Shepherd University,public,https://web.archive.org/web/20111114164358/http://catalog.shepherd.edu:80/,2011,2012,historical_url_evidence_materialization,historical_lead_input_url,imported_llm_candidate_lead,False,_quarantine/policy_scraper_artifacts_20260702/artifacts/OLD_OUTPUT_ARCHIVES/policy_data_rebuild_archive_20260622_054122/outputs/step4_source_review/step4_suggestion_source_review.csv,historical_attempt,2
237792,Shepherd University,public,https://catalog.shepherd.edu/content.php?catoid=9&navoid=1129,2015,2015,historical_url_evidence_materialization,legacy_input_url,validated_human_legacy,True,_quarantine/policy_scraper_artifacts_20260702/artifacts/policy_data_internal/interim/legacy_evidence_links.csv,historical_attempt,0
240365,University of Wisconsin-Oshkosh,public,https://www.uwosh.edu/bulletins/wp-content/uploads/sites/116/2019/02/undergrad-09-11-1.pdf,2019,2020,historical_url_evidence_materialization,historical_lead_input_url,imported_llm_candidate_lead,False,_quarantine/policy_scraper_artifacts_20260702/artifacts/AUDIT_TRAILS/policy_data_internal_existing/90_INTERNAL_PIPELINE_ARTIFACTS/audits/legacy_benchmark_current/public_fresh_ai_year_candidates_public_fresh_full_rank251_275_ai25_live.csv,historical_attempt,2
240365,University of Wisconsin-Oshkosh,public,https://www.uwosh.edu/bulletins/wp-content/uploads/sites/116/2019/02/undergrad-09-11-1.pdf,2019,2020,historical_url_evidence_materialization,historical_lead_input_url,imported_llm_candidate_lead,False,_quarantine/policy_scraper_artifacts_20260702/artifacts/AUDIT_TRAILS/policy_data_internal_existing/90_INTERNAL_PIPELINE_ARTIFACTS/audits/legacy_benchmark_current/public_fresh_ai_year_candidates_public_fresh_full_rank251_275_ai25_live.csv,historical_attempt,2
240365,University of Wisconsin-Oshkosh,public,https://www.uwosh.edu/bulletins/wp-content/uploads/sites/116/2019/02/undergrad-11-13.pdf,2019,2020,historical_url_evidence_materialization,historical_lead_input_url,imported_llm_candidate_lead,False,_quarantine/policy_scraper_artifacts_20260702/artifacts/AUDIT_TRAILS/policy_data_internal_existing/90_INTERNAL_PIPELINE_ARTIFACTS/audits/legacy_benchmark_current/public_fresh_ai_year_candidates_public_fresh_full_rank251_275_ai25_live.csv,historical_attempt,2
240365,University of Wisconsin-Oshkosh,public,https://web.archive.org/web/20120616080329/http://catalog.uwgb.edu:80/,2012,2013,historical_url_evidence_materialization,historical_lead_input_url,imported_llm_candidate_lead,False,_quarantine/policy_scraper_artifacts_20260702/artifacts/OLD_OUTPUT_ARCHIVES/policy_data_rebuild_archive_20260622_054122/outputs/step4_source_review/step4_suggestion_source_review.csv,historical_attempt,2
240365,University of Wisconsin-Oshkosh,public,https://www.uwosh.edu/bulletins/wp-content/uploads/sites/116/2019/02/undergrad-13-15.pdf,2019,2020,historical_url_evidence_materialization,historical_lead_input_url,imported_llm_candidate_lead,False,_quarantine/policy_scraper_artifacts_20260702/artifacts/AUDIT_TRAILS/policy_data_internal_existing/90_INTERNAL_PIPELINE_ARTIFACTS/audits/legacy_benchmark_current/public_fresh_ai_year_candidates_public_fresh_full_rank251_275_ai25_live.csv,historical_attempt,2
240365,University of Wisconsin-Oshkosh,public,https://www.uwosh.edu/bulletins/wp-content/uploads/sites/116/2019/02/undergrad-13-15.pdf,2019,2020,historical_url_evidence_materialization,historical_lead_input_url,imported_llm_candidate_lead,False,_quarantine/policy_scraper_artifacts_20260702/artifacts/AUDIT_TRAILS/policy_data_internal_existing/90_INTERNAL_PIPELINE_ARTIFACTS/audits/legacy_benchmark_current/public_fresh_ai_year_candidates_public_fresh_full_rank251_275_ai25_live.csv,historical_attempt,2
240365,University of Wisconsin-Oshkosh,public,https://catalog.uwgb.edu/archive/2015-2016/undergraduate/,2015,2016,historical_url_evidence_materialization,historical_lead_input_url,imported_llm_candidate_lead,False,_quarantine/policy_scraper_artifacts_20260702/artifacts/OLD_OUTPUT_ARCHIVES/policy_data_rebuild_archive_20260622_054122/outputs/step3_live_rebuilt_ledger/step3_suggestion_candidate_ledger.csv,historical_attempt,2
240365,University of Wisconsin-Oshkosh,public,https://catalog.uwgb.edu/archive/2016-2017/undergraduate/,2016,2017,historical_url_evidence_materialization,historical_lead_input_url,imported_llm_candidate_lead,False,_quarantine/policy_scraper_artifacts_20260702/artifacts/OLD_OUTPUT_ARCHIVES/policy_data_rebuild_archive_20260622_054122/outputs/step3_live_rebuilt_ledger/step3_suggestion_candidate_ledger.csv,historical_attempt,2
240417,UNIVERSITY OF WISCONSIN-STOUT,public,https://archive.org/details/StoutUndergraduateBulletin2001_2003,2001,2003,historical_url_evidence_materialization,historical_lead_input_url,imported_llm_candidate_lead,False,_quarantine/policy_scraper_artifacts_20260702/artifacts/OLD_OUTPUT_ARCHIVES/policy_data_rebuild_archive_20260622_054122/outputs/step3_live_rebuilt_ledger/step3_suggestion_candidate_ledger.csv,historical_attempt,2
240426,University of Wisconsin-Superior,public,https://web.archive.org/web/20120616080329/http://catalog.uwgb.edu:80/,2012,2013,historical_url_evidence_materialization,historical_lead_input_url,imported_llm_candidate_lead,False,_quarantine/policy_scraper_artifacts_20260702/artifacts/OLD_OUTPUT_ARCHIVES/policy_data_rebuild_archive_20260622_054122/outputs/step4_source_review/step4_suggestion_source_review.csv,historical_attempt,2
240426,University of Wisconsin-Superior,public,https://web.archive.org/web/20130616080329/http://catalog.uwgb.edu:80/,2013,2014,historical_url_evidence_materialization,historical_lead_input_url,imported_llm_candidate_lead,False,_quarantine/policy_scraper_artifacts_20260702/artifacts/OLD_OUTPUT_ARCHIVES/policy_data_rebuild_archive_20260622_054122/outputs/step4_source_review/step4_suggestion_source_review.csv,historical_attempt,2
240426,University of Wisconsin-Superior,public,https://catalog.uwgb.edu/archive/2014-2015/undergraduate/,2014,2015,historical_url_evidence_materialization,historical_lead_input_url,imported_llm_candidate_lead,False,_quarantine/policy_scraper_artifacts_20260702/artifacts/OLD_OUTPUT_ARCHIVES/policy_data_rebuild_archive_20260622_054122/outputs/step3_live_rebuilt_ledger/step3_suggestion_candidate_ledger.csv,historical_attempt,2
240426,University of Wisconsin-Superior,public,https://uwsuper.sharepoint.com/:b:/s/VivaLanding/EaSVxExls4tJm8mk3pCQbogBoQKgjSsE6yAiFrThQhHo8Q?e=bga2GI,2015,2015,historical_url_evidence_materialization,historical_lead_input_url,imported_llm_candidate_lead,False,_quarantine/policy_scraper_artifacts_20260702/artifacts/AUDIT_TRAILS/policy_data_internal_existing/90_INTERNAL_PIPELINE_ARTIFACTS/audits/legacy_benchmark_current/public_fresh_ai_year_candidates_public_fresh_full_rank276_281_ai25_live.csv,historical_attempt,2
240426,University of Wisconsin-Superior,public,https://uwsuper.sharepoint.com/:b:/s/VivaLanding/Ed0nLKSKFu1PtCT9Mbknj9IBuXIjZU_xvJ1N2H6met8EBw?e=cXIRwh,2016,2016,historical_url_evidence_materialization,historical_lead_input_url,imported_llm_candidate_lead,False,_quarantine/policy_scraper_artifacts_20260702/artifacts/AUDIT_TRAILS/policy_data_internal_existing/90_INTERNAL_PIPELINE_ARTIFACTS/audits/legacy_benchmark_current/public_fresh_ai_year_candidates_public_fresh_full_rank276_281_ai25_live.csv,historical_attempt,2
240444,UNIVERSITY OF WISCONSIN-MADISON,public,http://pubs.wisc.edu/home/archives/ug01/index.html,2002,2002,historical_url_evidence_materialization,historical_lead_input_url,imported_llm_candidate_lead,False,_quarantine/policy_scraper_artifacts_20260702/artifacts/AUDIT_TRAILS/policy_data_internal_existing/90_INTERNAL_PIPELINE_ARTIFACTS/audits/legacy_benchmark_current/public_fresh_ai_year_candidates_public_fresh_full_rank251_275_ai25_live.csv,historical_attempt,2
240444,UNIVERSITY OF WISCONSIN-MADISON,public,http://pubs.wisc.edu/home/archives/ug03/index.html,2003,2003,historical_url_evidence_materialization,historical_lead_input_url,imported_llm_candidate_lead,False,_quarantine/policy_scraper_artifacts_20260702/artifacts/AUDIT_TRAILS/policy_data_internal_existing/90_INTERNAL_PIPELINE_ARTIFACTS/audits/legacy_benchmark_current/public_fresh_ai_year_candidates_public_fresh_full_rank251_275_ai25_live.csv,historical_attempt,2
240444,UNIVERSITY OF WISCONSIN-MADISON,public,http://pubs.wisc.edu/home/archives/ug03/index.html,2004,2004,historical_url_evidence_materialization,historical_lead_input_url,imported_llm_candidate_lead,False,_quarantine/policy_scraper_artifacts_20260702/artifacts/AUDIT_TRAILS/policy_data_internal_existing/90_INTERNAL_PIPELINE_ARTIFACTS/audits/legacy_benchmark_current/public_fresh_ai_year_candidates_public_fresh_full_rank251_275_ai25_live.csv,historical_attempt,2
240444,University of Wisconsin-Madison,public,http://pubs.wisc.edu/home/archives/ug05/index.html,2005,2005,historical_url_evidence_materialization,historical_lead_input_url,imported_llm_candidate_lead,False,_quarantine/policy_scraper_artifacts_20260702/artifacts/AUDIT_TRAILS/policy_data_internal_existing/90_INTERNAL_PIPELINE_ARTIFACTS/audits/legacy_benchmark_current/public_fresh_ai_year_candidates_public_fresh_full_rank251_275_ai25_live.csv,historical_attempt,2
240444,University of Wisconsin-Madison,public,http://pubs.wisc.edu/home/archives/ug05/index.html,2006,2006,historical_url_evidence_materialization,historical_lead_input_url,imported_llm_candidate_lead,False,_quarantine/policy_scraper_artifacts_20260702/artifacts/AUDIT_TRAILS/policy_data_internal_existing/90_INTERNAL_PIPELINE_ARTIFACTS/audits/legacy_benchmark_current/public_fresh_ai_year_candidates_public_fresh_full_rank251_275_ai25_live.csv,historical_attempt,2
240444,University of Wisconsin-Madison,public,http://pubs.wisc.edu/home/archives/ug07/index.html,2007,2007,historical_url_evidence_materialization,historical_lead_input_url,imported_llm_candidate_lead,False,_quarantine/policy_scraper_artifacts_20260702/artifacts/AUDIT_TRAILS/policy_data_internal_existing/90_INTERNAL_PIPELINE_ARTIFACTS/audits/legacy_benchmark_current/public_fresh_ai_year_candidates_public_fresh_full_rank251_275_ai25_live.csv,historical_attempt,2
240444,University of Wisconsin-Madison,public,http://pubs.wisc.edu/home/archives/ug07/index.html,2008,2008,historical_url_evidence_materialization,historical_lead_input_url,imported_llm_candidate_lead,False,_quarantine/policy_scraper_artifacts_20260702/artifacts/AUDIT_TRAILS/policy_data_internal_existing/90_INTERNAL_PIPELINE_ARTIFACTS/audits/legacy_benchmark_current/public_fresh_ai_year_candidates_public_fresh_full_rank251_275_ai25_live.csv,historical_attempt,2
240444,University of Wisconsin-Madison,public,http://pubs.wisc.edu/home/archives/ug09/index.html,2009,2009,historical_url_evidence_materialization,historical_lead_input_url,imported_llm_candidate_lead,False,_quarantine/policy_scraper_artifacts_20260702/artifacts/AUDIT_TRAILS/policy_data_internal_existing/90_INTERNAL_PIPELINE_ARTIFACTS/audits/legacy_benchmark_current/public_fresh_ai_year_candidates_public_fresh_full_rank251_275_ai25_live.csv,historical_attempt,2
240444,University of Wisconsin-Madison,public,http://pubs.wisc.edu/home/archives/ug09/index.html,2010,2010,historical_url_evidence_materialization,historical_lead_input_url,imported_llm_candidate_lead,False,_quarantine/policy_scraper_artifacts_20260702/artifacts/AUDIT_TRAILS/policy_data_internal_existing/90_INTERNAL_PIPELINE_ARTIFACTS/audits/legacy_benchmark_current/public_fresh_ai_year_candidates_public_fresh_full_rank251_275_ai25_live.csv,historical_attempt,2
240444,University of Wisconsin-Madison,public,http://pubs.wisc.edu/home/archives/ug11/index.htm,2011,2011,historical_url_evidence_materialization,historical_lead_input_url,imported_llm_candidate_lead,False,_quarantine/policy_scraper_artifacts_20260702/artifacts/AUDIT_TRAILS/policy_data_internal_existing/90_INTERNAL_PIPELINE_ARTIFACTS/audits/legacy_benchmark_current/public_fresh_ai_year_candidates_public_fresh_full_rank251_275_ai25_live.csv,historical_attempt,2
240444,University of Wisconsin-Madison,public,http://pubs.wisc.edu/home/archives/ug11/index.htm,2012,2012,historical_url_evidence_materialization,historical_lead_input_url,imported_llm_candidate_lead,False,_quarantine/policy_scraper_artifacts_20260702/artifacts/AUDIT_TRAILS/policy_data_internal_existing/90_INTERNAL_PIPELINE_ARTIFACTS/audits/legacy_benchmark_current/public_fresh_ai_year_candidates_public_fresh_full_rank251_275_ai25_live.csv,historical_attempt,2
240444,University of Wisconsin-Madison,public,http://pubs.wisc.edu/home/archives/ug13/index.htm,2013,2013,historical_url_evidence_materialization,historical_lead_input_url,imported_llm_candidate_lead,False,_quarantine/policy_scraper_artifacts_20260702/artifacts/AUDIT_TRAILS/policy_data_internal_existing/90_INTERNAL_PIPELINE_ARTIFACTS/audits/legacy_benchmark_current/public_fresh_ai_year_candidates_public_fresh_full_rank251_275_ai25_live.csv,historical_attempt,2
240444,University of Wisconsin-Madison,public,http://pubs.wisc.edu/home/archives/ug13/index.htm,2014,2014,historical_url_evidence_materialization,historical_lead_input_url,imported_llm_candidate_lead,False,_quarantine/policy_scraper_artifacts_20260702/artifacts/AUDIT_TRAILS/policy_data_internal_existing/90_INTERNAL_PIPELINE_ARTIFACTS/audits/legacy_benchmark_current/public_fresh_ai_year_candidates_public_fresh_full_rank251_275_ai25_live.csv,historical_attempt,2
240444,University of Wisconsin-Madison,public,https://pubs.wisc.edu/home/archives/ug15/index.htm,2015,2015,historical_url_evidence_materialization,historical_lead_input_url,imported_llm_candidate_lead,False,_quarantine/policy_scraper_artifacts_20260702/artifacts/AUDIT_TRAILS/policy_data_internal_existing/90_INTERNAL_PIPELINE_ARTIFACTS/audits/legacy_benchmark_current/public_fresh_ai_year_candidates_public_fresh_full_rank251_275_ai25_live.csv,historical_attempt,2
240444,University of Wisconsin-Madison,public,https://pubs.wisc.edu/home/archives/ug15/index.htm,2016,2016,historical_url_evidence_materialization,historical_lead_input_url,imported_llm_candidate_lead,False,_quarantine/policy_scraper_artifacts_20260702/artifacts/AUDIT_TRAILS/policy_data_internal_existing/90_INTERNAL_PIPELINE_ARTIFACTS/audits/legacy_benchmark_current/public_fresh_ai_year_candidates_public_fresh_full_rank251_275_ai25_live.csv,historical_attempt,2
240453,UNIVERSITY OF WISCONSIN-MILWAUKEE,public,https://catalog.uwm.edu/archive/program-bulletin-2002.pdf,2002,2003,historical_url_evidence_materialization,historical_lead_input_url,imported_llm_candidate_lead,False,_quarantine/policy_scraper_artifacts_20260702/artifacts/AUDIT_TRAILS/policy_data_internal_existing/90_INTERNAL_PIPELINE_ARTIFACTS/audits/legacy_benchmark_current/public_fresh_ai_year_candidates_public_fresh_full_rank251_275_ai25_live.csv,historical_attempt,2
240453,UNIVERSITY OF WISCONSIN-MILWAUKEE,public,https://catalog.uwm.edu/archive/program-bulletin-2003.pdf,2003,2004,historical_url_evidence_materialization,historical_lead_input_url,imported_llm_candidate_lead,False,_quarantine/policy_scraper_artifacts_20260702/artifacts/AUDIT_TRAILS/policy_data_internal_existing/90_INTERNAL_PIPELINE_ARTIFACTS/audits/legacy_benchmark_current/public_fresh_ai_year_candidates_public_fresh_full_rank251_275_ai25_live.csv,historical_attempt,2
240453,UNIVERSITY OF WISCONSIN-MILWAUKEE,public,https://catalog.uwm.edu/archive/program-bulletin-2004.pdf,2004,2005,historical_url_evidence_materialization,historical_lead_input_url,imported_llm_candidate_lead,False,_quarantine/policy_scraper_artifacts_20260702/artifacts/AUDIT_TRAILS/policy_data_internal_existing/90_INTERNAL_PIPELINE_ARTIFACTS/audits/legacy_benchmark_current/public_fresh_ai_year_candidates_public_fresh_full_rank251_275_ai25_live.csv,historical_attempt,2
240453,University of Wisconsin-Milwaukee,public,https://catalog.uwm.edu/archive/program-bulletin-2005.pdf,2005,2006,historical_url_evidence_materialization,historical_lead_input_url,imported_llm_candidate_lead,False,_quarantine/policy_scraper_artifacts_20260702/artifacts/AUDIT_TRAILS/policy_data_internal_existing/90_INTERNAL_PIPELINE_ARTIFACTS/audits/legacy_benchmark_current/public_fresh_ai_year_candidates_public_fresh_full_rank251_275_ai25_live.csv,historical_attempt,2
240453,University of Wisconsin-Milwaukee,public,https://catalog.uwm.edu/archive/program-bulletin-2006.pdf,2006,2007,historical_url_evidence_materialization,historical_lead_input_url,imported_llm_candidate_lead,False,_quarantine/policy_scraper_artifacts_20260702/artifacts/AUDIT_TRAILS/policy_data_internal_existing/90_INTERNAL_PIPELINE_ARTIFACTS/audits/legacy_benchmark_current/public_fresh_ai_year_candidates_public_fresh_full_rank251_275_ai25_live.csv,historical_attempt,2
240453,University of Wisconsin-Milwaukee,public,https://catalog.uwm.edu/archive/program-bulletin-2007.pdf,2007,2008,historical_url_evidence_materialization,historical_lead_input_url,imported_llm_candidate_lead,False,_quarantine/policy_scraper_artifacts_20260702/artifacts/AUDIT_TRAILS/policy_data_internal_existing/90_INTERNAL_PIPELINE_ARTIFACTS/audits/legacy_benchmark_current/public_fresh_ai_year_candidates_public_fresh_full_rank251_275_ai25_live.csv,historical_attempt,2
240453,University of Wisconsin-Milwaukee,public,https://catalog.uwm.edu/archive/program-bulletin-2007.pdf,2007,2008,historical_url_evidence_materialization,historical_lead_input_url,imported_llm_candidate_lead,False,_quarantine/policy_scraper_artifacts_20260702/artifacts/AUDIT_TRAILS/policy_data_internal_existing/90_INTERNAL_PIPELINE_ARTIFACTS/audits/legacy_benchmark_current/public_fresh_ai_year_candidates_public_fresh_full_rank251_275_ai25_live.csv,historical_attempt,2
240453,University of Wisconsin-Milwaukee,public,https://catalog.uwm.edu/archive/program-bulletin-2009.pdf,2009,2010,historical_url_evidence_materialization,historical_lead_input_url,imported_llm_candidate_lead,False,_quarantine/policy_scraper_artifacts_20260702/artifacts/AUDIT_TRAILS/policy_data_internal_existing/90_INTERNAL_PIPELINE_ARTIFACTS/audits/legacy_benchmark_current/public_fresh_ai_year_candidates_public_fresh_full_rank251_275_ai25_live.csv,historical_attempt,2
240453,University of Wisconsin-Milwaukee,public,https://catalog.uwm.edu/archive/program-bulletin-2010.pdf,2010,2011,historical_url_evidence_materialization,historical_lead_input_url,imported_llm_candidate_lead,False,_quarantine/policy_scraper_artifacts_20260702/artifacts/AUDIT_TRAILS/policy_data_internal_existing/90_INTERNAL_PIPELINE_ARTIFACTS/audits/legacy_benchmark_current/public_fresh_ai_year_candidates_public_fresh_full_rank251_275_ai25_live.csv,historical_attempt,2
240453,University of Wisconsin-Milwaukee,public,https://catalog.uwm.edu/archive/program-bulletin-2011.pdf,2011,2012,historical_url_evidence_materialization,historical_lead_input_url,imported_llm_candidate_lead,False,_quarantine/policy_scraper_artifacts_20260702/artifacts/AUDIT_TRAILS/policy_data_internal_existing/90_INTERNAL_PIPELINE_ARTIFACTS/audits/legacy_benchmark_current/public_fresh_ai_year_candidates_public_fresh_full_rank251_275_ai25_live.csv,historical_attempt,2
240453,University of Wisconsin-Milwaukee,public,https://catalog.uwm.edu/archive/program-bulletin-2012.pdf,2012,2013,historical_url_evidence_materialization,historical_lead_input_url,imported_llm_candidate_lead,False,_quarantine/policy_scraper_artifacts_20260702/artifacts/AUDIT_TRAILS/policy_data_internal_existing/90_INTERNAL_PIPELINE_ARTIFACTS/audits/legacy_benchmark_current/public_fresh_ai_year_candidates_public_fresh_full_rank251_275_ai25_live.csv,historical_attempt,2
240453,University of Wisconsin-Milwaukee,public,https://catalog.uwm.edu/archive/program-bulletin-2013.pdf,2013,2014,historical_url_evidence_materialization,historical_lead_input_url,imported_llm_candidate_lead,False,_quarantine/policy_scraper_artifacts_20260702/artifacts/AUDIT_TRAILS/policy_data_internal_existing/90_INTERNAL_PIPELINE_ARTIFACTS/audits/legacy_benchmark_current/public_fresh_ai_year_candidates_public_fresh_full_rank251_275_ai25_live.csv,historical_attempt,2
240453,University of Wisconsin-Milwaukee,public,https://catalog.uwm.edu/archive/Undergraduate-Catalog-2014-2015.pdf,2014,2015,historical_url_evidence_materialization,historical_lead_input_url,imported_llm_candidate_lead,False,_quarantine/policy_scraper_artifacts_20260702/artifacts/AUDIT_TRAILS/policy_data_internal_existing/90_INTERNAL_PIPELINE_ARTIFACTS/audits/legacy_benchmark_current/public_fresh_ai_year_candidates_public_fresh_full_rank251_275_ai25_live.csv,historical_attempt,2
240453,University of Wisconsin-Milwaukee,public,https://catalog.uwm.edu/archive/Undergraduate-Catalog-2015-2016.pdf,2015,2016,historical_url_evidence_materialization,historical_lead_input_url,imported_llm_candidate_lead,False,_quarantine/policy_scraper_artifacts_20260702/artifacts/AUDIT_TRAILS/policy_data_internal_existing/90_INTERNAL_PIPELINE_ARTIFACTS/audits/legacy_benchmark_current/public_fresh_ai_year_candidates_public_fresh_full_rank251_275_ai25_live.csv,historical_attempt,2
240453,University of Wisconsin-Milwaukee,public,https://catalog.uwm.edu/archive/Undergraduate-Catalog-2016-2017_1_.pdf,2016,2017,historical_url_evidence_materialization,historical_lead_input_url,imported_llm_candidate_lead,False,_quarantine/policy_scraper_artifacts_20260702/artifacts/AUDIT_TRAILS/policy_data_internal_existing/90_INTERNAL_PIPELINE_ARTIFACTS/audits/legacy_benchmark_current/public_fresh_ai_year_candidates_public_fresh_full_rank251_275_ai25_live.csv,historical_attempt,2
240480,University of Wisconsin-Stevens Point,public,https://archivedfall2025.catalog.prod.coursedog.com/othercatalogs,2025,2026,historical_url_evidence_materialization,historical_lead_input_url,imported_llm_candidate_lead,False,_quarantine/policy_scraper_artifacts_20260702/artifacts/OLD_OUTPUT_ARCHIVES/policy_data_rebuild_archive_20260622_054122/outputs/step3_live_rebuilt_ledger/step3_suggestion_candidate_ledger.csv,historical_attempt,2
240480,University of Wisconsin-Stevens Point,public,https://coursedog-static-public.s3.us-east-2.amazonaws.com/uwsp_peoplesoft_direct/2005-07-UWSPCatalog.pdf,2005,2007,historical_url_evidence_materialization,historical_lead_input_url,imported_llm_candidate_lead,False,_quarantine/policy_scraper_artifacts_20260702/artifacts/AUDIT_TRAILS/policy_data_internal_existing/90_INTERNAL_PIPELINE_ARTIFACTS/audits/legacy_benchmark_current/public_fresh_ai_year_candidates_public_fresh_full_rank276_281_ai25_live.csv,historical_attempt,2
240480,University of Wisconsin-Stevens Point,public,https://coursedog-static-public.s3.us-east-2.amazonaws.com/uwsp_peoplesoft_direct/2007-09-UWSPCatalog.pdf,2007,2009,historical_url_evidence_materialization,historical_lead_input_url,imported_llm_candidate_lead,False,_quarantine/policy_scraper_artifacts_20260702/artifacts/AUDIT_TRAILS/policy_data_internal_existing/90_INTERNAL_PIPELINE_ARTIFACTS/audits/legacy_benchmark_current/public_fresh_ai_year_candidates_public_fresh_full_rank276_281_ai25_live.csv,historical_attempt,2
240480,University of Wisconsin-Stevens Point,public,https://coursedog-static-public.s3.us-east-2.amazonaws.com/uwsp_peoplesoft_direct/2007-09-UWSPCatalog.pdf,2007,2009,historical_url_evidence_materialization,historical_lead_input_url,imported_llm_candidate_lead,False,_quarantine/policy_scraper_artifacts_20260702/artifacts/AUDIT_TRAILS/policy_data_internal_existing/90_INTERNAL_PIPELINE_ARTIFACTS/audits/legacy_benchmark_current/public_fresh_ai_year_candidates_public_fresh_full_rank276_281_ai25_live.csv,historical_attempt,2
240480,University of Wisconsin-Stevens Point,public,https://coursedog-static-public.s3.us-east-2.amazonaws.com/uwsp_peoplesoft_direct/2009-11-UWSPCatalog.pdf,2009,2011,historical_url_evidence_materialization,historical_lead_input_url,imported_llm_candidate_lead,False,_quarantine/policy_scraper_artifacts_20260702/artifacts/AUDIT_TRAILS/policy_data_internal_existing/90_INTERNAL_PIPELINE_ARTIFACTS/audits/legacy_benchmark_current/public_fresh_ai_year_candidates_public_fresh_full_rank276_281_ai25_live.csv,historical_attempt,2
240480,University of Wisconsin-Stevens Point,public,https://coursedog-static-public.s3.us-east-2.amazonaws.com/uwsp_peoplesoft_direct/2009-11-UWSPCatalog.pdf,2009,2011,historical_url_evidence_materialization,historical_lead_input_url,imported_llm_candidate_lead,False,_quarantine/policy_scraper_artifacts_20260702/artifacts/AUDIT_TRAILS/policy_data_internal_existing/90_INTERNAL_PIPELINE_ARTIFACTS/audits/legacy_benchmark_current/public_fresh_ai_year_candidates_public_fresh_full_rank276_281_ai25_live.csv,historical_attempt,2
240480,University of Wisconsin-Stevens Point,public,https://coursedog-static-public.s3.us-east-2.amazonaws.com/uwsp_peoplesoft_direct/2011-13archivecatalog%20June%202011.pdf,2011,2013,historical_url_evidence_materialization,historical_lead_input_url,imported_llm_candidate_lead,False,_quarantine/policy_scraper_artifacts_20260702/artifacts/AUDIT_TRAILS/policy_data_internal_existing/90_INTERNAL_PIPELINE_ARTIFACTS/audits/legacy_benchmark_current/public_fresh_ai_year_candidates_public_fresh_full_rank276_281_ai25_live.csv,historical_attempt,2
240480,University of Wisconsin-Stevens Point,public,https://coursedog-static-public.s3.us-east-2.amazonaws.com/uwsp_peoplesoft_direct/2011-13archivecatalog%20June%202011.pdf,2011,2013,historical_url_evidence_materialization,historical_lead_input_url,imported_llm_candidate_lead,False,_quarantine/policy_scraper_artifacts_20260702/artifacts/AUDIT_TRAILS/policy_data_internal_existing/90_INTERNAL_PIPELINE_ARTIFACTS/audits/legacy_benchmark_current/public_fresh_ai_year_candidates_public_fresh_full_rank276_281_ai25_live.csv,historical_attempt,2
240480,University of Wisconsin-Stevens Point,public,https://coursedog-static-public.s3.us-east-2.amazonaws.com/uwsp_peoplesoft_direct/2013-14archivecatalog%20June%202013.pdf,2013,2014,historical_url_evidence_materialization,historical_lead_input_url,imported_llm_candidate_lead,False,_quarantine/policy_scraper_artifacts_20260702/artifacts/AUDIT_TRAILS/policy_data_internal_existing/90_INTERNAL_PIPELINE_ARTIFACTS/audits/legacy_benchmark_current/public_fresh_ai_year_candidates_public_fresh_full_rank276_281_ai25_live.csv,historical_attempt,2
240480,University of Wisconsin-Stevens Point,public,https://coursedog-static-public.s3.us-east-2.amazonaws.com/uwsp_peoplesoft_direct/UWSP%202014-2015%20Catalog.pdf,2014,2015,historical_url_evidence_materialization,historical_lead_input_url,imported_llm_candidate_lead,False,_quarantine/policy_scraper_artifacts_20260702/artifacts/AUDIT_TRAILS/policy_data_internal_existing/90_INTERNAL_PIPELINE_ARTIFACTS/audits/legacy_benchmark_current/public_fresh_ai_year_candidates_public_fresh_full_rank276_281_ai25_live.csv,historical_attempt,2
240480,University of Wisconsin-Stevens Point,public,https://coursedog-static-public.s3.us-east-2.amazonaws.com/uwsp_peoplesoft_direct/UWSP%20%202015-2016%20Catalog.pdf,2015,2016,historical_url_evidence_materialization,historical_lead_input_url,imported_llm_candidate_lead,False,_quarantine/policy_scraper_artifacts_20260702/artifacts/AUDIT_TRAILS/policy_data_internal_existing/90_INTERNAL_PIPELINE_ARTIFACTS/audits/legacy_benchmark_current/public_fresh_ai_year_candidates_public_fresh_full_rank276_281_ai25_live.csv,historical_attempt,2
240480,University of Wisconsin-Stevens Point,public,https://coursedog-static-public.s3.us-east-2.amazonaws.com/uwsp_peoplesoft_direct/UWSP%202016-2017%20Catalog.pdf,2016,2017,historical_url_evidence_materialization,historical_lead_input_url,imported_llm_candidate_lead,False,_quarantine/policy_scraper_artifacts_20260702/artifacts/AUDIT_TRAILS/policy_data_internal_existing/90_INTERNAL_PIPELINE_ARTIFACTS/audits/legacy_benchmark_current/public_fresh_ai_year_candidates_public_fresh_full_rank276_281_ai25_live.csv,historical_attempt,2
241766,Puerto Rico Conservatory of Music,public,https://catalog.shsu.edu/archives/2016-2017/undergraduate/colleges-academic-departments/fine-arts-mass-commmincation/music/music.pdf,2016,2017,historical_url_evidence_materialization,historical_lead_input_url,imported_llm_candidate_lead,False,_quarantine/policy_scraper_artifacts_20260702/artifacts/OLD_OUTPUT_ARCHIVES/policy_data_rebuild_archive_20260622_054122/outputs/step3_live_rebuilt_ledger/step3_suggestion_candidate_ledger.csv,historical_attempt,2
241951,Escuela de Artes Plasticas y Diseno de Puerto Rico,public,https://cmpr.edu/wp-content/uploads/2021/01/IPEDSDFR2016_241766.pdf,2016,2024,historical_url_evidence_materialization,historical_lead_input_url,imported_llm_candidate_lead,False,_quarantine/policy_scraper_artifacts_20260702/artifacts/OLD_OUTPUT_ARCHIVES/policy_data_rebuild_archive_20260622_054122/outputs/step3_live_rebuilt_ledger/step3_suggestion_candidate_ledger.csv,historical_attempt,2
243133,University of Puerto Rico-Bayamon,public,https://catalog.racc.edu/index.php?catoid=1,2013,2013,historical_url_evidence_materialization,historical_lead_input_url,imported_llm_candidate_lead,False,_quarantine/policy_scraper_artifacts_20260702/artifacts/OLD_OUTPUT_ARCHIVES/policy_data_rebuild_archive_20260622_054122/outputs/step3_live_rebuilt_ledger/step3_suggestion_candidate_ledger.csv,historical_attempt,2
243133,University of Puerto Rico-Bayamon,public,https://catalog.racc.edu/index.php?catoid=4,2014,2014,historical_url_evidence_materialization,historical_lead_input_url,imported_llm_candidate_lead,False,_quarantine/policy_scraper_artifacts_20260702/artifacts/OLD_OUTPUT_ARCHIVES/policy_data_rebuild_archive_20260622_054122/outputs/step3_live_rebuilt_ledger/step3_suggestion_candidate_ledger.csv,historical_attempt,2
243133,University of Puerto Rico-Bayamon,public,https://catalog.racc.edu/index.php?catoid=6,2015,2015,historical_url_evidence_materialization,historical_lead_input_url,imported_llm_candidate_lead,False,_quarantine/policy_scraper_artifacts_20260702/artifacts/OLD_OUTPUT_ARCHIVES/policy_data_rebuild_archive_20260622_054122/outputs/step3_live_rebuilt_ledger/step3_suggestion_candidate_ledger.csv,historical_attempt,2
243151,University of Puerto Rico-Cayey,public,https://www.upr.edu/cayey/wp-content/uploads/sites/10/2015/08/Catalogo_2011-2012.pdf,2011,2012,historical_url_evidence_materialization,historical_lead_input_url,imported_llm_candidate_lead,False,_quarantine/policy_scraper_artifacts_20260702/artifacts/AUDIT_TRAILS/policy_data_internal_existing/90_INTERNAL_PIPELINE_ARTIFACTS/audits/legacy_benchmark_current/public_fresh_ai_year_candidates_public_fresh_full_rank201_225_ai25_live.csv,historical_attempt,2
243151,University of Puerto Rico-Cayey,public,https://www.upr.edu/cayey/wp-content/uploads/sites/10/2015/08/Catalogo_2013-14_-_UPR_Cayey.pdf,2013,2014,historical_url_evidence_materialization,historical_lead_input_url,imported_llm_candidate_lead,False,_quarantine/policy_scraper_artifacts_20260702/artifacts/AUDIT_TRAILS/policy_data_internal_existing/90_INTERNAL_PIPELINE_ARTIFACTS/audits/legacy_benchmark_current/public_fresh_ai_year_candidates_public_fresh_full_rank201_225_ai25_live.csv,historical_attempt,2
243151,University of Puerto Rico-Cayey,public,https://www.upr.edu/cayey/wp-content/uploads/sites/10/2015/08/Catalogo_2014-15_UPR_CAYEY_1.pdf,2014,2015,historical_url_evidence_materialization,historical_lead_input_url,imported_llm_candidate_lead,False,_quarantine/policy_scraper_artifacts_20260702/artifacts/AUDIT_TRAILS/policy_data_internal_existing/90_INTERNAL_PIPELINE_ARTIFACTS/audits/legacy_benchmark_current/public_fresh_ai_year_candidates_public_fresh_full_rank201_225_ai25_live.csv,historical_attempt,2
243151,University of Puerto Rico-Cayey,public,https://www.upr.edu/cayey/wp-content/uploads/sites/10/2016/12/Catalogo-2015-16-UPR-CAYEY_rev.pdf,2015,2016,historical_url_evidence_materialization,historical_lead_input_url,imported_llm_candidate_lead,False,_quarantine/policy_scraper_artifacts_20260702/artifacts/AUDIT_TRAILS/policy_data_internal_existing/90_INTERNAL_PIPELINE_ARTIFACTS/audits/legacy_benchmark_current/public_fresh_ai_year_candidates_public_fresh_full_rank201_225_ai25_live.csv,historical_attempt,2
243151,University of Puerto Rico-Cayey,public,https://www.upr.edu/cayey/wp-content/uploads/sites/10/2016/12/Catalogo-2015-16-UPR-CAYEY_rev.pdf,2015,2016,historical_url_evidence_materialization,historical_lead_input_url,imported_llm_candidate_lead,False,_quarantine/policy_scraper_artifacts_20260702/artifacts/AUDIT_TRAILS/policy_data_internal_existing/90_INTERNAL_PIPELINE_ARTIFACTS/audits/legacy_benchmark_current/public_fresh_ai_year_candidates_public_fresh_full_rank201_225_ai25_live.csv,historical_attempt,2
243197,UNIVERSITY OF PUERTO RICO-MAYAGUEZ,public,http://www.uprm.edu/asuntosacademicos/wp-content/uploads/sites/45/2017/01/UndergradCatalog2003-2004.pdf,2003,2004,historical_url_evidence_materialization,historical_lead_input_url,imported_llm_candidate_lead,False,_quarantine/policy_scraper_artifacts_20260702/artifacts/AUDIT_TRAILS/policy_data_internal_existing/90_INTERNAL_PIPELINE_ARTIFACTS/audits/legacy_benchmark_current/public_fresh_ai_year_candidates_public_fresh_full_rank201_225_ai25_live.csv,historical_attempt,2
243197,UNIVERSITY OF PUERTO RICO-MAYAGUEZ,public,http://www.uprm.edu/asuntosacademicos/wp-content/uploads/sites/45/2017/01/UndergradCatalog2004-2005.pdf,2004,2005,historical_url_evidence_materialization,historical_lead_input_url,imported_llm_candidate_lead,False,_quarantine/policy_scraper_artifacts_20260702/artifacts/AUDIT_TRAILS/policy_data_internal_existing/90_INTERNAL_PIPELINE_ARTIFACTS/audits/legacy_benchmark_current/public_fresh_ai_year_candidates_public_fresh_full_rank201_225_ai25_live.csv,historical_attempt,2
243197,University of Puerto Rico-Mayaguez,public,http://www.uprm.edu/asuntosacademicos/wp-content/uploads/sites/45/2017/01/UndergradCatalog2005-2006.pdf,2005,2006,historical_url_evidence_materialization,historical_lead_input_url,imported_llm_candidate_lead,False,_quarantine/policy_scraper_artifacts_20260702/artifacts/AUDIT_TRAILS/policy_data_internal_existing/90_INTERNAL_PIPELINE_ARTIFACTS/audits/legacy_benchmark_current/public_fresh_ai_year_candidates_public_fresh_full_rank201_225_ai25_live.csv,historical_attempt,2
243197,University of Puerto Rico-Mayaguez,public,http://www.uprm.edu/asuntosacademicos/wp-content/uploads/sites/45/2017/01/UndergradCatalog2006-2007.pdf,2006,2007,historical_url_evidence_materialization,historical_lead_input_url,imported_llm_candidate_lead,False,_quarantine/policy_scraper_artifacts_20260702/artifacts/AUDIT_TRAILS/policy_data_internal_existing/90_INTERNAL_PIPELINE_ARTIFACTS/audits/legacy_benchmark_current/public_fresh_ai_year_candidates_public_fresh_full_rank201_225_ai25_live.csv,historical_attempt,2
243197,University of Puerto Rico-Mayaguez,public,http://www.uprm.edu/asuntosacademicos/wp-content/uploads/sites/45/2017/01/UndergradCatalog2007-2008.pdf,2007,2008,historical_url_evidence_materialization,historical_lead_input_url,imported_llm_candidate_lead,False,_quarantine/policy_scraper_artifacts_20260702/artifacts/AUDIT_TRAILS/policy_data_internal_existing/90_INTERNAL_PIPELINE_ARTIFACTS/audits/legacy_benchmark_current/public_fresh_ai_year_candidates_public_fresh_full_rank201_225_ai25_live.csv,historical_attempt,2
243197,University of Puerto Rico-Mayaguez,public,http://www.uprm.edu/asuntosacademicos/wp-content/uploads/sites/45/2017/01/UndergradCatalog2008-2009.pdf,2008,2009,historical_url_evidence_materialization,historical_lead_input_url,imported_llm_candidate_lead,False,_quarantine/policy_scraper_artifacts_20260702/artifacts/AUDIT_TRAILS/policy_data_internal_existing/90_INTERNAL_PIPELINE_ARTIFACTS/audits/legacy_benchmark_current/public_fresh_ai_year_candidates_public_fresh_full_rank201_225_ai25_live.csv,historical_attempt,2
243197,University of Puerto Rico-Mayaguez,public,http://www.uprm.edu/asuntosacademicos/wp-content/uploads/sites/45/2017/01/UndergradCatalog2009-2010.pdf,2009,2010,historical_url_evidence_materialization,historical_lead_input_url,imported_llm_candidate_lead,False,_quarantine/policy_scraper_artifacts_20260702/artifacts/AUDIT_TRAILS/policy_data_internal_existing/90_INTERNAL_PIPELINE_ARTIFACTS/audits/legacy_benchmark_current/public_fresh_ai_year_candidates_public_fresh_full_rank201_225_ai25_live.csv,historical_attempt,2
243197,University of Puerto Rico-Mayaguez,public,http://www.uprm.edu/asuntosacademicos/wp-content/uploads/sites/45/2017/01/UndergradCatalog2010-2011.pdf,2010,2011,historical_url_evidence_materialization,historical_lead_input_url,imported_llm_candidate_lead,False,_quarantine/policy_scraper_artifacts_20260702/artifacts/AUDIT_TRAILS/policy_data_internal_existing/90_INTERNAL_PIPELINE_ARTIFACTS/audits/legacy_benchmark_current/public_fresh_ai_year_candidates_public_fresh_full_rank201_225_ai25_live.csv,historical_attempt,2
243197,University of Puerto Rico-Mayaguez,public,http://www.uprm.edu/asuntosacademicos/wp-content/uploads/sites/45/2017/01/UndergradCatalog2011-2012.pdf,2011,2012,historical_url_evidence_materialization,historical_lead_input_url,imported_llm_candidate_lead,False,_quarantine/policy_scraper_artifacts_20260702/artifacts/AUDIT_TRAILS/policy_data_internal_existing/90_INTERNAL_PIPELINE_ARTIFACTS/audits/legacy_benchmark_current/public_fresh_ai_year_candidates_public_fresh_full_rank201_225_ai25_live.csv,historical_attempt,2
243197,University of Puerto Rico-Mayaguez,public,http://www.uprm.edu/asuntosacademicos/wp-content/uploads/sites/45/2017/01/UndergradCatalog2012-2013.pdf,2012,2013,historical_url_evidence_materialization,historical_lead_input_url,imported_llm_candidate_lead,False,_quarantine/policy_scraper_artifacts_20260702/artifacts/AUDIT_TRAILS/policy_data_internal_existing/90_INTERNAL_PIPELINE_ARTIFACTS/audits/legacy_benchmark_current/public_fresh_ai_year_candidates_public_fresh_full_rank201_225_ai25_live.csv,historical_attempt,2
243197,University of Puerto Rico-Mayaguez,public,https://www.uprm.edu/asuntosacademicos/wp-content/uploads/sites/45/2024/03/UndergradCatalog2013-2014.pdf,2013,2014,historical_url_evidence_materialization,historical_lead_input_url,imported_llm_candidate_lead,False,_quarantine/policy_scraper_artifacts_20260702/artifacts/AUDIT_TRAILS/policy_data_internal_existing/90_INTERNAL_PIPELINE_ARTIFACTS/audits/legacy_benchmark_current/public_fresh_ai_year_candidates_public_fresh_full_rank201_225_ai25_live.csv,historical_attempt,2
243443,UNIVERSITY OF SACRED HEART,private,https://digitalcommons.sacredheart.edu/cgi/viewcontent.cgi?article=1017&context=g_cat,2002,2002,historical_url_evidence_materialization,legacy_input_url,validated_human_legacy,True,_quarantine/policy_scraper_artifacts_20260702/artifacts/policy_data_internal/interim/legacy_evidence_links.csv,historical_attempt,0
243443,UNIVERSITY OF SACRED HEART,private,https://digitalcommons.sacredheart.edu/cgi/viewcontent.cgi?article=1018&context=g_cat,2003,2003,historical_url_evidence_materialization,legacy_input_url,validated_human_legacy,True,_quarantine/policy_scraper_artifacts_20260702/artifacts/policy_data_internal/interim/legacy_evidence_links.csv,historical_attempt,0
243443,UNIVERSITY OF SACRED HEART,private,https://digitalcommons.sacredheart.edu/cgi/viewcontent.cgi?article=1019&context=g_cat,2004,2004,historical_url_evidence_materialization,legacy_input_url,validated_human_legacy,True,_quarantine/policy_scraper_artifacts_20260702/artifacts/policy_data_internal/interim/legacy_evidence_links.csv,historical_attempt,0
243443,University of Sacred Heart,private,https://digitalcommons.sacredheart.edu/cgi/viewcontent.cgi?article=1021&context=g_cat,2005,2005,historical_url_evidence_materialization,legacy_input_url,validated_human_legacy,True,_quarantine/policy_scraper_artifacts_20260702/artifacts/policy_data_internal/interim/legacy_evidence_links.csv,historical_attempt,0
243443,University of Sacred Heart,private,https://digitalcommons.sacredheart.edu/cgi/viewcontent.cgi?article=1022&context=g_cat,2006,2006,historical_url_evidence_materialization,legacy_input_url,validated_human_legacy,True,_quarantine/policy_scraper_artifacts_20260702/artifacts/policy_data_internal/interim/legacy_evidence_links.csv,historical_attempt,0
243443,University of Sacred Heart,private,https://digitalcommons.sacredheart.edu/cgi/viewcontent.cgi?article=1023&context=g_cat,2007,2007,historical_url_evidence_materialization,legacy_input_url,validated_human_legacy,True,_quarantine/policy_scraper_artifacts_20260702/artifacts/policy_data_internal/interim/legacy_evidence_links.csv,historical_attempt,0
243443,University of Sacred Heart,private,https://digitalcommons.sacredheart.edu/cgi/viewcontent.cgi?article=1024&context=g_cat,2009,2009,historical_url_evidence_materialization,legacy_input_url,validated_human_legacy,True,_quarantine/policy_scraper_artifacts_20260702/artifacts/policy_data_internal/interim/legacy_evidence_links.csv,historical_attempt,0
243443,University of Sacred Heart,private,https://digitalcommons.sacredheart.edu/cgi/viewcontent.cgi?article=1025&context=g_cat,2010,2010,historical_url_evidence_materialization,legacy_input_url,validated_human_legacy,True,_quarantine/policy_scraper_artifacts_20260702/artifacts/policy_data_internal/interim/legacy_evidence_links.csv,historical_attempt,0
243443,University of Sacred Heart,private,https://digitalcommons.sacredheart.edu/cgi/viewcontent.cgi?article=1026&context=g_cat,2011,2011,historical_url_evidence_materialization,legacy_input_url,validated_human_legacy,True,_quarantine/policy_scraper_artifacts_20260702/artifacts/policy_data_internal/interim/legacy_evidence_links.csv,historical_attempt,0
243443,University of Sacred Heart,private,https://digitalcommons.sacredheart.edu/cgi/viewcontent.cgi?article=1048&context=g_cat,2012,2012,historical_url_evidence_materialization,legacy_input_url,validated_human_legacy,True,_quarantine/policy_scraper_artifacts_20260702/artifacts/policy_data_internal/interim/legacy_evidence_links.csv,historical_attempt,0
243443,Universidad del Sagrado Corazon,private,https://digitalcommons.sacredheart.edu/cgi/viewcontent.cgi?article=1028&context=g_cat,2013,2013,historical_url_evidence_materialization,legacy_input_url,validated_human_legacy,True,_quarantine/policy_scraper_artifacts_20260702/artifacts/policy_data_internal/interim/legacy_evidence_links.csv,historical_attempt,0
243443,Universidad del Sagrado Corazon,private,https://digitalcommons.sacredheart.edu/cgi/viewcontent.cgi?article=1027&context=g_cat,2014,2014,historical_url_evidence_materialization,legacy_input_url,validated_human_legacy,True,_quarantine/policy_scraper_artifacts_20260702/artifacts/policy_data_internal/interim/legacy_evidence_links.csv,historical_attempt,0
243443,Universidad del Sagrado Corazon,private,https://digitalcommons.sacredheart.edu/cgi/viewcontent.cgi?article=1055&context=g_cat,2015,2015,historical_url_evidence_materialization,legacy_input_url,validated_human_legacy,True,_quarantine/policy_scraper_artifacts_20260702/artifacts/policy_data_internal/interim/legacy_evidence_links.csv,historical_attempt,0
243443,Universidad del Sagrado Corazon,private,https://digitalcommons.sacredheart.edu/cgi/viewcontent.cgi?article=1029&context=g_cat,2016,2016,historical_url_evidence_materialization,legacy_input_url,validated_human_legacy,True,_quarantine/policy_scraper_artifacts_20260702/artifacts/policy_data_internal/interim/legacy_evidence_links.csv,historical_attempt,0
366711,CALIFORNIA STATE UNIVERSITY-SAN MARCOS,public,https://www.csusm.edu/catalog/documents/2002-2004/02_04_catalog.pdf,2002,2004,historical_url_evidence_materialization,legacy_input_url,prior_programmatic,True,_quarantine/policy_scraper_artifacts_20260702/artifacts/PILOTS/url_discovery/audit_trails/url_discovery_pilot_batch_006_dev_001/source_review_log.csv,historical_discovery,1
366711,CALIFORNIA STATE UNIVERSITY-SAN MARCOS,public,https://www.csusm.edu/catalog/documents/2002-2004/02_04_catalog.pdf,2002,2004,historical_url_evidence_materialization,legacy_input_url,prior_programmatic,True,_quarantine/policy_scraper_artifacts_20260702/artifacts/PILOTS/url_discovery/audit_trails/url_discovery_pilot_batch_006_dev_001/source_review_log.csv,historical_discovery,1
366711,CALIFORNIA STATE UNIVERSITY-SAN MARCOS,public,https://www.csusm.edu/catalog/documents/2004-2006/04_06_catalog.pdf,2004,2006,historical_url_evidence_materialization,legacy_input_url,prior_programmatic,True,_quarantine/policy_scraper_artifacts_20260702/artifacts/PILOTS/url_discovery/audit_trails/url_discovery_pilot_batch_006_dev_001/source_review_log.csv,historical_discovery,1
366711,California State University-San Marcos,public,https://www.csusm.edu/catalog/documents/2004-2006/04_06_catalog.pdf,2004,2006,historical_url_evidence_materialization,legacy_input_url,prior_programmatic,True,_quarantine/policy_scraper_artifacts_20260702/artifacts/PILOTS/url_discovery/audit_trails/url_discovery_pilot_batch_006_dev_001/source_review_log.csv,historical_discovery,1
366711,California State University-San Marcos,public,https://www.csusm.edu/catalog/documents/2006-2008/06_08_catalog.pdf,2006,2008,historical_url_evidence_materialization,legacy_input_url,prior_programmatic,True,_quarantine/policy_scraper_artifacts_20260702/artifacts/PILOTS/url_discovery/audit_trails/url_discovery_pilot_batch_006_dev_001/source_review_log.csv,historical_discovery,1
366711,California State University-San Marcos,public,https://www.csusm.edu/catalog/documents/2006-2008/06_08_catalog.pdf,2006,2008,historical_url_evidence_materialization,legacy_input_url,prior_programmatic,True,_quarantine/policy_scraper_artifacts_20260702/artifacts/PILOTS/url_discovery/audit_trails/url_discovery_pilot_batch_006_dev_001/source_review_log.csv,historical_discovery,1
366711,California State University-San Marcos,public,https://www.csusm.edu/catalog/documents/2008-2010/csusm_catalogregchanges_fall2009.pdf,2008,2010,historical_url_evidence_materialization,legacy_input_url,prior_programmatic,True,_quarantine/policy_scraper_artifacts_20260702/artifacts/PILOTS/url_discovery/audit_trails/url_discovery_pilot_batch_006_dev_001/source_review_log.csv,historical_discovery,1
366711,California State University-San Marcos,public,https://www.csusm.edu/catalog/documents/2008-2010/csusm_catalogregchanges_fall2009.pdf,2008,2010,historical_url_evidence_materialization,legacy_input_url,prior_programmatic,True,_quarantine/policy_scraper_artifacts_20260702/artifacts/PILOTS/url_discovery/audit_trails/url_discovery_pilot_batch_006_dev_001/source_review_log.csv,historical_discovery,1
366711,California State University-San Marcos,public,https://www.csusm.edu/catalog/documents/2010-2012/csusmcatalog_2010-2012.pdf,2010,2012,historical_url_evidence_materialization,legacy_input_url,prior_programmatic,True,_quarantine/policy_scraper_artifacts_20260702/artifacts/PILOTS/url_discovery/audit_trails/url_discovery_pilot_batch_006_dev_001/source_review_log.csv,historical_discovery,1
366711,California State University-San Marcos,public,https://www.csusm.edu/catalog/documents/2010-2012/csusmcatalog_2010-2012.pdf,2010,2012,historical_url_evidence_materialization,legacy_input_url,prior_programmatic,True,_quarantine/policy_scraper_artifacts_20260702/artifacts/PILOTS/url_discovery/audit_trails/url_discovery_pilot_batch_006_dev_001/source_review_log.csv,historical_discovery,1
366711,California State University-San Marcos,public,https://www.csusm.edu/catalog/documents/2012-2014/csusm-2012-2014-catalog.pdf,2012,2014,historical_url_evidence_materialization,legacy_input_url,prior_programmatic,True,_quarantine/policy_scraper_artifacts_20260702/artifacts/PILOTS/url_discovery/audit_trails/url_discovery_pilot_batch_006_dev_001/source_review_log.csv,historical_discovery,1
366711,California State University-San Marcos,public,https://www.csusm.edu/catalog/documents/2012-2014/csusm-2012-2014-catalog.pdf,2012,2014,historical_url_evidence_materialization,legacy_input_url,prior_programmatic,True,_quarantine/policy_scraper_artifacts_20260702/artifacts/PILOTS/url_discovery/audit_trails/url_discovery_pilot_batch_006_dev_001/source_review_log.csv,historical_discovery,1
366711,California State University-San Marcos,public,https://www.csusm.edu/catalog/documents/2014-2016/csusm-2014-16-catalog.pdf,2014,2016,historical_url_evidence_materialization,legacy_input_url,prior_programmatic,True,_quarantine/policy_scraper_artifacts_20260702/artifacts/PILOTS/url_discovery/audit_trails/url_discovery_pilot_batch_006_dev_001/source_review_log.csv,historical_discovery,1
366711,California State University-San Marcos,public,https://www.csusm.edu/catalog/documents/2014-2016/csusm-2014-16-catalog.pdf,2014,2016,historical_url_evidence_materialization,legacy_input_url,prior_programmatic,True,_quarantine/policy_scraper_artifacts_20260702/artifacts/PILOTS/url_discovery/audit_trails/url_discovery_pilot_batch_006_dev_001/source_review_log.csv,historical_discovery,1
366711,California State University-San Marcos,public,https://catalog.csusm.edu/content.php?catoid=1&navoid=28#grading-system-and-policies,2016,2016,historical_url_evidence_materialization,legacy_input_url,validated_human_legacy,True,_quarantine/policy_scraper_artifacts_20260702/artifacts/policy_data_internal/interim/legacy_evidence_links.csv,historical_attempt,0
377564,University of Washington-Tacoma Campus,public,https://www.tacoma.uw.edu/sites/default/files/2020-10/07-08b_uwt_catalog_complete.pdf,2020,2021,historical_url_evidence_materialization,historical_lead_input_url,imported_llm_candidate_lead,False,_quarantine/policy_scraper_artifacts_20260702/artifacts/OLD_OUTPUT_ARCHIVES/policy_data_rebuild_archive_20260622_054122/outputs/step3_live_rebuilt_ledger/step3_suggestion_candidate_ledger.csv,historical_attempt,2
377564,University of Washington-Tacoma Campus,public,https://www.tacoma.uw.edu/sites/default/files/2020-10/08-09b_uwt_catalog_complete.pdf,2020,2021,historical_url_evidence_materialization,historical_lead_input_url,imported_llm_candidate_lead,False,_quarantine/policy_scraper_artifacts_20260702/artifacts/OLD_OUTPUT_ARCHIVES/policy_data_rebuild_archive_20260622_054122/outputs/step3_live_rebuilt_ledger/step3_suggestion_candidate_ledger.csv,historical_attempt,2
430810,NEW HAMPSHIRE INSTITUTE OF ART,private,https://www.nhti.edu/wp-content/uploads/2019/12/nhti0203.pdf,2019,2020,historical_url_evidence_materialization,historical_lead_input_url,imported_llm_candidate_lead,False,_quarantine/policy_scraper_artifacts_20260702/artifacts/OLD_OUTPUT_ARCHIVES/policy_data_rebuild_old/inputs/private_llm_suggestions.csv,historical_attempt,2
430810,NEW HAMPSHIRE INSTITUTE OF ART,private,https://www.nhti.edu/wp-content/uploads/2019/12/nhti0304.pdf,2019,2020,historical_url_evidence_materialization,historical_lead_input_url,imported_llm_candidate_lead,False,_quarantine/policy_scraper_artifacts_20260702/artifacts/OLD_OUTPUT_ARCHIVES/policy_data_rebuild_old/inputs/private_llm_suggestions.csv,historical_attempt,2
430810,NEW HAMPSHIRE INSTITUTE OF ART,private,https://www.nhti.edu/wp-content/uploads/2019/12/nhti0405.pdf,2019,2020,historical_url_evidence_materialization,historical_lead_input_url,imported_llm_candidate_lead,False,_quarantine/policy_scraper_artifacts_20260702/artifacts/OLD_OUTPUT_ARCHIVES/policy_data_rebuild_old/inputs/private_llm_suggestions.csv,historical_attempt,2
430810,New Hampshire Institute of Art,private,https://www.nhti.edu/wp-content/uploads/2019/12/nhti0607.pdf,2019,2020,historical_url_evidence_materialization,historical_lead_input_url,imported_llm_candidate_lead,False,_quarantine/policy_scraper_artifacts_20260702/artifacts/OLD_OUTPUT_ARCHIVES/policy_data_rebuild_old/inputs/private_llm_suggestions.csv,historical_attempt,2
430810,New Hampshire Institute of Art,private,https://www.nhti.edu/wp-content/uploads/2019/12/nhti0708.pdf,2019,2020,historical_url_evidence_materialization,historical_lead_input_url,imported_llm_candidate_lead,False,_quarantine/policy_scraper_artifacts_20260702/artifacts/OLD_OUTPUT_ARCHIVES/policy_data_rebuild_old/inputs/private_llm_suggestions.csv,historical_attempt,2
430810,New Hampshire Institute of Art,private,https://www.nhti.edu/wp-content/uploads/2019/12/nhti0809.pdf,2019,2020,historical_url_evidence_materialization,historical_lead_input_url,imported_llm_candidate_lead,False,_quarantine/policy_scraper_artifacts_20260702/artifacts/OLD_OUTPUT_ARCHIVES/policy_data_rebuild_old/inputs/private_llm_suggestions.csv,historical_attempt,2
430810,New Hampshire Institute of Art,private,https://www.nhti.edu/wp-content/uploads/2019/12/nhti0910.pdf,2019,2020,historical_url_evidence_materialization,historical_lead_input_url,imported_llm_candidate_lead,False,_quarantine/policy_scraper_artifacts_20260702/artifacts/OLD_OUTPUT_ARCHIVES/policy_data_rebuild_old/inputs/private_llm_suggestions.csv,historical_attempt,2
430810,New Hampshire Institute of Art,private,https://www.nhti.edu/wp-content/uploads/2019/12/nhti1011.pdf,2019,2020,historical_url_evidence_materialization,historical_lead_input_url,imported_llm_candidate_lead,False,_quarantine/policy_scraper_artifacts_20260702/artifacts/OLD_OUTPUT_ARCHIVES/policy_data_rebuild_old/inputs/private_llm_suggestions.csv,historical_attempt,2
430810,New Hampshire Institute of Art,private,https://www.nhti.edu/wp-content/uploads/2019/12/nhti1112.pdf,2019,2020,historical_url_evidence_materialization,historical_lead_input_url,imported_llm_candidate_lead,False,_quarantine/policy_scraper_artifacts_20260702/artifacts/OLD_OUTPUT_ARCHIVES/policy_data_rebuild_old/inputs/private_llm_suggestions.csv,historical_attempt,2
430810,New Hampshire Institute of Art,private,https://www.nhti.edu/wp-content/uploads/2019/12/nhti1213.pdf,2019,2020,historical_url_evidence_materialization,historical_lead_input_url,imported_llm_candidate_lead,False,_quarantine/policy_scraper_artifacts_20260702/artifacts/OLD_OUTPUT_ARCHIVES/policy_data_rebuild_old/inputs/private_llm_suggestions.csv,historical_attempt,2
447689,Georgia Gwinnett College,public,https://catalog.ggc.edu/content.php?catoid=1&navoid=13,2016,2016,historical_url_evidence_materialization,legacy_input_url,prior_programmatic,True,_quarantine/policy_scraper_artifacts_20260702/artifacts/PILOTS/url_discovery/audit_trails/url_discovery_pilot_batch_012_dev_007/source_review_log.csv,historical_discovery,1
482936,Florida Polytechnic University,public,https://catalog.floridapoly.edu/index.php?catoid=5,2015,2015,historical_url_evidence_materialization,legacy_input_url,prior_programmatic,True,_quarantine/policy_scraper_artifacts_20260702/artifacts/PILOTS/url_discovery/audit_trails/url_discovery_pilot_batch_011_dev_006/source_review_log.csv,historical_discovery,1
482936,Florida Polytechnic University,public,https://catalog.floridapoly.edu/index.php?catoid=7,2016,2016,historical_url_evidence_materialization,legacy_input_url,prior_programmatic,True,_quarantine/policy_scraper_artifacts_20260702/artifacts/PILOTS/url_discovery/audit_trails/url_discovery_pilot_batch_011_dev_006/source_review_log.csv,historical_discovery,1
